ota_hotel_id,master_id,room_name,rg_hash,count_rg_hash,allotment,bedding_type,beds,bedding_data,multi_bed_data,capacity,price_rub_min,price_rub_max,url
klubnyij_kvartal_apartments,9081992,Студия,7002,2,1,,,"[""nobedding""]",,1,3500.00,3500.00,https://ostrovok.ru/hotel/russia/western_siberia_irkutsk_oblast_multi/mid9081992/klubnyij_kvartal_apartments
klubnyij_kvartal_apartments,9081992,Апартаменты,6002,2,6,,,"[""nobedding""]",,1,4100.00,4100.00,https://ostrovok.ru/hotel/russia/western_siberia_irkutsk_oblast_multi/mid9081992/klubnyij_kvartal_apartments
klubnyij_kvartal_apartments,9081992,Люкс,5002,2,1,,,"[""nobedding""]",,1,5700.00,5700.00,https://ostrovok.ru/hotel/russia/western_siberia_irkutsk_oblast_multi/mid9081992/klubnyij_kvartal_apartments
taiga_2,6923154,Двухместный номер Standard с видом на город (двуспальная кровать),32023020005,2,35,двуспальная кровать,"[""двуспальная кровать""]","[""double""]","[{""bed"": ""double"", ""count"": 1}]",2,5531.00,6469.00,https://ostrovok.ru/hotel/russia/western_siberia_irkutsk_oblast_multi/mid6923154/taiga_2
taiga_2,6923154,Номер Superior с видом на город,35020000005,2,29,,,"[""nobedding""]",,1,6660.00,7598.00,https://ostrovok.ru/hotel/russia/western_siberia_irkutsk_oblast_multi/mid6923154/taiga_2
taiga_2,6923154,Апартаменты с красивым видом из окна (джакузи),6002000000U,2,1,,,"[""nobedding""]",,1,16029.00,16967.00,https://ostrovok.ru/hotel/russia/western_siberia_irkutsk_oblast_multi/mid6923154/taiga_2
tajga_hotel,9767827,Одноместный номер Стандартный с видом на внутренний двор,32020010006,4,1,,,"[""nobedding""]",,1,5200.00,5680.00,https://ostrovok.ru/hotel/russia/western_siberia_irkutsk_oblast_multi/mid9767827/tajga_hotel
tajga_hotel,9767827,Двухместный номер Стандартный с видом на внутренний двор (двуспальная кровать),32023020006,4,3,двуспальная кровать,"[""двуспальная кровать""]","[""double""]","[{""bed"": ""double"", ""count"": 1}]",2,6000.00,6400.00,https://ostrovok.ru/hotel/russia/western_siberia_irkutsk_oblast_multi/mid9767827/tajga_hotel
tajga_hotel,9767827,Двухместный Джуниор Сюит Плюс (двуспальная кровать) (диван),4402302,4,2,двуспальная кровать,"[""двуспальная кровать""]","[""double""]","[{""bed"": ""double"", ""count"": 1}]",2,7800.00,8020.00,https://ostrovok.ru/hotel/russia/western_siberia_irkutsk_oblast_multi/mid9767827/tajga_hotel
tajga_hotel,9767827,Двухместный Джуниор Сюит Дизайнерский с видом на город (двуспальная кровать) (кровать king size),4B023020005,4,1,двуспальная кровать,"[""двуспальная кровать""]","[""double""]","[{""bed"": ""double"", ""count"": 1}]",2,10000.00,10200.00,https://ostrovok.ru/hotel/russia/western_siberia_irkutsk_oblast_multi/mid9767827/tajga_hotel
irkutsk_city_center,13384478,Двухместный номер Делюкс (2 отдельные кровати),3602402,4,8,2 отдельные кровати,"[""2 отдельные кровати""]","[""twin""]","[{""bed"": ""single"", ""count"": 2}]",2,6600.00,7600.00,https://ostrovok.ru/hotel/russia/western_siberia_irkutsk_oblast_multi/mid13384478/irkutsk_city_center
irkutsk_city_center,13384478,Двухместный номер Делюкс (двуспальная кровать) (кровать king size),3602302,4,5,двуспальная кровать,"[""двуспальная кровать""]","[""double""]","[{""bed"": ""double"", ""count"": 1}]",2,7200.00,8200.00,https://ostrovok.ru/hotel/russia/western_siberia_irkutsk_oblast_multi/mid13384478/irkutsk_city_center
irkutsk_city_center,13384478,Двухместный номер Бизнес Делюкс (двуспальная кровать) (кровать king size),3602312,4,21,двуспальная кровать,"[""двуспальная кровать""]","[""double""]","[{""bed"": ""double"", ""count"": 1}]",2,8200.00,9200.00,https://ostrovok.ru/hotel/russia/western_siberia_irkutsk_oblast_multi/mid13384478/irkutsk_city_center
irkutsk_city_center,13384478,Двухместный номер Бизнес Делюкс (2 отдельные кровати),3602412,4,9,2 отдельные кровати,"[""2 отдельные кровати""]","[""twin""]","[{""bed"": ""single"", ""count"": 2}]",2,9500.00,10500.00,https://ostrovok.ru/hotel/russia/western_siberia_irkutsk_oblast_multi/mid13384478/irkutsk_city_center
lyuks_hotel_4,10613305,Двухместный номер Standard (двуспальная кровать) (кровать queen size),3202302,2,1,двуспальная кровать,"[""двуспальная кровать""]","[""double""]","[{""bed"": ""double"", ""count"": 1}]",2,2473.00,2500.00,https://ostrovok.ru/hotel/russia/western_siberia_irkutsk_oblast_multi/mid10613305/lyuks_hotel_4
lyuks_hotel_4,10613305,Двухместный номер Standard (2 отдельные кровати),3202402,2,1,2 отдельные кровати,"[""2 отдельные кровати""]","[""twin""]","[{""bed"": ""single"", ""count"": 2}]",2,2968.00,3000.00,https://ostrovok.ru/hotel/russia/western_siberia_irkutsk_oblast_multi/mid10613305/lyuks_hotel_4
evropa_hotel,7828771,Одноместный номер Standard,3202001,6,1,,,"[""nobedding""]",,1,5400.00,7800.00,https://ostrovok.ru/hotel/russia/western_siberia_irkutsk_oblast_multi/mid7828771/evropa_hotel
evropa_hotel,7828771,Двухместный номер Standard (двуспальная кровать),3202302,6,1,двуспальная кровать,"[""двуспальная кровать""]","[""double""]","[{""bed"": ""double"", ""count"": 1}]",2,5760.00,8200.00,https://ostrovok.ru/hotel/russia/western_siberia_irkutsk_oblast_multi/mid7828771/evropa_hotel
evropa_hotel,7828771,Двухместный номер Standard (2 отдельные кровати),3202402,6,1,2 отдельные кровати,"[""2 отдельные кровати""]","[""twin""]","[{""bed"": ""single"", ""count"": 2}]",2,5760.00,8200.00,https://ostrovok.ru/hotel/russia/western_siberia_irkutsk_oblast_multi/mid7828771/evropa_hotel
evropa_hotel,7828771,Одноместный номер Economy,3102001,6,1,,,"[""nobedding""]",,1,6000.00,7800.00,https://ostrovok.ru/hotel/russia/western_siberia_irkutsk_oblast_multi/mid7828771/evropa_hotel
evropa_hotel,7828771,Одноместный номер Superior,3502001,6,8,,,"[""nobedding""]",,1,7000.00,8800.00,https://ostrovok.ru/hotel/russia/western_siberia_irkutsk_oblast_multi/mid7828771/evropa_hotel
evropa_hotel,7828771,Двухместный номер Superior (двуспальная кровать),3502302,6,4,двуспальная кровать,"[""двуспальная кровать""]","[""double""]","[{""bed"": ""double"", ""count"": 1}]",2,7500.00,9300.00,https://ostrovok.ru/hotel/russia/western_siberia_irkutsk_oblast_multi/mid7828771/evropa_hotel
evropa_hotel,7828771,Двухместный номер Superior (2 отдельные кровати),3502402,6,4,2 отдельные кровати,"[""2 отдельные кровати""]","[""twin""]","[{""bed"": ""single"", ""count"": 2}]",2,7500.00,9300.00,https://ostrovok.ru/hotel/russia/western_siberia_irkutsk_oblast_multi/mid7828771/evropa_hotel
otel_irkut,8348721,Одноместный номер Standard,3202001,2,2,,,"[""nobedding""]",,1,3350.00,3350.00,https://ostrovok.ru/hotel/russia/western_siberia_irkutsk_oblast_multi/mid8348721/otel_irkut
otel_irkut,8348721,Одноместный номер Superior,3502001,2,1,,,"[""nobedding""]",,1,4050.00,4050.00,https://ostrovok.ru/hotel/russia/western_siberia_irkutsk_oblast_multi/mid8348721/otel_irkut
otel_irkut,8348721,Двухместный номер Standard (2 отдельные кровати),3202402,2,8,2 отдельные кровати,"[""2 отдельные кровати""]","[""twin""]","[{""bed"": ""single"", ""count"": 2}]",2,4200.00,4200.00,https://ostrovok.ru/hotel/russia/western_siberia_irkutsk_oblast_multi/mid8348721/otel_irkut
otel_irkut,8348721,Двухместный номер Superior (двуспальная кровать),3502302,2,2,двуспальная кровать,"[""двуспальная кровать""]","[""double""]","[{""bed"": ""double"", ""count"": 1}]",2,4200.00,4200.00,https://ostrovok.ru/hotel/russia/western_siberia_irkutsk_oblast_multi/mid8348721/otel_irkut
otel_irkut,8348721,Двухместный номер Superior (2 отдельные кровати),3502402,2,5,2 отдельные кровати,"[""2 отдельные кровати""]","[""twin""]","[{""bed"": ""single"", ""count"": 2}]",2,4200.00,4200.00,https://ostrovok.ru/hotel/russia/western_siberia_irkutsk_oblast_multi/mid8348721/otel_irkut
otel_irkut,8348721,Двухместный номер Standard (двуспальная кровать),3202302,2,2,двуспальная кровать,"[""двуспальная кровать""]","[""double""]","[{""bed"": ""double"", ""count"": 1}]",2,4200.00,4200.00,https://ostrovok.ru/hotel/russia/western_siberia_irkutsk_oblast_multi/mid8348721/otel_irkut
otel_irkut,8348721,Двухместный номер Standard Premium (двуспальная кровать),3A02302,2,1,двуспальная кровать,"[""двуспальная кровать""]","[""double""]","[{""bed"": ""double"", ""count"": 1}]",2,6800.00,6800.00,https://ostrovok.ru/hotel/russia/western_siberia_irkutsk_oblast_multi/mid8348721/otel_irkut
hotel_olkhonhill,10219118,Двухместный номер Standard с балконом и с красивым видом из окна (2 отдельные кровати),3202402001U,1,13,2 отдельные кровати,"[""2 отдельные кровати""]","[""twin""]","[{""bed"": ""single"", ""count"": 2}]",2,6500.00,6500.00,https://ostrovok.ru/hotel/russia/western_siberia_irkutsk_oblast_multi/mid10219118/hotel_olkhonhill
hotel_olkhonhill,10219118,Двухместный номер Standard с красивым видом из окна (двуспальная кровать) (кровать king size),3202302000U,1,1,двуспальная кровать,"[""двуспальная кровать""]","[""double""]","[{""bed"": ""double"", ""count"": 1}]",2,9000.00,9000.00,https://ostrovok.ru/hotel/russia/western_siberia_irkutsk_oblast_multi/mid10219118/hotel_olkhonhill
victory_hotel_4,8457230,Двухместный номер Стандартный (двуспальная кровать),3202302,4,6,двуспальная кровать,"[""двуспальная кровать""]","[""double""]","[{""bed"": ""double"", ""count"": 1}]",2,3900.00,5700.00,https://ostrovok.ru/hotel/russia/western_siberia_irkutsk_oblast_multi/mid8457230/victory_hotel_4
victory_hotel_4,8457230,Двухместный номер Стандартный (2 отдельные кровати),3202402,4,6,2 отдельные кровати,"[""2 отдельные кровати""]","[""twin""]","[{""bed"": ""single"", ""count"": 2}]",2,3900.00,5700.00,https://ostrovok.ru/hotel/russia/western_siberia_irkutsk_oblast_multi/mid8457230/victory_hotel_4
victory_hotel_4,8457230,Двухместный номер Стандартный Улучшенный (2 отдельные кровати),3502402,4,7,2 отдельные кровати,"[""2 отдельные кровати""]","[""twin""]","[{""bed"": ""single"", ""count"": 2}]",2,4300.00,6100.00,https://ostrovok.ru/hotel/russia/western_siberia_irkutsk_oblast_multi/mid8457230/victory_hotel_4
victory_hotel_4,8457230,Двухместный номер Стандартный Улучшенный (двуспальная кровать),3502302,4,7,двуспальная кровать,"[""двуспальная кровать""]","[""double""]","[{""bed"": ""double"", ""count"": 1}]",2,4300.00,6100.00,https://ostrovok.ru/hotel/russia/western_siberia_irkutsk_oblast_multi/mid8457230/victory_hotel_4
baza_otdykha_gostiny_dvor_vdokhnovenie,10438999,Двухместный номер Standard (2 отдельные кровати),3202402,1,4,2 отдельные кровати,"[""2 отдельные кровати""]","[""twin""]","[{""bed"": ""single"", ""count"": 2}]",2,6000.00,6000.00,https://ostrovok.ru/hotel/russia/western_siberia_irkutsk_oblast_multi/mid10438999/baza_otdykha_gostiny_dvor_vdokhnovenie
hotel_nuur_hotel,13174758,Номер Standard (двуспальная кровать),3202302,4,2,двуспальная кровать,"[""двуспальная кровать""]","[""double""]","[{""bed"": ""double"", ""count"": 1}]",2,7800.00,8300.00,https://ostrovok.ru/hotel/russia/western_siberia_irkutsk_oblast_multi/mid13174758/hotel_nuur_hotel
hotel_nuur_hotel,13174758,Номер Standard (2 отдельные кровати),3202402,4,2,2 отдельные кровати,"[""2 отдельные кровати""]","[""twin""]","[{""bed"": ""single"", ""count"": 2}]",2,7800.00,8300.00,https://ostrovok.ru/hotel/russia/western_siberia_irkutsk_oblast_multi/mid13174758/hotel_nuur_hotel
hotel_nuur_hotel,13174758,Двухместный Джуниор Сюит (двуспальная кровать),4002302,4,1,двуспальная кровать,"[""двуспальная кровать""]","[""double""]","[{""bed"": ""double"", ""count"": 1}]",2,8900.00,9400.00,https://ostrovok.ru/hotel/russia/western_siberia_irkutsk_oblast_multi/mid13174758/hotel_nuur_hotel
hotel_nuur_hotel,13174758,Двухместный Джуниор Сюит (2 отдельные кровати),4002402,4,1,2 отдельные кровати,"[""2 отдельные кровати""]","[""twin""]","[{""bed"": ""single"", ""count"": 2}]",2,8900.00,9400.00,https://ostrovok.ru/hotel/russia/western_siberia_irkutsk_oblast_multi/mid13174758/hotel_nuur_hotel
hotel_nuur_hotel,13174758,Двухместные апартаменты с видом на город (двуспальная кровать) (кровать king size),60023020005,4,1,двуспальная кровать,"[""двуспальная кровать""]","[""double""]","[{""bed"": ""double"", ""count"": 1}]",2,11000.00,12000.00,https://ostrovok.ru/hotel/russia/western_siberia_irkutsk_oblast_multi/mid13174758/hotel_nuur_hotel
rus_hotel_irkutsk,7774831,Одноместный номер Standard (односпальная кровать),3202201,3,14,односпальная кровать,"[""односпальная кровать""]","[""nobedding""]","[{""bed"": ""single"", ""count"": 1}]",1,3640.00,4600.00,https://ostrovok.ru/hotel/russia/western_siberia_irkutsk_oblast_multi/mid7774831/rus_hotel_irkutsk
rus_hotel_irkutsk,7774831,Двухместный номер Comfort (2 отдельные кровати),3302402,3,8,2 отдельные кровати,"[""2 отдельные кровати""]","[""twin""]","[{""bed"": ""single"", ""count"": 2}]",2,4827.00,6100.00,https://ostrovok.ru/hotel/russia/western_siberia_irkutsk_oblast_multi/mid7774831/rus_hotel_irkutsk
rus_hotel_irkutsk,7774831,Двухместный номер Comfort (двуспальная кровать),3302302,3,8,двуспальная кровать,"[""двуспальная кровать""]","[""double""]","[{""bed"": ""double"", ""count"": 1}]",2,4827.00,6100.00,https://ostrovok.ru/hotel/russia/western_siberia_irkutsk_oblast_multi/mid7774831/rus_hotel_irkutsk
rus_hotel_irkutsk,7774831,Двухместный номер Deluxe с видом на город (двуспальная кровать) (диван),36023020005,3,3,двуспальная кровать,"[""двуспальная кровать""]","[""double""]","[{""bed"": ""double"", ""count"": 1}]",2,5618.00,7100.00,https://ostrovok.ru/hotel/russia/western_siberia_irkutsk_oblast_multi/mid7774831/rus_hotel_irkutsk
rus_hotel_irkutsk,7774831,Двухместный люкс с видом на внутренний двор (двуспальная кровать),50023020006,2,1,двуспальная кровать,"[""двуспальная кровать""]","[""double""]","[{""bed"": ""double"", ""count"": 1}]",2,7814.00,7900.00,https://ostrovok.ru/hotel/russia/western_siberia_irkutsk_oblast_multi/mid7774831/rus_hotel_irkutsk
archi_apt_apartments,10211904,Двухместный номер Economy Дуплекс с видом на город (двуспальная кровать),310230200052,2,1,двуспальная кровать,"[""двуспальная кровать""]","[""double""]","[{""bed"": ""double"", ""count"": 1}]",2,3608.00,3648.00,https://ostrovok.ru/hotel/russia/western_siberia_irkutsk_oblast_multi/mid10211904/archi_apt_apartments
archi_apt_apartments,10211904,Семейный номер Standard с 2 комнатами с красивым видом из окна,3202010020U,2,1,,,"[""nobedding""]",,3,6825.00,6900.00,https://ostrovok.ru/hotel/russia/western_siberia_irkutsk_oblast_multi/mid10211904/archi_apt_apartments
azimut_aeroport_irkutsk_hotel,13317260,Одноместный номер Standard,3202001,4,1,,,"[""nobedding""]",,1,7000.00,7850.00,https://ostrovok.ru/hotel/russia/western_siberia_irkutsk_oblast_multi/mid13317260/azimut_aeroport_irkutsk_hotel
azimut_aeroport_irkutsk_hotel,13317260,Двухместный номер Standard (двуспальная кровать),3202302,4,3,двуспальная кровать,"[""двуспальная кровать""]","[""double""]","[{""bed"": ""double"", ""count"": 1}]",2,7500.00,8350.00,https://ostrovok.ru/hotel/russia/western_siberia_irkutsk_oblast_multi/mid13317260/azimut_aeroport_irkutsk_hotel
azimut_aeroport_irkutsk_hotel,13317260,Двухместный номер Standard (2 отдельные кровати),3202402,4,30,2 отдельные кровати,"[""2 отдельные кровати""]","[""twin""]","[{""bed"": ""single"", ""count"": 2}]",2,7500.00,8350.00,https://ostrovok.ru/hotel/russia/western_siberia_irkutsk_oblast_multi/mid13317260/azimut_aeroport_irkutsk_hotel
azimut_aeroport_irkutsk_hotel,13317260,Двухместный номер Стандарт для людей с ограниченными возможностями с видом на город (двуспальная кровать) (для гостей с ограниченными возможностями),3I023020005,4,3,двуспальная кровать,"[""двуспальная кровать""]","[""double""]","[{""bed"": ""double"", ""count"": 1}]",2,7500.00,8350.00,https://ostrovok.ru/hotel/russia/western_siberia_irkutsk_oblast_multi/mid13317260/azimut_aeroport_irkutsk_hotel
azimut_aeroport_irkutsk_hotel,13317260,Двухместный номер Superior с красивым видом из окна (двуспальная кровать),3502302000U,4,5,двуспальная кровать,"[""двуспальная кровать""]","[""double""]","[{""bed"": ""double"", ""count"": 1}]",2,8200.00,9050.00,https://ostrovok.ru/hotel/russia/western_siberia_irkutsk_oblast_multi/mid13317260/azimut_aeroport_irkutsk_hotel
azimut_aeroport_irkutsk_hotel,13317260,Двухместный люкс (2 отдельные кровати) (диван),5002402,4,2,2 отдельные кровати,"[""2 отдельные кровати""]","[""sofa-bed""]","[{""bed"": ""single"", ""count"": 2}]",2,14000.00,14850.00,https://ostrovok.ru/hotel/russia/western_siberia_irkutsk_oblast_multi/mid13317260/azimut_aeroport_irkutsk_hotel
azimut_aeroport_irkutsk_hotel,13317260,Двухместный люкс (двуспальная кровать) (диван),5002302,4,2,двуспальная кровать,"[""двуспальная кровать""]","[""double""]","[{""bed"": ""double"", ""count"": 1}]",2,14000.00,14850.00,https://ostrovok.ru/hotel/russia/western_siberia_irkutsk_oblast_multi/mid13317260/azimut_aeroport_irkutsk_hotel
hotel_nikola_2,8748287,Двухместный номер Standard с видом на город (двуспальная кровать),32023020005,2,1,двуспальная кровать,"[""двуспальная кровать""]","[""double""]","[{""bed"": ""double"", ""count"": 1}]",2,7706.00,7800.00,https://ostrovok.ru/hotel/russia/western_siberia_irkutsk_oblast_multi/mid8748287/hotel_nikola_2
hotel_nikola_2,8748287,Двухместный полулюкс с красивым видом из окна (2 отдельные кровати),4002402000U,2,2,2 отдельные кровати,"[""2 отдельные кровати""]","[""twin""]","[{""bed"": ""single"", ""count"": 2}]",2,13732.00,13900.00,https://ostrovok.ru/hotel/russia/western_siberia_irkutsk_oblast_multi/mid8748287/hotel_nikola_2
hotel_nikola_2,8748287,Двухместный полулюкс с красивым видом из окна (двуспальная кровать),4002302000U,2,2,двуспальная кровать,"[""двуспальная кровать""]","[""double""]","[{""bed"": ""double"", ""count"": 1}]",2,13732.00,13900.00,https://ostrovok.ru/hotel/russia/western_siberia_irkutsk_oblast_multi/mid8748287/hotel_nikola_2
hotel_nikola_2,8748287,Двухместный люкс с балконом и с красивым видом из окна (2 отдельные кровати) (диван),5002402001U,2,1,2 отдельные кровати,"[""2 отдельные кровати""]","[""sofa-bed""]","[{""bed"": ""single"", ""count"": 2}]",2,16202.00,16400.00,https://ostrovok.ru/hotel/russia/western_siberia_irkutsk_oblast_multi/mid8748287/hotel_nikola_2
hotel_nikola_2,8748287,Двухместный люкс с балконом и с красивым видом из окна (двуспальная кровать) (диван),5002302001U,2,1,двуспальная кровать,"[""двуспальная кровать""]","[""double""]","[{""bed"": ""double"", ""count"": 1}]",2,16202.00,16400.00,https://ostrovok.ru/hotel/russia/western_siberia_irkutsk_oblast_multi/mid8748287/hotel_nikola_2
hotel_nikola_2,8748287,Двухместный полулюкс Premium с видом на озеро (2 отдельные кровати),4A02402000D,2,1,2 отдельные кровати,"[""2 отдельные кровати""]","[""twin""]","[{""bed"": ""single"", ""count"": 2}]",2,19265.00,19500.00,https://ostrovok.ru/hotel/russia/western_siberia_irkutsk_oblast_multi/mid8748287/hotel_nikola_2
baikal_business_center_hotel,7827545,Одноместный номер Standard,3202001,4,2,,,"[""nobedding""]",,1,5400.00,6700.00,https://ostrovok.ru/hotel/russia/western_siberia_irkutsk_oblast_multi/mid7827545/baikal_business_center_hotel
baikal_business_center_hotel,7827545,Двухместный номер Standard (двуспальная кровать),3202302,4,2,двуспальная кровать,"[""двуспальная кровать""]","[""double""]","[{""bed"": ""double"", ""count"": 1}]",2,6900.00,8200.00,https://ostrovok.ru/hotel/russia/western_siberia_irkutsk_oblast_multi/mid7827545/baikal_business_center_hotel
baikal_business_center_hotel,7827545,Двухместный номер Standard (2 отдельные кровати),3202402,4,2,2 отдельные кровати,"[""2 отдельные кровати""]","[""twin""]","[{""bed"": ""single"", ""count"": 2}]",2,6900.00,8200.00,https://ostrovok.ru/hotel/russia/western_siberia_irkutsk_oblast_multi/mid7827545/baikal_business_center_hotel
baikal_business_center_hotel,7827545,Двухместный номер Superior (двуспальная кровать) (кровать queen size),3502302,4,2,двуспальная кровать,"[""двуспальная кровать""]","[""double""]","[{""bed"": ""double"", ""count"": 1}]",2,6900.00,8200.00,https://ostrovok.ru/hotel/russia/western_siberia_irkutsk_oblast_multi/mid7827545/baikal_business_center_hotel
baikal_business_center_hotel,7827545,Двухместный люкс (двуспальная кровать) (кровать queen size),5002302,4,1,двуспальная кровать,"[""двуспальная кровать""]","[""double""]","[{""bed"": ""double"", ""count"": 1}]",2,16900.00,18200.00,https://ostrovok.ru/hotel/russia/western_siberia_irkutsk_oblast_multi/mid7827545/baikal_business_center_hotel
tikhaya_gavan_4,9989818,Двухместный номер Standard (двуспальная кровать),3202302,2,1,двуспальная кровать,"[""двуспальная кровать""]","[""double""]","[{""bed"": ""double"", ""count"": 1}]",2,5500.00,5582.00,https://ostrovok.ru/hotel/russia/western_siberia_irkutsk_oblast_multi/mid9989818/tikhaya_gavan_4
vozdushnaya_gavan,8059310,Двухместный номер Standard (2 отдельные кровати),3202402,2,31,2 отдельные кровати,"[""2 отдельные кровати""]","[""twin""]","[{""bed"": ""single"", ""count"": 2}]",2,5341.00,5400.00,https://ostrovok.ru/hotel/russia/western_siberia_irkutsk_oblast_multi/mid8059310/vozdushnaya_gavan
miniotel_good_hotel,10013559,Двухместный номер Standard (общая ванная комната) (2 отдельные кровати),3201402,1,2,2 отдельные кровати,"[""2 отдельные кровати""]","[""twin""]","[{""bed"": ""single"", ""count"": 2}]",2,2200.00,2200.00,https://ostrovok.ru/hotel/russia/western_siberia_irkutsk_oblast_multi/mid10013559/miniotel_good_hotel
miniotel_good_hotel,10013559,Трёхместный семейный номер Standard (общая ванная комната),3201013,1,1,,,"[""nobedding""]",,3,2200.00,2200.00,https://ostrovok.ru/hotel/russia/western_siberia_irkutsk_oblast_multi/mid10013559/miniotel_good_hotel
miniotel_good_hotel,10013559,Двухместный номер Superior с красивым видом из окна (двуспальная кровать),3502302000U,1,1,двуспальная кровать,"[""двуспальная кровать""]","[""double""]","[{""bed"": ""double"", ""count"": 1}]",2,2700.00,2700.00,https://ostrovok.ru/hotel/russia/western_siberia_irkutsk_oblast_multi/mid10013559/miniotel_good_hotel
hotel_nataly_2,7776564,Люкс с красивым видом из окна,5002000000U,1,1,,,"[""nobedding""]",,1,7000.00,7000.00,https://ostrovok.ru/hotel/russia/western_siberia_irkutsk_oblast_multi/mid7776564/hotel_nataly_2
hotel_nataly_2,7776564,Апартаменты с 2 комнатами,600200002,1,2,,,"[""nobedding""]",,1,7000.00,7000.00,https://ostrovok.ru/hotel/russia/western_siberia_irkutsk_oblast_multi/mid7776564/hotel_nataly_2
grand_baikal,8481257,Двухместный номер Standard с красивым видом из окна (2 отдельные кровати),3202402000U,2,5,2 отдельные кровати,"[""2 отдельные кровати""]","[""twin""]","[{""bed"": ""single"", ""count"": 2}]",2,5737.00,6825.00,https://ostrovok.ru/hotel/russia/western_siberia_irkutsk_oblast_multi/mid8481257/grand_baikal
grand_baikal,8481257,Двухместный номер Standard с красивым видом из окна (двуспальная кровать),3202302000U,2,5,двуспальная кровать,"[""двуспальная кровать""]","[""double""]","[{""bed"": ""double"", ""count"": 1}]",2,5737.00,6825.00,https://ostrovok.ru/hotel/russia/western_siberia_irkutsk_oblast_multi/mid8481257/grand_baikal
grand_baikal,8481257,Двухместный люкс с 2 комнатами с красивым видом из окна (двуспальная кровать),5002302020U,2,1,двуспальная кровать,"[""двуспальная кровать""]","[""double""]","[{""bed"": ""double"", ""count"": 1}]",2,10188.00,11276.00,https://ostrovok.ru/hotel/russia/western_siberia_irkutsk_oblast_multi/mid8481257/grand_baikal
praskovya_guest_house,9999816,Двухместный номер Economy (общая ванная комната) (2 отдельные кровати) (без окна),3101402,4,1,2 отдельные кровати,"[""2 отдельные кровати""]","[""twin""]","[{""bed"": ""single"", ""count"": 2}]",2,1781.00,2330.00,https://ostrovok.ru/hotel/russia/western_siberia_irkutsk_oblast_multi/mid9999816/praskovya_guest_house
praskovya_guest_house,9999816,Кровать в общем номере (общая ванная комната) (3 кровати),1001,6,2,,,"[""nobedding""]",,1,1781.00,5704.00,https://ostrovok.ru/hotel/russia/western_siberia_irkutsk_oblast_multi/mid9999816/praskovya_guest_house
praskovya_guest_house,9999816,Одноместный номер Standard,3202001,4,1,,,"[""nobedding""]",,1,3562.00,4221.00,https://ostrovok.ru/hotel/russia/western_siberia_irkutsk_oblast_multi/mid9999816/praskovya_guest_house
praskovya_guest_house,9999816,Двухместный люкс (двуспальная кровать),5002302,2,1,двуспальная кровать,"[""двуспальная кровать""]","[""double""]","[{""bed"": ""double"", ""count"": 1}]",2,4947.00,5000.00,https://ostrovok.ru/hotel/russia/western_siberia_irkutsk_oblast_multi/mid9999816/praskovya_guest_house
empire_hotel_3,7829344,Одноместный номер Классик М Мансарда,310200100004,2,1,,,"[""nobedding""]",,1,5100.00,5100.00,https://ostrovok.ru/hotel/russia/western_siberia_irkutsk_oblast_multi/mid7829344/empire_hotel_3
empire_hotel_3,7829344,Одноместный номер Классик,3B02001,2,1,,,"[""nobedding""]",,1,5300.00,5300.00,https://ostrovok.ru/hotel/russia/western_siberia_irkutsk_oblast_multi/mid7829344/empire_hotel_3
empire_hotel_3,7829344,Одноместный номер Комфорт,3302001,2,1,,,"[""nobedding""]",,1,5800.00,5800.00,https://ostrovok.ru/hotel/russia/western_siberia_irkutsk_oblast_multi/mid7829344/empire_hotel_3
empire_hotel_3,7829344,Двухместный номер Бизнес М Мансарда (2 отдельные кровати),370240200004,2,1,2 отдельные кровати,"[""2 отдельные кровати""]","[""twin""]","[{""bed"": ""single"", ""count"": 2}]",2,6000.00,6000.00,https://ostrovok.ru/hotel/russia/western_siberia_irkutsk_oblast_multi/mid7829344/empire_hotel_3
empire_hotel_3,7829344,Двухместный номер Бизнес М Мансарда (двуспальная кровать),370230200004,2,1,двуспальная кровать,"[""двуспальная кровать""]","[""double""]","[{""bed"": ""double"", ""count"": 1}]",2,6000.00,6000.00,https://ostrovok.ru/hotel/russia/western_siberia_irkutsk_oblast_multi/mid7829344/empire_hotel_3
empire_hotel_3,7829344,Двухместный номер Улучшенный Бизнес (2 отдельные кровати),3402402,2,1,2 отдельные кровати,"[""2 отдельные кровати""]","[""twin""]","[{""bed"": ""single"", ""count"": 2}]",2,6300.00,6300.00,https://ostrovok.ru/hotel/russia/western_siberia_irkutsk_oblast_multi/mid7829344/empire_hotel_3
empire_hotel_3,7829344,Двухместный номер Улучшенный Бизнес (двуспальная кровать),3402302,2,1,двуспальная кровать,"[""двуспальная кровать""]","[""double""]","[{""bed"": ""double"", ""count"": 1}]",2,6300.00,6300.00,https://ostrovok.ru/hotel/russia/western_siberia_irkutsk_oblast_multi/mid7829344/empire_hotel_3
empire_hotel_3,7829344,Двухместный номер Улучшенный Гранд (двуспальная кровать),3D02302,2,1,двуспальная кровать,"[""двуспальная кровать""]","[""double""]","[{""bed"": ""double"", ""count"": 1}]",2,6800.00,6800.00,https://ostrovok.ru/hotel/russia/western_siberia_irkutsk_oblast_multi/mid7829344/empire_hotel_3
empire_hotel_3,7829344,Двухместный номер Улучшенный Гранд (2 отдельные кровати),3D02402,2,1,2 отдельные кровати,"[""2 отдельные кровати""]","[""twin""]","[{""bed"": ""single"", ""count"": 2}]",2,6800.00,6800.00,https://ostrovok.ru/hotel/russia/western_siberia_irkutsk_oblast_multi/mid7829344/empire_hotel_3
empire_hotel_3,7829344,Двухместный джуниор сьюит (двуспальная кровать),4002302,2,1,двуспальная кровать,"[""двуспальная кровать""]","[""double""]","[{""bed"": ""double"", ""count"": 1}]",2,9500.00,9500.00,https://ostrovok.ru/hotel/russia/western_siberia_irkutsk_oblast_multi/mid7829344/empire_hotel_3
hotel_harats_inn,13752679,Двухместный номер Economy (двуспальная кровать),3102302,2,1,двуспальная кровать,"[""двуспальная кровать""]","[""double""]","[{""bed"": ""double"", ""count"": 1}]",2,4352.00,4400.00,https://ostrovok.ru/hotel/russia/western_siberia_irkutsk_oblast_multi/mid13752679/hotel_harats_inn
hotel_harats_inn,13752679,Двухместный номер Standard (двуспальная кровать),3202302,2,4,двуспальная кровать,"[""двуспальная кровать""]","[""double""]","[{""bed"": ""double"", ""count"": 1}]",2,5440.00,5500.00,https://ostrovok.ru/hotel/russia/western_siberia_irkutsk_oblast_multi/mid13752679/hotel_harats_inn
hotel_harats_inn,13752679,Двухместный номер Comfort (двуспальная кровать),3302302,2,2,двуспальная кровать,"[""двуспальная кровать""]","[""double""]","[{""bed"": ""double"", ""count"": 1}]",2,6528.00,6600.00,https://ostrovok.ru/hotel/russia/western_siberia_irkutsk_oblast_multi/mid13752679/hotel_harats_inn
hotel_harats_inn,13752679,Двухместный люкс (двуспальная кровать),5002302,2,1,двуспальная кровать,"[""двуспальная кровать""]","[""double""]","[{""bed"": ""double"", ""count"": 1}]",2,7616.00,7700.00,https://ostrovok.ru/hotel/russia/western_siberia_irkutsk_oblast_multi/mid13752679/hotel_harats_inn
minihotel_albatros,6481029,Четырёхместный номер Economy,3102004,5,1,,,"[""nobedding""]",,4,2900.00,3400.00,https://ostrovok.ru/hotel/russia/western_siberia_irkutsk_oblast_multi/mid6481029/minihotel_albatros
minihotel_albatros,6481029,Трёхместный номер Economy,3102003,4,1,,,"[""nobedding""]",,3,2900.00,3400.00,https://ostrovok.ru/hotel/russia/western_siberia_irkutsk_oblast_multi/mid6481029/minihotel_albatros
minihotel_albatros,6481029,Трёхместный номер Standard,3202003,2,1,,,"[""nobedding""]",,3,2900.00,3300.00,https://ostrovok.ru/hotel/russia/western_siberia_irkutsk_oblast_multi/mid6481029/minihotel_albatros
minihotel_albatros,6481029,Двухместный номер Standard (двуспальная кровать) (тип кровати может измениться),3202302,5,3,двуспальная кровать,"[""двуспальная кровать""]","[""double""]","[{""bed"": ""double"", ""count"": 1}]",2,3200.00,3700.00,https://ostrovok.ru/hotel/russia/western_siberia_irkutsk_oblast_multi/mid6481029/minihotel_albatros
angara_hotel,7806182,Одноместный номер Стандарт,3202001,4,5,,,"[""nobedding""]",,1,5250.00,5500.00,https://ostrovok.ru/hotel/russia/western_siberia_irkutsk_oblast_multi/mid7806182/angara_hotel
angara_hotel,7806182,Одноместный номер Стандарт +,3402001,4,10,,,"[""nobedding""]",,1,5750.00,6000.00,https://ostrovok.ru/hotel/russia/western_siberia_irkutsk_oblast_multi/mid7806182/angara_hotel
angara_hotel,7806182,Двухместный номер Стандарт (2 отдельные кровати),3202402,4,15,2 отдельные кровати,"[""2 отдельные кровати""]","[""twin""]","[{""bed"": ""single"", ""count"": 2}]",2,6050.00,7100.00,https://ostrovok.ru/hotel/russia/western_siberia_irkutsk_oblast_multi/mid7806182/angara_hotel
angara_hotel,7806182,Двухместный номер Стандарт + (2 отдельные кровати),3402402,4,23,2 отдельные кровати,"[""2 отдельные кровати""]","[""twin""]","[{""bed"": ""single"", ""count"": 2}]",2,6650.00,6900.00,https://ostrovok.ru/hotel/russia/western_siberia_irkutsk_oblast_multi/mid7806182/angara_hotel
angara_hotel,7806182,Двухместный номер Стандарт + (двуспальная кровать),3402302,4,11,двуспальная кровать,"[""двуспальная кровать""]","[""double""]","[{""bed"": ""double"", ""count"": 1}]",2,6650.00,6900.00,https://ostrovok.ru/hotel/russia/western_siberia_irkutsk_oblast_multi/mid7806182/angara_hotel
angara_hotel,7806182,Двухместный Джуниор Сюит (двуспальная кровать) (кровать queen size),4002302,4,5,двуспальная кровать,"[""двуспальная кровать""]","[""double""]","[{""bed"": ""double"", ""count"": 1}]",2,8850.00,9100.00,https://ostrovok.ru/hotel/russia/western_siberia_irkutsk_oblast_multi/mid7806182/angara_hotel
angara_hotel,7806182,Двухместный люкс (двуспальная кровать) (кровать queen size),5002302,4,1,двуспальная кровать,"[""двуспальная кровать""]","[""double""]","[{""bed"": ""double"", ""count"": 1}]",2,9850.00,10100.00,https://ostrovok.ru/hotel/russia/western_siberia_irkutsk_oblast_multi/mid7806182/angara_hotel
yakovlev_hotel,8742012,Трёхместный семейный номер Standard,3202013,4,1,,,"[""nobedding""]",,3,4645.00,5875.00,https://ostrovok.ru/hotel/russia/western_siberia_irkutsk_oblast_multi/mid8742012/yakovlev_hotel
hotel_premium_hotel_pushkin,13310309,Двухместный номер Делюкс с красивым видом из окна (двуспальная кровать),3602302000U,2,4,двуспальная кровать,"[""двуспальная кровать""]","[""double""]","[{""bed"": ""double"", ""count"": 1}]",2,18000.00,18000.00,https://ostrovok.ru/hotel/russia/western_siberia_irkutsk_oblast_multi/mid13310309/hotel_premium_hotel_pushkin
hotel_premium_hotel_pushkin,13310309,Двухместный номер Гранд Делюкс с видом на внутренний двор (двуспальная кровать),3D023020006,2,7,двуспальная кровать,"[""двуспальная кровать""]","[""double""]","[{""bed"": ""double"", ""count"": 1}]",2,21000.00,21000.00,https://ostrovok.ru/hotel/russia/western_siberia_irkutsk_oblast_multi/mid13310309/hotel_premium_hotel_pushkin
hotel_premium_hotel_pushkin,13310309,Двухместный люкс Президентский с красивым видом из окна (двуспальная кровать),5902302000U,2,2,двуспальная кровать,"[""двуспальная кровать""]","[""double""]","[{""bed"": ""double"", ""count"": 1}]",2,48000.00,48000.00,https://ostrovok.ru/hotel/russia/western_siberia_irkutsk_oblast_multi/mid13310309/hotel_premium_hotel_pushkin
baikal_forest_hotel,9825031,Двухместный номер Grand Deluxe (двуспальная кровать) (тип кровати может измениться),3D02302,3,3,двуспальная кровать,"[""двуспальная кровать""]","[""double""]","[{""bed"": ""double"", ""count"": 1}]",2,6274.00,6420.00,https://ostrovok.ru/hotel/russia/western_siberia_irkutsk_oblast_multi/mid9825031/baikal_forest_hotel
baikal_forest_hotel,9825031,Двухместный номер Grand Deluxe (2 отдельные кровати),3D02402,2,3,2 отдельные кровати,"[""2 отдельные кровати""]","[""twin""]","[{""bed"": ""single"", ""count"": 2}]",2,6350.00,6420.00,https://ostrovok.ru/hotel/russia/western_siberia_irkutsk_oblast_multi/mid9825031/baikal_forest_hotel
baikal_forest_hotel,9825031,Двухместный Suite Business (двуспальная кровать) (диван),9402302,4,1,двуспальная кровать,"[""двуспальная кровать""]","[""double""]","[{""bed"": ""double"", ""count"": 1}]",2,9891.00,10960.00,https://ostrovok.ru/hotel/russia/western_siberia_irkutsk_oblast_multi/mid9825031/baikal_forest_hotel
baykal_shale_guest_house,13431413,Двухместный номер Standard c 1 комнатой с красивым видом из окна (двуспальная кровать),3202302010U,2,1,двуспальная кровать,"[""двуспальная кровать""]","[""double""]","[{""bed"": ""double"", ""count"": 1}]",2,5194.00,5250.00,https://ostrovok.ru/hotel/russia/western_siberia_irkutsk_oblast_multi/mid13431413/baykal_shale_guest_house
baykal_shale_guest_house,13431413,Двухместный номер Standard с балконом и с видом на озеро (2 отдельные кровати),3202402001D,2,2,2 отдельные кровати,"[""2 отдельные кровати""]","[""twin""]","[{""bed"": ""single"", ""count"": 2}]",2,5194.00,5250.00,https://ostrovok.ru/hotel/russia/western_siberia_irkutsk_oblast_multi/mid13431413/baykal_shale_guest_house
baykal_shale_guest_house,13431413,Двухместный номер Standard с балконом и с видом на озеро (двуспальная кровать),3202302001D,2,2,двуспальная кровать,"[""двуспальная кровать""]","[""double""]","[{""bed"": ""double"", ""count"": 1}]",2,5194.00,5250.00,https://ostrovok.ru/hotel/russia/western_siberia_irkutsk_oblast_multi/mid13431413/baykal_shale_guest_house
baykal_shale_guest_house,13431413,Трёхместный номер Superior с балконом и с красивым видом из окна,3502003001U,2,1,,,"[""nobedding""]",,3,7916.00,8000.00,https://ostrovok.ru/hotel/russia/western_siberia_irkutsk_oblast_multi/mid13431413/baykal_shale_guest_house
hotel_anastasiya_2,13164685,Одноместный номер Standard с красивым видом из окна,3202001000U,4,1,,,"[""nobedding""]",,1,9100.00,10780.00,https://ostrovok.ru/hotel/russia/western_siberia_irkutsk_oblast_multi/mid13164685/hotel_anastasiya_2
hotel_anastasiya_2,13164685,Одноместный номер Standard с балконом и с красивым видом из окна,3202001001U,4,1,,,"[""nobedding""]",,1,9500.00,10500.00,https://ostrovok.ru/hotel/russia/western_siberia_irkutsk_oblast_multi/mid13164685/hotel_anastasiya_2
hotel_anastasiya_2,13164685,Двухместный номер Standard (двуспальная кровать),3202302,4,1,двуспальная кровать,"[""двуспальная кровать""]","[""double""]","[{""bed"": ""double"", ""count"": 1}]",2,12700.00,14380.00,https://ostrovok.ru/hotel/russia/western_siberia_irkutsk_oblast_multi/mid13164685/hotel_anastasiya_2
hotel_anastasiya_2,13164685,Двухместный номер Standard (2 отдельные кровати),3202402,4,1,2 отдельные кровати,"[""2 отдельные кровати""]","[""twin""]","[{""bed"": ""single"", ""count"": 2}]",2,12700.00,14380.00,https://ostrovok.ru/hotel/russia/western_siberia_irkutsk_oblast_multi/mid13164685/hotel_anastasiya_2
hotel_anastasiya_2,13164685,Двухместный номер Standard с красивым видом из окна (двуспальная кровать),3202302000U,4,2,двуспальная кровать,"[""двуспальная кровать""]","[""double""]","[{""bed"": ""double"", ""count"": 1}]",2,13500.00,15180.00,https://ostrovok.ru/hotel/russia/western_siberia_irkutsk_oblast_multi/mid13164685/hotel_anastasiya_2
hotel_anastasiya_2,13164685,Двухместный номер Standard с красивым видом из окна (2 отдельные кровати),3202402000U,4,2,2 отдельные кровати,"[""2 отдельные кровати""]","[""twin""]","[{""bed"": ""single"", ""count"": 2}]",2,13500.00,15180.00,https://ostrovok.ru/hotel/russia/western_siberia_irkutsk_oblast_multi/mid13164685/hotel_anastasiya_2
hotel_anastasiya_2,13164685,Двухместный номер Standard с балконом (2 отдельные кровати),3202402001,4,3,2 отдельные кровати,"[""2 отдельные кровати""]","[""twin""]","[{""bed"": ""single"", ""count"": 2}]",2,13700.00,15380.00,https://ostrovok.ru/hotel/russia/western_siberia_irkutsk_oblast_multi/mid13164685/hotel_anastasiya_2
hotel_anastasiya_2,13164685,Двухместный номер Standard с балконом (двуспальная кровать),3202302001,4,3,двуспальная кровать,"[""двуспальная кровать""]","[""double""]","[{""bed"": ""double"", ""count"": 1}]",2,13700.00,15380.00,https://ostrovok.ru/hotel/russia/western_siberia_irkutsk_oblast_multi/mid13164685/hotel_anastasiya_2
hotel_anastasiya_2,13164685,Двухместный номер Superior с балконом и с видом на озеро (2 отдельные кровати),3502402001D,4,2,2 отдельные кровати,"[""2 отдельные кровати""]","[""twin""]","[{""bed"": ""single"", ""count"": 2}]",2,14900.00,16580.00,https://ostrovok.ru/hotel/russia/western_siberia_irkutsk_oblast_multi/mid13164685/hotel_anastasiya_2
hotel_anastasiya_2,13164685,Двухместный полулюкс с 2 комнатами с балконом и с видом на озеро (двуспальная кровать),4002302021D,4,1,двуспальная кровать,"[""двуспальная кровать""]","[""double""]","[{""bed"": ""double"", ""count"": 1}]",2,17900.00,19580.00,https://ostrovok.ru/hotel/russia/western_siberia_irkutsk_oblast_multi/mid13164685/hotel_anastasiya_2
the_sky_of_lake_baikal,13459275,Двухместный номер Standard рядом с пляжем (общая ванная комната) (2 отдельные кровати),3201402000V,2,2,2 отдельные кровати,"[""2 отдельные кровати""]","[""twin""]","[{""bed"": ""single"", ""count"": 2}]",2,3958.00,4000.00,https://ostrovok.ru/hotel/russia/western_siberia_irkutsk_oblast_multi/mid13459275/the_sky_of_lake_baikal
guest_house_baykaliya,13428580,Двухместный номер Standard (двуспальная кровать) (диван),3202302,2,1,двуспальная кровать,"[""двуспальная кровать""]","[""double""]","[{""bed"": ""double"", ""count"": 1}]",2,7421.00,7500.00,https://ostrovok.ru/hotel/russia/western_siberia_irkutsk_oblast_multi/mid13428580/guest_house_baykaliya
izumrud_hotel_7,13287135,Двухместный полулюкс c 1 комнатой (двуспальная кровать),400230201,2,2,двуспальная кровать,"[""двуспальная кровать""]","[""double""]","[{""bed"": ""double"", ""count"": 1}]",2,3463.00,3500.00,https://ostrovok.ru/hotel/russia/western_siberia_irkutsk_oblast_multi/mid13287135/izumrud_hotel_7
izumrud_hotel_7,13287135,Номер Standard,3202,2,3,,,"[""nobedding""]",,1,3707.00,4243.00,https://ostrovok.ru/hotel/russia/western_siberia_irkutsk_oblast_multi/mid13287135/izumrud_hotel_7
izumrud_hotel_7,13287135,Двухместный люкс c 1 комнатой (двуспальная кровать),500230201,2,2,двуспальная кровать,"[""двуспальная кровать""]","[""double""]","[{""bed"": ""double"", ""count"": 1}]",2,4947.00,5000.00,https://ostrovok.ru/hotel/russia/western_siberia_irkutsk_oblast_multi/mid13287135/izumrud_hotel_7
izumrud_hotel_7,13287135,Номер Superior,3502,2,3,,,"[""nobedding""]",,1,5296.00,5820.00,https://ostrovok.ru/hotel/russia/western_siberia_irkutsk_oblast_multi/mid13287135/izumrud_hotel_7
gostevoj_dom_na_zvezdinskoj,6827039,Двухместный номер Standard (2 отдельные кровати) (тип кровати может измениться),3202402,2,13,2 отдельные кровати,"[""2 отдельные кровати""]","[""twin""]","[{""bed"": ""single"", ""count"": 2}]",2,3787.00,3825.00,https://ostrovok.ru/hotel/russia/western_siberia_irkutsk_oblast_multi/mid6827039/gostevoj_dom_na_zvezdinskoj
gostevoj_dom_na_zvezdinskoj,6827039,Двухместный номер Standard (двуспальная кровать) (тип кровати может измениться),3202302,2,13,двуспальная кровать,"[""двуспальная кровать""]","[""double""]","[{""bed"": ""double"", ""count"": 1}]",2,3787.00,3825.00,https://ostrovok.ru/hotel/russia/western_siberia_irkutsk_oblast_multi/mid6827039/gostevoj_dom_na_zvezdinskoj
gostevoj_dom_na_zvezdinskoj,6827039,Трёхместный номер Standard,3202003,2,5,,,"[""nobedding""]",,3,4950.00,5000.00,https://ostrovok.ru/hotel/russia/western_siberia_irkutsk_oblast_multi/mid6827039/gostevoj_dom_na_zvezdinskoj
best_eastern_hotel_zvezda,7806155,Двухместный номер Стандартный (двуспальная кровать),3202302,2,2,двуспальная кровать,"[""двуспальная кровать""]","[""double""]","[{""bed"": ""double"", ""count"": 1}]",2,7613.00,7700.00,https://ostrovok.ru/hotel/russia/western_siberia_irkutsk_oblast_multi/mid7806155/best_eastern_hotel_zvezda
best_eastern_hotel_zvezda,7806155,Двухместный номер Стандартный (2 отдельные кровати),3202402,2,2,2 отдельные кровати,"[""2 отдельные кровати""]","[""twin""]","[{""bed"": ""single"", ""count"": 2}]",2,7613.00,7700.00,https://ostrovok.ru/hotel/russia/western_siberia_irkutsk_oblast_multi/mid7806155/best_eastern_hotel_zvezda
best_eastern_hotel_zvezda,7806155,Двухместный номер Классический (двуспальная кровать),3B02302,2,2,двуспальная кровать,"[""двуспальная кровать""]","[""double""]","[{""bed"": ""double"", ""count"": 1}]",2,7613.00,7700.00,https://ostrovok.ru/hotel/russia/western_siberia_irkutsk_oblast_multi/mid7806155/best_eastern_hotel_zvezda
best_eastern_hotel_zvezda,7806155,Двухместный Джуниор Сюит (двуспальная кровать),4002302,2,4,двуспальная кровать,"[""двуспальная кровать""]","[""double""]","[{""bed"": ""double"", ""count"": 1}]",2,12952.00,13100.00,https://ostrovok.ru/hotel/russia/western_siberia_irkutsk_oblast_multi/mid7806155/best_eastern_hotel_zvezda
best_eastern_hotel_zvezda,7806155,Двухместный люкс (двуспальная кровать),5002302,2,1,двуспальная кровать,"[""двуспальная кровать""]","[""double""]","[{""bed"": ""double"", ""count"": 1}]",2,17896.00,18100.00,https://ostrovok.ru/hotel/russia/western_siberia_irkutsk_oblast_multi/mid7806155/best_eastern_hotel_zvezda
best_eastern_hotel_zvezda,7806155,Двухместный люкс Президентский с балконом (двуспальная кровать),5902302001,2,1,двуспальная кровать,"[""двуспальная кровать""]","[""double""]","[{""bed"": ""double"", ""count"": 1}]",2,27387.00,27700.00,https://ostrovok.ru/hotel/russia/western_siberia_irkutsk_oblast_multi/mid7806155/best_eastern_hotel_zvezda
gostevoy_dom_sunrise,10485526,Семейный номер Classic,3B0201,2,1,,,"[""nobedding""]",,3,10389.00,10500.00,https://ostrovok.ru/hotel/russia/western_siberia_irkutsk_oblast_multi/mid10485526/gostevoy_dom_sunrise
history_boutiquehotel,9741097,Двухместный номер Классик с балконом (2 отдельные кровати),3B02402001,2,9,2 отдельные кровати,"[""2 отдельные кровати""]","[""twin""]","[{""bed"": ""single"", ""count"": 2}]",2,24438.75,25725.00,https://ostrovok.ru/hotel/russia/western_siberia_irkutsk_oblast_multi/mid9741097/history_boutiquehotel
history_boutiquehotel,9741097,Двухместный номер Классик с балконом (двуспальная кровать),3B02302001,2,9,двуспальная кровать,"[""двуспальная кровать""]","[""double""]","[{""bed"": ""double"", ""count"": 1}]",2,24438.75,25725.00,https://ostrovok.ru/hotel/russia/western_siberia_irkutsk_oblast_multi/mid9741097/history_boutiquehotel
history_boutiquehotel,9741097,Двухместный номер Комфорт с балконом (двуспальная кровать),3302302001,2,2,двуспальная кровать,"[""двуспальная кровать""]","[""double""]","[{""bed"": ""double"", ""count"": 1}]",2,26433.75,27825.00,https://ostrovok.ru/hotel/russia/western_siberia_irkutsk_oblast_multi/mid9741097/history_boutiquehotel
history_boutiquehotel,9741097,Двухместный номер Комфорт с балконом (2 отдельные кровати),3302402001,2,2,2 отдельные кровати,"[""2 отдельные кровати""]","[""twin""]","[{""bed"": ""single"", ""count"": 2}]",2,26433.75,27825.00,https://ostrovok.ru/hotel/russia/western_siberia_irkutsk_oblast_multi/mid9741097/history_boutiquehotel
history_boutiquehotel,9741097,Двухместный полулюкс Бизнес с балконом (двуспальная кровать) (кровать king size),4402302001,2,1,двуспальная кровать,"[""двуспальная кровать""]","[""double""]","[{""bed"": ""double"", ""count"": 1}]",2,30423.75,32025.00,https://ostrovok.ru/hotel/russia/western_siberia_irkutsk_oblast_multi/mid9741097/history_boutiquehotel
malinovka_3,9079016,Двухместный номер Economy с балконом и с видом на озеро (общая ванная комната) (2 отдельные кровати),3101402001D,1,1,2 отдельные кровати,"[""2 отдельные кровати""]","[""twin""]","[{""bed"": ""single"", ""count"": 2}]",2,3462.00,3462.00,https://ostrovok.ru/hotel/russia/western_siberia_irkutsk_oblast_multi/mid9079016/malinovka_3
malinovka_3,9079016,Двухместный номер Superior с видом на озеро (двуспальная кровать),3502302000D,1,1,двуспальная кровать,"[""двуспальная кровать""]","[""double""]","[{""bed"": ""double"", ""count"": 1}]",2,4945.00,4945.00,https://ostrovok.ru/hotel/russia/western_siberia_irkutsk_oblast_multi/mid9079016/malinovka_3
malinovka_3,9079016,Семейный номер Superior с балконом и с видом на озеро,3502010001D,1,1,,,"[""nobedding""]",,3,5934.00,5934.00,https://ostrovok.ru/hotel/russia/western_siberia_irkutsk_oblast_multi/mid9079016/malinovka_3
wind_lake_guest_house,13437748,Номер Superior с видом на город,35020000005,1,1,,,"[""nobedding""]",,1,14639.00,14639.00,https://ostrovok.ru/hotel/russia/western_siberia_irkutsk_oblast_multi/mid13437748/wind_lake_guest_house
wind_lake_guest_house,13437748,Семейный номер Superior с 2 комнатами с видом на город,35020100205,1,1,,,"[""nobedding""]",,3,23937.00,23937.00,https://ostrovok.ru/hotel/russia/western_siberia_irkutsk_oblast_multi/mid13437748/wind_lake_guest_house
wind_lake_guest_house,13437748,Люкс с видом на озеро,5002000000D,1,2,,,"[""nobedding""]",,1,29476.00,29476.00,https://ostrovok.ru/hotel/russia/western_siberia_irkutsk_oblast_multi/mid13437748/wind_lake_guest_house
olkhon_inn,10005431,Двухместный номер Economy (2 отдельные кровати),3102402,1,15,2 отдельные кровати,"[""2 отдельные кровати""]","[""twin""]","[{""bed"": ""single"", ""count"": 2}]",2,7600.00,7600.00,https://ostrovok.ru/hotel/russia/western_siberia_irkutsk_oblast_multi/mid10005431/olkhon_inn
olkhon_inn,10005431,Двухместный номер Standard (2 отдельные кровати),3202402,1,21,2 отдельные кровати,"[""2 отдельные кровати""]","[""twin""]","[{""bed"": ""single"", ""count"": 2}]",2,8550.00,8550.00,https://ostrovok.ru/hotel/russia/western_siberia_irkutsk_oblast_multi/mid10005431/olkhon_inn
mini_hotel_vizit,13384141,Семейный люкс,500201,2,1,,,"[""nobedding""]",,3,4947.00,5000.00,https://ostrovok.ru/hotel/russia/western_siberia_irkutsk_oblast_multi/mid13384141/mini_hotel_vizit
hotel_kurshavel_,6456691,Двухместный номер Standard (2 отдельные кровати),3202402,2,8,2 отдельные кровати,"[""2 отдельные кровати""]","[""twin""]","[{""bed"": ""single"", ""count"": 2}]",2,4000.00,4004.00,https://ostrovok.ru/hotel/russia/western_siberia_irkutsk_oblast_multi/mid6456691/hotel_kurshavel_
hotel_kurshavel_,6456691,Двухместный номер Standard (двуспальная кровать),3202302,2,2,двуспальная кровать,"[""двуспальная кровать""]","[""double""]","[{""bed"": ""double"", ""count"": 1}]",2,4000.00,4004.00,https://ostrovok.ru/hotel/russia/western_siberia_irkutsk_oblast_multi/mid6456691/hotel_kurshavel_
hotel_kurshavel_,6456691,Трёхместный номер Standard,3202003,2,2,,,"[""nobedding""]",,3,4500.00,4505.00,https://ostrovok.ru/hotel/russia/western_siberia_irkutsk_oblast_multi/mid6456691/hotel_kurshavel_
hotel_kurshavel_,6456691,Двухместный номер Superior (двуспальная кровать),3502302,2,1,двуспальная кровать,"[""двуспальная кровать""]","[""double""]","[{""bed"": ""double"", ""count"": 1}]",2,5000.00,5005.00,https://ostrovok.ru/hotel/russia/western_siberia_irkutsk_oblast_multi/mid6456691/hotel_kurshavel_
hotel_kurshavel_,6456691,Номер Standard с 2 комнатами,320200002,2,1,,,"[""nobedding""]",,1,6000.00,6007.00,https://ostrovok.ru/hotel/russia/western_siberia_irkutsk_oblast_multi/mid6456691/hotel_kurshavel_
kheyvitsa_guest_house,11169967,Одноместный номер Русская печка (односпальная кровать),3B02201,2,1,односпальная кровать,"[""односпальная кровать""]","[""nobedding""]","[{""bed"": ""single"", ""count"": 1}]",1,4650.00,4700.00,https://ostrovok.ru/hotel/russia/western_siberia_irkutsk_oblast_multi/mid11169967/kheyvitsa_guest_house
kheyvitsa_guest_house,11169967,Двухместный номер Прованс (двуспальная кровать),3802302,2,1,двуспальная кровать,"[""двуспальная кровать""]","[""double""]","[{""bed"": ""double"", ""count"": 1}]",2,5244.00,5300.00,https://ostrovok.ru/hotel/russia/western_siberia_irkutsk_oblast_multi/mid11169967/kheyvitsa_guest_house
kheyvitsa_guest_house,11169967,Двухместный номер Купеческий (двуспальная кровать) (кровать king size),3E02302,1,1,двуспальная кровать,"[""двуспальная кровать""]","[""double""]","[{""bed"": ""double"", ""count"": 1}]",2,5937.00,5937.00,https://ostrovok.ru/hotel/russia/western_siberia_irkutsk_oblast_multi/mid11169967/kheyvitsa_guest_house
kheyvitsa_guest_house,11169967,Двухместный номер Лазурный (двуспальная кровать),3402302,2,1,двуспальная кровать,"[""двуспальная кровать""]","[""double""]","[{""bed"": ""double"", ""count"": 1}]",2,5937.00,6000.00,https://ostrovok.ru/hotel/russia/western_siberia_irkutsk_oblast_multi/mid11169967/kheyvitsa_guest_house
otel_tsentral,8748836,Двухместный номер Standard (двуспальная кровать) (тип кровати может измениться),3202302,2,5,двуспальная кровать,"[""двуспальная кровать""]","[""double""]","[{""bed"": ""double"", ""count"": 1}]",2,8900.00,8900.00,https://ostrovok.ru/hotel/russia/western_siberia_irkutsk_oblast_multi/mid8748836/otel_tsentral
otel_tsentral,8748836,Двухместный номер Дизайнерский ретро (двуспальная кровать),3B02302,2,1,двуспальная кровать,"[""двуспальная кровать""]","[""double""]","[{""bed"": ""double"", ""count"": 1}]",2,8900.00,8900.00,https://ostrovok.ru/hotel/russia/western_siberia_irkutsk_oblast_multi/mid8748836/otel_tsentral
otel_tsentral,8748836,Двухместный номер Standard (2 отдельные кровати) (тип кровати может измениться),3202402,2,5,2 отдельные кровати,"[""2 отдельные кровати""]","[""twin""]","[{""bed"": ""single"", ""count"": 2}]",2,8900.00,8900.00,https://ostrovok.ru/hotel/russia/western_siberia_irkutsk_oblast_multi/mid8748836/otel_tsentral
otel_tsentral,8748836,Двухместный номер Superior (двуспальная кровать),3502302,2,6,двуспальная кровать,"[""двуспальная кровать""]","[""double""]","[{""bed"": ""double"", ""count"": 1}]",2,10000.00,10000.00,https://ostrovok.ru/hotel/russia/western_siberia_irkutsk_oblast_multi/mid8748836/otel_tsentral
otel_tsentral,8748836,Двухместный номер Superior (2 отдельные кровати),3502402,2,6,2 отдельные кровати,"[""2 отдельные кровати""]","[""twin""]","[{""bed"": ""single"", ""count"": 2}]",2,10000.00,10000.00,https://ostrovok.ru/hotel/russia/western_siberia_irkutsk_oblast_multi/mid8748836/otel_tsentral
larus,9828888,Двухместный номер Standard (2 отдельные кровати) (тип кровати может измениться),3202402,2,3,2 отдельные кровати,"[""2 отдельные кровати""]","[""twin""]","[{""bed"": ""single"", ""count"": 2}]",2,5214.00,6233.00,https://ostrovok.ru/hotel/russia/western_siberia_irkutsk_oblast_multi/mid9828888/larus
bajkal_severnoe_more_hotel,8526970,Двухместный номер Standard с видом на город (двуспальная кровать),32023020005,6,33,двуспальная кровать,"[""двуспальная кровать""]","[""double""]","[{""bed"": ""double"", ""count"": 1}]",2,6504.00,9680.00,https://ostrovok.ru/hotel/russia/western_siberia_irkutsk_oblast_multi/mid8526970/bajkal_severnoe_more_hotel
bajkal_severnoe_more_hotel,8526970,Двухместный номер Standard с видом на город (2 отдельные кровати),32024020005,6,33,2 отдельные кровати,"[""2 отдельные кровати""]","[""twin""]","[{""bed"": ""single"", ""count"": 2}]",2,6504.00,9680.00,https://ostrovok.ru/hotel/russia/western_siberia_irkutsk_oblast_multi/mid8526970/bajkal_severnoe_more_hotel
bajkal_severnoe_more_hotel,8526970,Номер Standard с балконом и с видом на город,32020000015,6,15,,,"[""nobedding""]",,1,7041.00,10230.00,https://ostrovok.ru/hotel/russia/western_siberia_irkutsk_oblast_multi/mid8526970/bajkal_severnoe_more_hotel
bajkal_severnoe_more_hotel,8526970,Двухместный номер Superior с видом на реку (2 отдельные кровати),3502402000N,6,14,2 отдельные кровати,"[""2 отдельные кровати""]","[""twin""]","[{""bed"": ""single"", ""count"": 2}]",2,7579.00,10780.00,https://ostrovok.ru/hotel/russia/western_siberia_irkutsk_oblast_multi/mid8526970/bajkal_severnoe_more_hotel
bajkal_severnoe_more_hotel,8526970,Полулюкс с видом на реку,4002000000N,6,1,,,"[""nobedding""]",,1,8116.00,11330.00,https://ostrovok.ru/hotel/russia/western_siberia_irkutsk_oblast_multi/mid8526970/bajkal_severnoe_more_hotel
bajkal_severnoe_more_hotel,8526970,Семейный люкс с видом на город,50020100005,6,1,,,"[""nobedding""]",,3,12524.00,15840.00,https://ostrovok.ru/hotel/russia/western_siberia_irkutsk_oblast_multi/mid8526970/bajkal_severnoe_more_hotel
bajkal_severnoe_more_hotel,8526970,Люкс Executive с видом на реку,5802000000N,6,4,,,"[""nobedding""]",,1,13599.00,16940.00,https://ostrovok.ru/hotel/russia/western_siberia_irkutsk_oblast_multi/mid8526970/bajkal_severnoe_more_hotel
bajkal_severnoe_more_hotel,8526970,Люкс Presidential с видом на реку,5902000000N,6,5,,,"[""nobedding""]",,1,14674.00,18040.00,https://ostrovok.ru/hotel/russia/western_siberia_irkutsk_oblast_multi/mid8526970/bajkal_severnoe_more_hotel
momant_house_recreation_camp,13350897,Двухместный номер Standard с балконом (двуспальная кровать) (кровать queen size),3202302001,1,1,двуспальная кровать,"[""двуспальная кровать""]","[""double""]","[{""bed"": ""double"", ""count"": 1}]",2,5937.00,5937.00,https://ostrovok.ru/hotel/russia/western_siberia_irkutsk_oblast_multi/mid13350897/momant_house_recreation_camp
hotel_flagman_olkhona,10019347,Двухместный номер Standard (двуспальная кровать),3202302,3,2,двуспальная кровать,"[""двуспальная кровать""]","[""double""]","[{""bed"": ""double"", ""count"": 1}]",2,12067.00,13800.00,https://ostrovok.ru/hotel/russia/western_siberia_irkutsk_oblast_multi/mid10019347/hotel_flagman_olkhona
hotel_flagman_olkhona,10019347,Двухместный номер Standard (2 отдельные кровати),3202402,3,2,2 отдельные кровати,"[""2 отдельные кровати""]","[""twin""]","[{""bed"": ""single"", ""count"": 2}]",2,12067.00,13800.00,https://ostrovok.ru/hotel/russia/western_siberia_irkutsk_oblast_multi/mid10019347/hotel_flagman_olkhona
hotel_flagman_olkhona,10019347,Двухместный номер Superior (2 отдельные кровати),3502402,3,4,2 отдельные кровати,"[""2 отдельные кровати""]","[""twin""]","[{""bed"": ""single"", ""count"": 2}]",2,13056.00,14800.00,https://ostrovok.ru/hotel/russia/western_siberia_irkutsk_oblast_multi/mid10019347/hotel_flagman_olkhona
hotel_flagman_olkhona,10019347,Двухместный номер Superior (двуспальная кровать),3502302,3,4,двуспальная кровать,"[""двуспальная кровать""]","[""double""]","[{""bed"": ""double"", ""count"": 1}]",2,13056.00,14800.00,https://ostrovok.ru/hotel/russia/western_siberia_irkutsk_oblast_multi/mid10019347/hotel_flagman_olkhona
hotel_flagman_olkhona,10019347,Трёхместный номер Superior,3502003,3,1,,,"[""nobedding""]",,3,17013.00,18800.00,https://ostrovok.ru/hotel/russia/western_siberia_irkutsk_oblast_multi/mid10019347/hotel_flagman_olkhona
dohodnyij_dom_listratvoj_butikhotel,9024017,Одноместный номер Standard,3202001,2,4,,,"[""nobedding""]",,1,5439.00,5439.00,https://ostrovok.ru/hotel/russia/western_siberia_irkutsk_oblast_multi/mid9024017/dohodnyij_dom_listratvoj_butikhotel
dohodnyij_dom_listratvoj_butikhotel,9024017,Двухместный номер Standard (2 отдельные кровати),3202402,2,1,2 отдельные кровати,"[""2 отдельные кровати""]","[""twin""]","[{""bed"": ""single"", ""count"": 2}]",2,6216.00,6216.00,https://ostrovok.ru/hotel/russia/western_siberia_irkutsk_oblast_multi/mid9024017/dohodnyij_dom_listratvoj_butikhotel
dohodnyij_dom_listratvoj_butikhotel,9024017,Двухместный номер Comfort (двуспальная кровать),3302302,2,1,двуспальная кровать,"[""двуспальная кровать""]","[""double""]","[{""bed"": ""double"", ""count"": 1}]",2,6660.00,6660.00,https://ostrovok.ru/hotel/russia/western_siberia_irkutsk_oblast_multi/mid9024017/dohodnyij_dom_listratvoj_butikhotel
dohodnyij_dom_listratvoj_butikhotel,9024017,Двухместный полулюкс (двуспальная кровать) (кровать king size),4002302,2,1,двуспальная кровать,"[""двуспальная кровать""]","[""double""]","[{""bed"": ""double"", ""count"": 1}]",2,7437.00,7437.00,https://ostrovok.ru/hotel/russia/western_siberia_irkutsk_oblast_multi/mid9024017/dohodnyij_dom_listratvoj_butikhotel
dohodnyij_dom_listratvoj_butikhotel,9024017,Двухместный люкс с 2 комнатами (двуспальная кровать) (диван),500230202,2,1,двуспальная кровать,"[""двуспальная кровать""]","[""double""]","[{""bed"": ""double"", ""count"": 1}]",2,8214.00,8214.00,https://ostrovok.ru/hotel/russia/western_siberia_irkutsk_oblast_multi/mid9024017/dohodnyij_dom_listratvoj_butikhotel
azatai_park_hotel,13757053,Двухместный номер Standard (двуспальная кровать),3202302,1,4,двуспальная кровать,"[""двуспальная кровать""]","[""double""]","[{""bed"": ""double"", ""count"": 1}]",2,14849.00,14849.00,https://ostrovok.ru/hotel/russia/western_siberia_irkutsk_oblast_multi/mid13757053/azatai_park_hotel
gostevoy_dom_briz_3,10622187,Двухместный номер Standard (2 отдельные кровати),3202402,1,8,2 отдельные кровати,"[""2 отдельные кровати""]","[""twin""]","[{""bed"": ""single"", ""count"": 2}]",2,4452.00,4452.00,https://ostrovok.ru/hotel/russia/western_siberia_irkutsk_oblast_multi/mid10622187/gostevoy_dom_briz_3
gostevoy_dom_briz_3,10622187,Трёхместный номер Economy с балконом,3102003001,1,3,,,"[""nobedding""]",,3,5442.00,5442.00,https://ostrovok.ru/hotel/russia/western_siberia_irkutsk_oblast_multi/mid10622187/gostevoy_dom_briz_3
montana_hostel,8746907,Капсула с красивым видом из окна (общая ванная комната),2201000000U,1,6,,,"[""nobedding""]",,1,800.00,800.00,https://ostrovok.ru/hotel/russia/western_siberia_irkutsk_oblast_multi/mid8746907/montana_hostel
montana_hostel,8746907,Кровать в общем номере (общая ванная комната) (4 кровати),1001,1,3,,,"[""nobedding""]",,1,1000.00,1000.00,https://ostrovok.ru/hotel/russia/western_siberia_irkutsk_oblast_multi/mid8746907/montana_hostel
miniotel_gostinitsa_nerpenok,10125589,Двухместный номер Standard с красивым видом из окна (двуспальная кровать),3202302000U,1,1,двуспальная кровать,"[""двуспальная кровать""]","[""double""]","[{""bed"": ""double"", ""count"": 1}]",2,6431.00,6431.00,https://ostrovok.ru/hotel/russia/western_siberia_irkutsk_oblast_multi/mid10125589/miniotel_gostinitsa_nerpenok
miniotel_gostinitsa_nerpenok,10125589,Двухместный номер Economy с красивым видом из окна (2 отдельные кровати),3102402000U,1,2,2 отдельные кровати,"[""2 отдельные кровати""]","[""twin""]","[{""bed"": ""single"", ""count"": 2}]",2,6431.00,6431.00,https://ostrovok.ru/hotel/russia/western_siberia_irkutsk_oblast_multi/mid10125589/miniotel_gostinitsa_nerpenok
miniotel_gostinitsa_nerpenok,10125589,Трёхместный номер Standard с красивым видом из окна,3202003000U,1,3,,,"[""nobedding""]",,3,7421.00,7421.00,https://ostrovok.ru/hotel/russia/western_siberia_irkutsk_oblast_multi/mid10125589/miniotel_gostinitsa_nerpenok
aura_baykala_guest_house,13647397,Номер Standard с балконом и с частичным видом на море,3202000001K,2,3,,,"[""nobedding""]",,1,5937.00,6000.00,https://ostrovok.ru/hotel/russia/western_siberia_irkutsk_oblast_multi/mid13647397/aura_baykala_guest_house
aura_baykala_guest_house,13647397,Полулюкс с балконом и с видом на озеро,4002000001D,2,3,,,"[""nobedding""]",,1,7421.00,7500.00,https://ostrovok.ru/hotel/russia/western_siberia_irkutsk_oblast_multi/mid13647397/aura_baykala_guest_house
lada_8,8878913,Номер Economy Мансарда с видом на озеро (общая ванная комната),3101000000D4,2,6,,,"[""nobedding""]",,1,4600.00,7000.00,https://ostrovok.ru/hotel/russia/western_siberia_irkutsk_oblast_multi/mid8878913/lada_8
lada_8,8878913,Трёхместный номер Economy (общая ванная комната),3101003,2,2,,,"[""nobedding""]",,3,4600.00,7000.00,https://ostrovok.ru/hotel/russia/western_siberia_irkutsk_oblast_multi/mid8878913/lada_8
lada_8,8878913,Одноместный номер Standard с видом на парк,3202001000I,2,1,,,"[""nobedding""]",,1,6500.00,9000.00,https://ostrovok.ru/hotel/russia/western_siberia_irkutsk_oblast_multi/mid8878913/lada_8
lada_8,8878913,Двухместный номер Standard с красивым видом из окна (2 отдельные кровати),3202402000U,2,2,2 отдельные кровати,"[""2 отдельные кровати""]","[""twin""]","[{""bed"": ""single"", ""count"": 2}]",2,6500.00,9000.00,https://ostrovok.ru/hotel/russia/western_siberia_irkutsk_oblast_multi/mid8878913/lada_8
nochleg_i_zavtrak_bb_shambala,10012287,Двухместный номер Standard с видом на озеро (2 отдельные кровати),3202402000D,1,3,2 отдельные кровати,"[""2 отдельные кровати""]","[""twin""]","[{""bed"": ""single"", ""count"": 2}]",2,12863.00,12863.00,https://ostrovok.ru/hotel/russia/western_siberia_irkutsk_oblast_multi/mid10012287/nochleg_i_zavtrak_bb_shambala
international_hotel_sayen,7384846,Двухместный номер Делюкс (двуспальная кровать),3602302,2,4,двуспальная кровать,"[""двуспальная кровать""]","[""double""]","[{""bed"": ""double"", ""count"": 1}]",2,20000.00,20000.00,https://ostrovok.ru/hotel/russia/western_siberia_irkutsk_oblast_multi/mid7384846/international_hotel_sayen
international_hotel_sayen,7384846,Двухместный номер Делюкс Бизнес (двуспальная кровать),3402302,2,4,двуспальная кровать,"[""двуспальная кровать""]","[""double""]","[{""bed"": ""double"", ""count"": 1}]",2,21800.00,21800.00,https://ostrovok.ru/hotel/russia/western_siberia_irkutsk_oblast_multi/mid7384846/international_hotel_sayen
international_hotel_sayen,7384846,Двухместная студия с балконом (двуспальная кровать),7002302001,2,4,двуспальная кровать,"[""двуспальная кровать""]","[""double""]","[{""bed"": ""double"", ""count"": 1}]",2,23300.00,23300.00,https://ostrovok.ru/hotel/russia/western_siberia_irkutsk_oblast_multi/mid7384846/international_hotel_sayen
international_hotel_sayen,7384846,Двухместный люкс с балконом (двуспальная кровать),5002302001,2,2,двуспальная кровать,"[""двуспальная кровать""]","[""double""]","[{""bed"": ""double"", ""count"": 1}]",2,31000.00,31000.00,https://ostrovok.ru/hotel/russia/western_siberia_irkutsk_oblast_multi/mid7384846/international_hotel_sayen
international_hotel_sayen,7384846,Двухместные апартаменты (двуспальная кровать),6002302,2,1,двуспальная кровать,"[""двуспальная кровать""]","[""double""]","[{""bed"": ""double"", ""count"": 1}]",2,51000.00,51000.00,https://ostrovok.ru/hotel/russia/western_siberia_irkutsk_oblast_multi/mid7384846/international_hotel_sayen
ibis_irkutsk_center,8734978,Двухместный номер Standard (двуспальная кровать),3202302,4,16,двуспальная кровать,"[""двуспальная кровать""]","[""double""]","[{""bed"": ""double"", ""count"": 1}]",2,6750.00,8000.00,https://ostrovok.ru/hotel/russia/western_siberia_irkutsk_oblast_multi/mid8734978/ibis_irkutsk_center
ibis_irkutsk_center,8734978,Двухместный номер Standard (2 отдельные кровати),3202402,2,36,2 отдельные кровати,"[""2 отдельные кровати""]","[""twin""]","[{""bed"": ""single"", ""count"": 2}]",2,6750.00,6750.00,https://ostrovok.ru/hotel/russia/western_siberia_irkutsk_oblast_multi/mid8734978/ibis_irkutsk_center
ibis_irkutsk_center,8734978,Двухместный номер Superior (2 отдельные кровати),3502402,2,2,2 отдельные кровати,"[""2 отдельные кровати""]","[""twin""]","[{""bed"": ""single"", ""count"": 2}]",2,8250.00,8250.00,https://ostrovok.ru/hotel/russia/western_siberia_irkutsk_oblast_multi/mid8734978/ibis_irkutsk_center
ibis_irkutsk_center,8734978,Двухместный номер Superior (двуспальная кровать),3502302,4,11,двуспальная кровать,"[""двуспальная кровать""]","[""double""]","[{""bed"": ""double"", ""count"": 1}]",2,8250.00,9500.00,https://ostrovok.ru/hotel/russia/western_siberia_irkutsk_oblast_multi/mid8734978/ibis_irkutsk_center
guesthouse_dudeevukh,10367494,Двухместный номер Standard (двуспальная кровать),3202302,1,1,двуспальная кровать,"[""двуспальная кровать""]","[""double""]","[{""bed"": ""double"", ""count"": 1}]",2,4037.00,4037.00,https://ostrovok.ru/hotel/russia/western_siberia_irkutsk_oblast_multi/mid10367494/guesthouse_dudeevukh
hotel_dacha_baikaleco,10010618,Бунгало,A002,1,2,,,"[""nobedding""]",,1,15000.00,15000.00,https://ostrovok.ru/hotel/russia/western_siberia_irkutsk_oblast_multi/mid10010618/hotel_dacha_baikaleco
hotel_dacha_baikaleco,10010618,Барнхаус,9002,1,1,,,"[""nobedding""]",,1,20000.00,20000.00,https://ostrovok.ru/hotel/russia/western_siberia_irkutsk_oblast_multi/mid10010618/hotel_dacha_baikaleco
baikalbabr,10008713,Четырёхместный номер Standard с видом на озеро (общая ванная комната),3201004000D,1,1,,,"[""nobedding""]",,4,10880.00,10880.00,https://ostrovok.ru/hotel/russia/western_siberia_irkutsk_oblast_multi/mid10008713/baikalbabr
baza_otdykha_olkhon,11256148,Трёхместный номер Standard,3202003,2,7,,,"[""nobedding""]",,3,5455.00,5500.00,https://ostrovok.ru/hotel/russia/western_siberia_irkutsk_oblast_multi/mid11256148/baza_otdykha_olkhon
baza_otdykha_olkhon,11256148,Трёхместный номер Superior,3502003,2,1,,,"[""nobedding""]",,3,5950.00,6000.00,https://ostrovok.ru/hotel/russia/western_siberia_irkutsk_oblast_multi/mid11256148/baza_otdykha_olkhon
burduguz_hotel_2,7829252,Двухместный Джуниор Сюит в новом здании с балконом (двуспальная кровать) (кровать king size),4002302001,1,2,двуспальная кровать,"[""двуспальная кровать""]","[""double""]","[{""bed"": ""double"", ""count"": 1}]",2,22525.00,22525.00,https://ostrovok.ru/hotel/russia/western_siberia_irkutsk_oblast_multi/mid7829252/burduguz_hotel_2
burduguz_hotel_2,7829252,Двухместный Джуниор Сюит в новом здании с балконом (2 отдельные кровати) (тип кровати может измениться),4002402001,1,2,2 отдельные кровати,"[""2 отдельные кровати""]","[""twin""]","[{""bed"": ""single"", ""count"": 2}]",2,22525.00,22525.00,https://ostrovok.ru/hotel/russia/western_siberia_irkutsk_oblast_multi/mid7829252/burduguz_hotel_2
burduguz_hotel_2,7829252,Двухместный Джуниор Сюит Deluxe в новом здании с балконом и с красивым видом из окна (двуспальная кровать) (кровать king size),4602302001U,1,1,двуспальная кровать,"[""двуспальная кровать""]","[""double""]","[{""bed"": ""double"", ""count"": 1}]",2,26775.00,26775.00,https://ostrovok.ru/hotel/russia/western_siberia_irkutsk_oblast_multi/mid7829252/burduguz_hotel_2
7_dorog,7029576,Двухместный номер Superior с видом на город (двуспальная кровать),35023020005,4,2,двуспальная кровать,"[""двуспальная кровать""]","[""double""]","[{""bed"": ""double"", ""count"": 1}]",2,7000.00,8200.00,https://ostrovok.ru/hotel/russia/western_siberia_irkutsk_oblast_multi/mid7029576/7_dorog
7_dorog,7029576,Семейный люкс с видом на город,50020100005,4,1,,,"[""nobedding""]",,3,9000.00,10800.00,https://ostrovok.ru/hotel/russia/western_siberia_irkutsk_oblast_multi/mid7029576/7_dorog
gostevoj_dom_otdyih_na_bajkale,10014826,Двухместный номер Standard (2 отдельные кровати),3202402,1,1,2 отдельные кровати,"[""2 отдельные кровати""]","[""twin""]","[{""bed"": ""single"", ""count"": 2}]",2,5944.00,5944.00,https://ostrovok.ru/hotel/russia/western_siberia_irkutsk_oblast_multi/mid10014826/gostevoj_dom_otdyih_na_bajkale
gostevoj_dom_otdyih_na_bajkale,10014826,Коттедж (общая ванная комната),9001,1,1,,,"[""nobedding""]",,1,56468.00,56468.00,https://ostrovok.ru/hotel/russia/western_siberia_irkutsk_oblast_multi/mid10014826/gostevoj_dom_otdyih_na_bajkale
vera_baikal,13308776,Двухместные апартаменты улучшенные Дуплекс (двуспальная кровать),650230200002,2,1,двуспальная кровать,"[""двуспальная кровать""]","[""double""]","[{""bed"": ""double"", ""count"": 1}]",2,10000.00,11400.00,https://ostrovok.ru/hotel/russia/western_siberia_irkutsk_oblast_multi/mid13308776/vera_baikal
vera_baikal,13308776,Двухместный люкс с видом на озеро (двуспальная кровать),5002302000D,2,1,двуспальная кровать,"[""двуспальная кровать""]","[""double""]","[{""bed"": ""double"", ""count"": 1}]",2,20700.00,21090.00,https://ostrovok.ru/hotel/russia/western_siberia_irkutsk_oblast_multi/mid13308776/vera_baikal
baza_otdykha_village_hvoy,11339142,Семейный номер Classic,3B0201,2,1,,,"[""nobedding""]",,3,16346.00,16520.00,https://ostrovok.ru/hotel/russia/western_siberia_irkutsk_oblast_multi/mid11339142/baza_otdykha_village_hvoy
baza_otdykha_village_hvoy,11339142,Люкс Дуплекс,500200000002,2,1,,,"[""nobedding""]",,1,18682.00,18880.00,https://ostrovok.ru/hotel/russia/western_siberia_irkutsk_oblast_multi/mid11339142/baza_otdykha_village_hvoy
baza_otdykha_village_hvoy,11339142,Апартаменты Дуплекс,600200000002,2,1,,,"[""nobedding""]",,1,21017.00,21240.00,https://ostrovok.ru/hotel/russia/western_siberia_irkutsk_oblast_multi/mid11339142/baza_otdykha_village_hvoy
atlas_hotel_3,7883850,Двухместный номер Комфoрт (двуспальная кровать),3302302,2,2,двуспальная кровать,"[""двуспальная кровать""]","[""double""]","[{""bed"": ""double"", ""count"": 1}]",2,5392.80,5392.80,https://ostrovok.ru/hotel/russia/western_siberia_irkutsk_oblast_multi/mid7883850/atlas_hotel_3
atlas_hotel_3,7883850,Трёхместный номер Классик,3B02003,2,2,,,"[""nobedding""]",,3,5392.80,5392.80,https://ostrovok.ru/hotel/russia/western_siberia_irkutsk_oblast_multi/mid7883850/atlas_hotel_3
atlas_hotel_3,7883850,Двухместный Джуниор Сюит (двуспальная кровать),4002302,2,2,двуспальная кровать,"[""двуспальная кровать""]","[""double""]","[{""bed"": ""double"", ""count"": 1}]",2,6355.80,6355.80,https://ostrovok.ru/hotel/russia/western_siberia_irkutsk_oblast_multi/mid7883850/atlas_hotel_3
atlas_hotel_3,7883850,"Джуниор Сюит с сауной (с сауной, джакузи)",4802,3,1,,,"[""nobedding""]",,1,8281.80,9202.00,https://ostrovok.ru/hotel/russia/western_siberia_irkutsk_oblast_multi/mid7883850/atlas_hotel_3
eko_baikalwood_hotel,8737003,Двухместный номер Deluxe с видом на озеро (2 отдельные кровати),3602402000D,1,2,2 отдельные кровати,"[""2 отдельные кровати""]","[""twin""]","[{""bed"": ""single"", ""count"": 2}]",2,16675.00,16675.00,https://ostrovok.ru/hotel/russia/western_siberia_irkutsk_oblast_multi/mid8737003/eko_baikalwood_hotel
eko_baikalwood_hotel,8737003,Двухместный номер Deluxe с видом на озеро (двуспальная кровать),3602302000D,1,2,двуспальная кровать,"[""двуспальная кровать""]","[""double""]","[{""bed"": ""double"", ""count"": 1}]",2,16675.00,16675.00,https://ostrovok.ru/hotel/russia/western_siberia_irkutsk_oblast_multi/mid8737003/eko_baikalwood_hotel
eko_baikalwood_hotel,8737003,Двухместный полулюкс с видом на озеро (2 отдельные кровати),4002402000D,1,2,2 отдельные кровати,"[""2 отдельные кровати""]","[""twin""]","[{""bed"": ""single"", ""count"": 2}]",2,16675.00,16675.00,https://ostrovok.ru/hotel/russia/western_siberia_irkutsk_oblast_multi/mid8737003/eko_baikalwood_hotel
eko_baikalwood_hotel,8737003,Двухместный полулюкс с видом на озеро (двуспальная кровать),4002302000D,1,2,двуспальная кровать,"[""двуспальная кровать""]","[""double""]","[{""bed"": ""double"", ""count"": 1}]",2,16675.00,16675.00,https://ostrovok.ru/hotel/russia/western_siberia_irkutsk_oblast_multi/mid8737003/eko_baikalwood_hotel
eko_baikalwood_hotel,8737003,Двухместный люкс с балконом и с видом на озеро (двуспальная кровать),5002302001D,1,4,двуспальная кровать,"[""двуспальная кровать""]","[""double""]","[{""bed"": ""double"", ""count"": 1}]",2,17825.00,17825.00,https://ostrovok.ru/hotel/russia/western_siberia_irkutsk_oblast_multi/mid8737003/eko_baikalwood_hotel
eko_baikalwood_hotel,8737003,Двухместный люкс с балконом и с видом на озеро (2 отдельные кровати),5002402001D,1,4,2 отдельные кровати,"[""2 отдельные кровати""]","[""twin""]","[{""bed"": ""single"", ""count"": 2}]",2,17825.00,17825.00,https://ostrovok.ru/hotel/russia/western_siberia_irkutsk_oblast_multi/mid8737003/eko_baikalwood_hotel
eko_baikalwood_hotel,8737003,Двухместный люкс Premium с балконом и с видом на озеро (двуспальная кровать),5A02302001D,1,1,двуспальная кровать,"[""двуспальная кровать""]","[""double""]","[{""bed"": ""double"", ""count"": 1}]",2,22425.00,22425.00,https://ostrovok.ru/hotel/russia/western_siberia_irkutsk_oblast_multi/mid8737003/eko_baikalwood_hotel
eko_baikalwood_hotel,8737003,Двухместный люкс Premium с балконом и с видом на озеро (2 отдельные кровати),5A02402001D,1,1,2 отдельные кровати,"[""2 отдельные кровати""]","[""twin""]","[{""bed"": ""single"", ""count"": 2}]",2,22425.00,22425.00,https://ostrovok.ru/hotel/russia/western_siberia_irkutsk_oblast_multi/mid8737003/eko_baikalwood_hotel
mihail_strogov,8469949,Двухместный номер Standard (2 отдельные кровати),3202402,4,3,2 отдельные кровати,"[""2 отдельные кровати""]","[""twin""]","[{""bed"": ""single"", ""count"": 2}]",2,3909.00,4500.00,https://ostrovok.ru/hotel/russia/western_siberia_irkutsk_oblast_multi/mid8469949/mihail_strogov
mihail_strogov,8469949,Двухместный номер Standard с видом на город (2 отдельные кровати),32024020005,4,3,2 отдельные кровати,"[""2 отдельные кровати""]","[""twin""]","[{""bed"": ""single"", ""count"": 2}]",2,3956.00,4500.00,https://ostrovok.ru/hotel/russia/western_siberia_irkutsk_oblast_multi/mid8469949/mihail_strogov
mihail_strogov,8469949,Одноместный номер Standard,3202001,2,1,,,"[""nobedding""]",,1,4451.00,4500.00,https://ostrovok.ru/hotel/russia/western_siberia_irkutsk_oblast_multi/mid8469949/mihail_strogov
mihail_strogov,8469949,Студия с видом на город,70020000005,2,2,,,"[""nobedding""]",,1,6352.00,6500.00,https://ostrovok.ru/hotel/russia/western_siberia_irkutsk_oblast_multi/mid8469949/mihail_strogov
aristokrat_hotel,8745188,Одноместный номер Economy,3102001,2,6,,,"[""nobedding""]",,1,5100.00,5100.00,https://ostrovok.ru/hotel/russia/western_siberia_irkutsk_oblast_multi/mid8745188/aristokrat_hotel
aristokrat_hotel,8745188,Двухместный номер Superior с видом на город (двуспальная кровать),35023020005,2,3,двуспальная кровать,"[""двуспальная кровать""]","[""double""]","[{""bed"": ""double"", ""count"": 1}]",2,6300.00,6300.00,https://ostrovok.ru/hotel/russia/western_siberia_irkutsk_oblast_multi/mid8745188/aristokrat_hotel
aristokrat_hotel,8745188,Двухместный номер Superior с видом на город (2 отдельные кровати),35024020005,2,3,2 отдельные кровати,"[""2 отдельные кровати""]","[""twin""]","[{""bed"": ""single"", ""count"": 2}]",2,6300.00,6300.00,https://ostrovok.ru/hotel/russia/western_siberia_irkutsk_oblast_multi/mid8745188/aristokrat_hotel
mayak_hotel_listvyanka,7816262,Одноместный номер Стандарт Классический (главное здание) (односпальная кровать) (в главном здании),3B02201,1,2,односпальная кровать,"[""односпальная кровать""]","[""nobedding""]","[{""bed"": ""single"", ""count"": 1}]",1,10340.00,10340.00,https://ostrovok.ru/hotel/russia/western_siberia_irkutsk_oblast_multi/mid7816262/mayak_hotel_listvyanka
mayak_hotel_listvyanka,7816262,Двухместный номер Комфорт (дополнительное здание) (двуспальная кровать) (в дополнительном здании),3302302,1,2,двуспальная кровать,"[""двуспальная кровать""]","[""double""]","[{""bed"": ""double"", ""count"": 1}]",2,11440.00,11440.00,https://ostrovok.ru/hotel/russia/western_siberia_irkutsk_oblast_multi/mid7816262/mayak_hotel_listvyanka
mayak_hotel_listvyanka,7816262,Двухместный номер Комфорт (дополнительное здание) (2 отдельные кровати) (в дополнительном здании),3302402,1,2,2 отдельные кровати,"[""2 отдельные кровати""]","[""twin""]","[{""bed"": ""single"", ""count"": 2}]",2,11440.00,11440.00,https://ostrovok.ru/hotel/russia/western_siberia_irkutsk_oblast_multi/mid7816262/mayak_hotel_listvyanka
mayak_hotel_listvyanka,7816262,Двухместный Джуниор Сьют (главное здание) Классический с видом на озеро (двуспальная кровать) (в главном здании),4B02302000D,1,1,двуспальная кровать,"[""двуспальная кровать""]","[""double""]","[{""bed"": ""double"", ""count"": 1}]",2,16280.00,16280.00,https://ostrovok.ru/hotel/russia/western_siberia_irkutsk_oblast_multi/mid7816262/mayak_hotel_listvyanka
mayak_hotel_listvyanka,7816262,Двухместный номер Семейный (главное здание) с частичным видом на озеро (2 отдельные кровати) (в главном здании),3I02402000L,1,2,2 отдельные кровати,"[""2 отдельные кровати""]","[""twin""]","[{""bed"": ""single"", ""count"": 2}]",2,23100.00,23100.00,https://ostrovok.ru/hotel/russia/western_siberia_irkutsk_oblast_multi/mid7816262/mayak_hotel_listvyanka
mayak_hotel_listvyanka,7816262,Двухместный номер Семейный (главное здание) с частичным видом на озеро (двуспальная кровать) (в главном здании),3I02302000L,1,2,двуспальная кровать,"[""двуспальная кровать""]","[""double""]","[{""bed"": ""double"", ""count"": 1}]",2,23100.00,23100.00,https://ostrovok.ru/hotel/russia/western_siberia_irkutsk_oblast_multi/mid7816262/mayak_hotel_listvyanka
lotos_hotel,7744038,Двухместный номер Standard (двуспальная кровать),3202302,4,1,двуспальная кровать,"[""двуспальная кровать""]","[""double""]","[{""bed"": ""double"", ""count"": 1}]",2,3500.00,4100.00,https://ostrovok.ru/hotel/russia/western_siberia_irkutsk_oblast_multi/mid7744038/lotos_hotel
lotos_hotel,7744038,Двухместный номер Superior (2 отдельные кровати),3502402,4,6,2 отдельные кровати,"[""2 отдельные кровати""]","[""twin""]","[{""bed"": ""single"", ""count"": 2}]",2,3800.00,4700.00,https://ostrovok.ru/hotel/russia/western_siberia_irkutsk_oblast_multi/mid7744038/lotos_hotel
inn_business_hall,8735100,Двухместный люкс с видом на город (двуспальная кровать),50023020005,3,1,двуспальная кровать,"[""двуспальная кровать""]","[""double""]","[{""bed"": ""double"", ""count"": 1}]",2,7050.00,8730.00,https://ostrovok.ru/hotel/russia/western_siberia_irkutsk_oblast_multi/mid8735100/inn_business_hall
inn_business_hall,8735100,Двухместный номер Deluxe с видом на город (двуспальная кровать),36023020005,2,2,двуспальная кровать,"[""двуспальная кровать""]","[""double""]","[{""bed"": ""double"", ""count"": 1}]",2,7680.00,8100.00,https://ostrovok.ru/hotel/russia/western_siberia_irkutsk_oblast_multi/mid8735100/inn_business_hall
bolshoe_puteshestvie_hotel,9252749,Номер на 2 этаже Семейный Улучшенный (терраса),350201,1,1,,,"[""nobedding""]",,3,6991.00,6991.00,https://ostrovok.ru/hotel/russia/western_siberia_irkutsk_oblast_multi/mid9252749/bolshoe_puteshestvie_hotel
bolshoe_puteshestvie_hotel,9252749,Номер Семейный Комфорт,3302,1,1,,,"[""nobedding""]",,3,6995.00,6995.00,https://ostrovok.ru/hotel/russia/western_siberia_irkutsk_oblast_multi/mid9252749/bolshoe_puteshestvie_hotel
bolshoe_puteshestvie_hotel,9252749,Двухместный номер на 2 этаже Стандарт с балконом (2 отдельные кровати) (тип кровати может измениться),3202412001,1,1,2 отдельные кровати,"[""2 отдельные кровати""]","[""twin""]","[{""bed"": ""single"", ""count"": 2}]",2,7491.00,7491.00,https://ostrovok.ru/hotel/russia/western_siberia_irkutsk_oblast_multi/mid9252749/bolshoe_puteshestvie_hotel
bolshoe_puteshestvie_hotel,9252749,Двухместный номер на 2 этаже Стандарт с балконом (двуспальная кровать) (тип кровати может измениться),3202312001,1,1,двуспальная кровать,"[""двуспальная кровать""]","[""double""]","[{""bed"": ""double"", ""count"": 1}]",2,7491.00,7491.00,https://ostrovok.ru/hotel/russia/western_siberia_irkutsk_oblast_multi/mid9252749/bolshoe_puteshestvie_hotel
hotel_sozvezdie_baikala,8666978,Двухместный номер Стандарт (2 отдельные кровати),3202402,1,3,2 отдельные кровати,"[""2 отдельные кровати""]","[""twin""]","[{""bed"": ""single"", ""count"": 2}]",2,4900.00,4900.00,https://ostrovok.ru/hotel/russia/western_siberia_irkutsk_oblast_multi/mid8666978/hotel_sozvezdie_baikala
hotel_sozvezdie_baikala,8666978,Двухместный номер Стандарт с видом на озеро (2 отдельные кровати),3202402000D,2,3,2 отдельные кровати,"[""2 отдельные кровати""]","[""twin""]","[{""bed"": ""single"", ""count"": 2}]",2,6300.00,6300.00,https://ostrovok.ru/hotel/russia/western_siberia_irkutsk_oblast_multi/mid8666978/hotel_sozvezdie_baikala
hotel_sozvezdie_baikala,8666978,Двухместный номер Улучшенный (2 отдельные кровати),3502402,3,2,2 отдельные кровати,"[""2 отдельные кровати""]","[""twin""]","[{""bed"": ""single"", ""count"": 2}]",2,7100.00,8300.00,https://ostrovok.ru/hotel/russia/western_siberia_irkutsk_oblast_multi/mid8666978/hotel_sozvezdie_baikala
hotel_sozvezdie_baikala,8666978,Двухместная студия (двуспальная кровать),7002302,3,1,двуспальная кровать,"[""двуспальная кровать""]","[""double""]","[{""bed"": ""double"", ""count"": 1}]",2,10700.00,11900.00,https://ostrovok.ru/hotel/russia/western_siberia_irkutsk_oblast_multi/mid8666978/hotel_sozvezdie_baikala
hotel_sozvezdie_baikala,8666978,Двухместный полулюкс с видом на озеро (двуспальная кровать),4002302000D,3,1,двуспальная кровать,"[""двуспальная кровать""]","[""double""]","[{""bed"": ""double"", ""count"": 1}]",2,10700.00,11900.00,https://ostrovok.ru/hotel/russia/western_siberia_irkutsk_oblast_multi/mid8666978/hotel_sozvezdie_baikala
hotel_sozvezdie_baikala,8666978,Двухместный полулюкс Superior с видом на озеро (двуспальная кровать),4502302000D,2,1,двуспальная кровать,"[""двуспальная кровать""]","[""double""]","[{""bed"": ""double"", ""count"": 1}]",2,13900.00,13900.00,https://ostrovok.ru/hotel/russia/western_siberia_irkutsk_oblast_multi/mid8666978/hotel_sozvezdie_baikala
legendy_baykala,13868556,Кровать в общем номере с видом на внутренний двор (общая ванная комната) (2 кровати),10010000006,2,1,,,"[""nobedding""]",,1,1137.00,1150.00,https://ostrovok.ru/hotel/russia/western_siberia_irkutsk_oblast_multi/mid13868556/legendy_baykala
legendy_baykala,13868556,Двухместный семейный номер Standard с видом на внутренний двор (общая ванная комната) (2 отдельные кровати),32014120006,2,1,2 отдельные кровати,"[""2 отдельные кровати""]","[""twin""]","[{""bed"": ""single"", ""count"": 2}]",2,2077.00,2100.00,https://ostrovok.ru/hotel/russia/western_siberia_irkutsk_oblast_multi/mid13868556/legendy_baykala
legendy_baykala,13868556,Двухместный семейный номер Comfort с видом на внутренний двор (2 отдельные кровати),33024120006,2,1,2 отдельные кровати,"[""2 отдельные кровати""]","[""twin""]","[{""bed"": ""single"", ""count"": 2}]",2,2275.00,2300.00,https://ostrovok.ru/hotel/russia/western_siberia_irkutsk_oblast_multi/mid13868556/legendy_baykala
legendy_baykala,13868556,Двухместный семейный номер Superior с балконом и с видом на внутренний двор (двуспальная кровать),35023120016,2,1,двуспальная кровать,"[""двуспальная кровать""]","[""double""]","[{""bed"": ""double"", ""count"": 1}]",2,2844.00,2875.00,https://ostrovok.ru/hotel/russia/western_siberia_irkutsk_oblast_multi/mid13868556/legendy_baykala
brusinka,6327901,Номер Economy (общая ванная комната),3101,2,1,,,"[""nobedding""]",,1,1484.00,1500.00,https://ostrovok.ru/hotel/russia/western_siberia_irkutsk_oblast_multi/mid6327901/brusinka
solnechny_guest_house_7,13112614,Двухместный номер Economy (общая ванная комната) (двуспальная кровать),3101302,1,1,двуспальная кровать,"[""двуспальная кровать""]","[""double""]","[{""bed"": ""double"", ""count"": 1}]",2,1182.00,1182.00,https://ostrovok.ru/hotel/russia/western_siberia_irkutsk_oblast_multi/mid13112614/solnechny_guest_house_7
alaniya,10003444,Двухместный номер Standard (двуспальная кровать),3202302,2,3,двуспальная кровать,"[""двуспальная кровать""]","[""double""]","[{""bed"": ""double"", ""count"": 1}]",2,3958.00,4000.00,https://ostrovok.ru/hotel/russia/western_siberia_irkutsk_oblast_multi/mid10003444/alaniya
hotel_u_ruchyya,10624282,Двухместный номер Economy с балконом и с красивым видом из окна (общая ванная комната) (2 отдельные кровати),3101402001U,1,1,2 отдельные кровати,"[""2 отдельные кровати""]","[""twin""]","[{""bed"": ""single"", ""count"": 2}]",2,4452.00,4452.00,https://ostrovok.ru/hotel/russia/western_siberia_irkutsk_oblast_multi/mid10624282/hotel_u_ruchyya
krestovaya_pad_hotel,7784565,Двухместный номер Стандарт (2 отдельные кровати),3202402,1,1,2 отдельные кровати,"[""2 отдельные кровати""]","[""twin""]","[{""bed"": ""single"", ""count"": 2}]",2,9500.00,9500.00,https://ostrovok.ru/hotel/russia/western_siberia_irkutsk_oblast_multi/mid7784565/krestovaya_pad_hotel
krestovaya_pad_hotel,7784565,Двухместный номер Улучшенный Стандарт (2 отдельные кровати),3502402,1,1,2 отдельные кровати,"[""2 отдельные кровати""]","[""twin""]","[{""bed"": ""single"", ""count"": 2}]",2,10900.00,10900.00,https://ostrovok.ru/hotel/russia/western_siberia_irkutsk_oblast_multi/mid7784565/krestovaya_pad_hotel
krestovaya_pad_hotel,7784565,Двухместный Джуниор Сюит (2 отдельные кровати),4002402,1,1,2 отдельные кровати,"[""2 отдельные кровати""]","[""twin""]","[{""bed"": ""single"", ""count"": 2}]",2,11500.00,11500.00,https://ostrovok.ru/hotel/russia/western_siberia_irkutsk_oblast_multi/mid7784565/krestovaya_pad_hotel
krestovaya_pad_hotel,7784565,Двухместный номер Делюкс (двуспальная кровать),3602302,1,1,двуспальная кровать,"[""двуспальная кровать""]","[""double""]","[{""bed"": ""double"", ""count"": 1}]",2,13500.00,13500.00,https://ostrovok.ru/hotel/russia/western_siberia_irkutsk_oblast_multi/mid7784565/krestovaya_pad_hotel
krestovaya_pad_hotel,7784565,Двухместный номер Делюкс (2 отдельные кровати),3602402,1,1,2 отдельные кровати,"[""2 отдельные кровати""]","[""twin""]","[{""bed"": ""single"", ""count"": 2}]",2,13500.00,13500.00,https://ostrovok.ru/hotel/russia/western_siberia_irkutsk_oblast_multi/mid7784565/krestovaya_pad_hotel
krestovaya_pad_hotel,7784565,VIP Коттедж с балконом и с красивым видом из окна,9002000001U,1,1,,,"[""nobedding""]",,1,48000.00,48000.00,https://ostrovok.ru/hotel/russia/western_siberia_irkutsk_oblast_multi/mid7784565/krestovaya_pad_hotel
magas,6839053,Кровать в общем номере (общая ванная комната) (4 кровати),1001,2,3,,,"[""nobedding""]",,1,1780.00,1800.00,https://ostrovok.ru/hotel/russia/western_siberia_irkutsk_oblast_multi/mid6839053/magas
magas,6839053,Кровать в общем номере (женский номер) (общая ванная комната) (4 кровати),1021,2,3,,,"[""nobedding""]",,1,1780.00,1800.00,https://ostrovok.ru/hotel/russia/western_siberia_irkutsk_oblast_multi/mid6839053/magas
magas,6839053,Трёхместный номер Classic,3B02003,2,3,,,"[""nobedding""]",,3,3917.00,3960.00,https://ostrovok.ru/hotel/russia/western_siberia_irkutsk_oblast_multi/mid6839053/magas
magas,6839053,Двухместный номер Standard с видом на город (2 отдельные кровати),32024020005,2,6,2 отдельные кровати,"[""2 отдельные кровати""]","[""twin""]","[{""bed"": ""single"", ""count"": 2}]",2,3917.00,3960.00,https://ostrovok.ru/hotel/russia/western_siberia_irkutsk_oblast_multi/mid6839053/magas
magas,6839053,Одноместный номер Standard с видом на город,32020010005,2,1,,,"[""nobedding""]",,1,3917.00,3960.00,https://ostrovok.ru/hotel/russia/western_siberia_irkutsk_oblast_multi/mid6839053/magas
magas,6839053,Двухместный полулюкс (двуспальная кровать),4002302,2,3,двуспальная кровать,"[""двуспальная кровать""]","[""double""]","[{""bed"": ""double"", ""count"": 1}]",2,4629.00,4680.00,https://ostrovok.ru/hotel/russia/western_siberia_irkutsk_oblast_multi/mid6839053/magas
city_park_hotel_13,9987117,Номер Standard с красивым видом из окна,3202000000U,2,1,,,"[""nobedding""]",,1,2358.00,2375.00,https://ostrovok.ru/hotel/russia/western_siberia_irkutsk_oblast_multi/mid9987117/city_park_hotel_13
city_park_hotel_13,9987117,Номер Comfort с видом на город,33020000005,2,1,,,"[""nobedding""]",,1,2547.00,2565.00,https://ostrovok.ru/hotel/russia/western_siberia_irkutsk_oblast_multi/mid9987117/city_park_hotel_13
lazurny_bereg_hotel_,7797591,Одноместный номер Standard (односпальная кровать),3202201,2,1,односпальная кровать,"[""односпальная кровать""]","[""nobedding""]","[{""bed"": ""single"", ""count"": 1}]",1,3900.00,3900.00,https://ostrovok.ru/hotel/russia/western_siberia_irkutsk_oblast_multi/mid7797591/lazurny_bereg_hotel_
lazurny_bereg_hotel_,7797591,Двухместный номер Standard (двуспальная кровать),3202302,2,3,двуспальная кровать,"[""двуспальная кровать""]","[""double""]","[{""bed"": ""double"", ""count"": 1}]",2,5200.00,5200.00,https://ostrovok.ru/hotel/russia/western_siberia_irkutsk_oblast_multi/mid7797591/lazurny_bereg_hotel_
lazurny_bereg_hotel_,7797591,Двухместный номер Superior (двуспальная кровать),3502302,2,2,двуспальная кровать,"[""двуспальная кровать""]","[""double""]","[{""bed"": ""double"", ""count"": 1}]",2,6000.00,6000.00,https://ostrovok.ru/hotel/russia/western_siberia_irkutsk_oblast_multi/mid7797591/lazurny_bereg_hotel_
armat_hotel,8755884,Двухместный номер Стандарт 1-й категории (2 отдельные кровати),3302402,4,11,2 отдельные кровати,"[""2 отдельные кровати""]","[""twin""]","[{""bed"": ""single"", ""count"": 2}]",2,5200.00,6200.00,https://ostrovok.ru/hotel/russia/western_siberia_irkutsk_oblast_multi/mid8755884/armat_hotel
armat_hotel,8755884,Двухместный номер Стандарт 1-й категории (двуспальная кровать),3302302,4,11,двуспальная кровать,"[""двуспальная кровать""]","[""double""]","[{""bed"": ""double"", ""count"": 1}]",2,5200.00,6200.00,https://ostrovok.ru/hotel/russia/western_siberia_irkutsk_oblast_multi/mid8755884/armat_hotel
armat_hotel,8755884,Одноместный номер 1-й категории,3202001,4,1,,,"[""nobedding""]",,1,5200.00,6200.00,https://ostrovok.ru/hotel/russia/western_siberia_irkutsk_oblast_multi/mid8755884/armat_hotel
armat_hotel,8755884,Двухместный полулюкс (двуспальная кровать),4002302,4,7,двуспальная кровать,"[""двуспальная кровать""]","[""double""]","[{""bed"": ""double"", ""count"": 1}]",2,6300.00,7000.00,https://ostrovok.ru/hotel/russia/western_siberia_irkutsk_oblast_multi/mid8755884/armat_hotel
armat_hotel,8755884,Двухместный полулюкс (2 отдельные кровати),4002402,4,7,2 отдельные кровати,"[""2 отдельные кровати""]","[""twin""]","[{""bed"": ""single"", ""count"": 2}]",2,6300.00,7000.00,https://ostrovok.ru/hotel/russia/western_siberia_irkutsk_oblast_multi/mid8755884/armat_hotel
armat_hotel,8755884,Двухместный номер Special 1-й категории (двуспальная кровать),3B02302,4,1,двуспальная кровать,"[""двуспальная кровать""]","[""double""]","[{""bed"": ""double"", ""count"": 1}]",2,6300.00,7000.00,https://ostrovok.ru/hotel/russia/western_siberia_irkutsk_oblast_multi/mid8755884/armat_hotel
armat_hotel,8755884,Двухместный номер Special 1-й категории (2 отдельные кровати),3B02402,4,1,2 отдельные кровати,"[""2 отдельные кровати""]","[""twin""]","[{""bed"": ""single"", ""count"": 2}]",2,6300.00,7000.00,https://ostrovok.ru/hotel/russia/western_siberia_irkutsk_oblast_multi/mid8755884/armat_hotel
armat_hotel,8755884,Номер Семейный с красивым видом из окна,3902000000U,4,1,,,"[""nobedding""]",,3,6300.00,7000.00,https://ostrovok.ru/hotel/russia/western_siberia_irkutsk_oblast_multi/mid8755884/armat_hotel
armat_hotel,8755884,Двухместный люкс (двуспальная кровать),5002302,2,1,двуспальная кровать,"[""двуспальная кровать""]","[""double""]","[{""bed"": ""double"", ""count"": 1}]",2,11000.00,11000.00,https://ostrovok.ru/hotel/russia/western_siberia_irkutsk_oblast_multi/mid8755884/armat_hotel
armat_hotel,8755884,Двухместный люкс (2 отдельные кровати),5002402,2,1,2 отдельные кровати,"[""2 отдельные кровати""]","[""twin""]","[{""bed"": ""single"", ""count"": 2}]",2,11000.00,11000.00,https://ostrovok.ru/hotel/russia/western_siberia_irkutsk_oblast_multi/mid8755884/armat_hotel
beliy_sobol_parkhotel,8571122,Семейный номер Premium,3A0201,3,2,,,"[""nobedding""]",,3,11340.00,16200.00,https://ostrovok.ru/hotel/russia/western_siberia_irkutsk_oblast_multi/mid8571122/beliy_sobol_parkhotel
beliy_sobol_parkhotel,8571122,Коттедж Prestige,9G02,3,2,,,"[""nobedding""]",,1,35000.00,50000.00,https://ostrovok.ru/hotel/russia/western_siberia_irkutsk_oblast_multi/mid8571122/beliy_sobol_parkhotel
matreshka_hotel,6332937,Одноместный номер Standard,3202001,4,5,,,"[""nobedding""]",,1,4438.00,4981.50,https://ostrovok.ru/hotel/russia/western_siberia_irkutsk_oblast_multi/mid6332937/matreshka_hotel
matreshka_hotel,6332937,Двухместный номер Standard (двуспальная кровать),3202302,4,2,двуспальная кровать,"[""двуспальная кровать""]","[""double""]","[{""bed"": ""double"", ""count"": 1}]",2,4438.00,4981.50,https://ostrovok.ru/hotel/russia/western_siberia_irkutsk_oblast_multi/mid6332937/matreshka_hotel
matreshka_hotel,6332937,Двухместный номер Standard (2 отдельные кровати),3202402,4,2,2 отдельные кровати,"[""2 отдельные кровати""]","[""twin""]","[{""bed"": ""single"", ""count"": 2}]",2,4438.00,4981.50,https://ostrovok.ru/hotel/russia/western_siberia_irkutsk_oblast_multi/mid6332937/matreshka_hotel
matreshka_hotel,6332937,Одноместный номер Comfort,3302001,4,1,,,"[""nobedding""]",,1,4621.00,5166.00,https://ostrovok.ru/hotel/russia/western_siberia_irkutsk_oblast_multi/mid6332937/matreshka_hotel
matreshka_hotel,6332937,Двухместный номер Comfort (двуспальная кровать),3302302,4,7,двуспальная кровать,"[""двуспальная кровать""]","[""double""]","[{""bed"": ""double"", ""count"": 1}]",2,5046.00,6088.50,https://ostrovok.ru/hotel/russia/western_siberia_irkutsk_oblast_multi/mid6332937/matreshka_hotel
matreshka_hotel,6332937,Двухместный номер Comfort (2 отдельные кровати),3302402,4,7,2 отдельные кровати,"[""2 отдельные кровати""]","[""twin""]","[{""bed"": ""single"", ""count"": 2}]",2,5046.00,6088.50,https://ostrovok.ru/hotel/russia/western_siberia_irkutsk_oblast_multi/mid6332937/matreshka_hotel
uda_2,8752619,Одноместный номер Standard с видом на город,32020010005,2,4,,,"[""nobedding""]",,1,1682.00,1700.00,https://ostrovok.ru/hotel/russia/western_siberia_irkutsk_oblast_multi/mid8752619/uda_2
uda_2,8752619,Одноместный номер Superior с видом на город,35020010005,2,15,,,"[""nobedding""]",,1,1830.00,1850.00,https://ostrovok.ru/hotel/russia/western_siberia_irkutsk_oblast_multi/mid8752619/uda_2
uda_2,8752619,Двухместный номер Standard с видом на город (2 отдельные кровати),32024020005,2,2,2 отдельные кровати,"[""2 отдельные кровати""]","[""twin""]","[{""bed"": ""single"", ""count"": 2}]",2,1880.00,1900.00,https://ostrovok.ru/hotel/russia/western_siberia_irkutsk_oblast_multi/mid8752619/uda_2
uda_2,8752619,Двухместный номер Superior с видом на город (2 отдельные кровати),35024020005,2,9,2 отдельные кровати,"[""2 отдельные кровати""]","[""twin""]","[{""bed"": ""single"", ""count"": 2}]",2,2176.00,2200.00,https://ostrovok.ru/hotel/russia/western_siberia_irkutsk_oblast_multi/mid8752619/uda_2
uda_2,8752619,Двухместный номер Comfort с видом на город (двуспальная кровать),33023020005,2,4,двуспальная кровать,"[""двуспальная кровать""]","[""double""]","[{""bed"": ""double"", ""count"": 1}]",2,2572.00,2600.00,https://ostrovok.ru/hotel/russia/western_siberia_irkutsk_oblast_multi/mid8752619/uda_2
uda_2,8752619,Двухместный полулюкс с 2 комнатами с видом на город (двуспальная кровать) (диван),40023020205,2,2,двуспальная кровать,"[""двуспальная кровать""]","[""double""]","[{""bed"": ""double"", ""count"": 1}]",2,4947.00,5000.00,https://ostrovok.ru/hotel/russia/western_siberia_irkutsk_oblast_multi/mid8752619/uda_2
flagman_hotel_4,9081483,Двухместный номер Standard (2 отдельные кровати),3202402,2,2,2 отдельные кровати,"[""2 отдельные кровати""]","[""twin""]","[{""bed"": ""single"", ""count"": 2}]",2,6000.00,6000.00,https://ostrovok.ru/hotel/russia/western_siberia_irkutsk_oblast_multi/mid9081483/flagman_hotel_4
flagman_hotel_4,9081483,Одноместный номер Comfort,3302001,2,3,,,"[""nobedding""]",,1,6500.00,6500.00,https://ostrovok.ru/hotel/russia/western_siberia_irkutsk_oblast_multi/mid9081483/flagman_hotel_4
flagman_hotel_4,9081483,Люкс,5002,2,1,,,"[""nobedding""]",,1,7000.00,7000.00,https://ostrovok.ru/hotel/russia/western_siberia_irkutsk_oblast_multi/mid9081483/flagman_hotel_4
flagman_hotel_4,9081483,Трёхместный номер Standard,3202003,2,1,,,"[""nobedding""]",,3,7500.00,7500.00,https://ostrovok.ru/hotel/russia/western_siberia_irkutsk_oblast_multi/mid9081483/flagman_hotel_4
miniotel_serdtse_baykala,11310800,Двухместный коттедж с красивым видом из окна (двуспальная кровать) (терраса),9002302000U,2,3,двуспальная кровать,"[""двуспальная кровать""]","[""double""]","[{""bed"": ""double"", ""count"": 1}]",2,13853.00,14000.00,https://ostrovok.ru/hotel/russia/western_siberia_irkutsk_oblast_multi/mid11310800/miniotel_serdtse_baykala
miniotel_serdtse_baykala,11310800,Коттедж с видом на внутренний двор,90020000006,2,2,,,"[""nobedding""]",,1,23253.00,23500.00,https://ostrovok.ru/hotel/russia/western_siberia_irkutsk_oblast_multi/mid11310800/miniotel_serdtse_baykala
trakstop_38_2,10669986,Двухместный номер Superior с красивым видом из окна (2 отдельные кровати),3502402000U,1,7,2 отдельные кровати,"[""2 отдельные кровати""]","[""twin""]","[{""bed"": ""single"", ""count"": 2}]",2,5194.00,5194.00,https://ostrovok.ru/hotel/russia/western_siberia_irkutsk_oblast_multi/mid10669986/trakstop_38_2
trakstop_38_2,10669986,Люкс с 2 комнатами,500200002,1,1,,,"[""nobedding""]",,1,9647.00,9647.00,https://ostrovok.ru/hotel/russia/western_siberia_irkutsk_oblast_multi/mid10669986/trakstop_38_2
artrezidentsiya_port_olhon,10004854,Двухместный номер Standard с видом на внутренний двор (2 отдельные кровати),32024020006,1,7,2 отдельные кровати,"[""2 отдельные кровати""]","[""twin""]","[{""bed"": ""single"", ""count"": 2}]",2,16000.00,16000.00,https://ostrovok.ru/hotel/russia/western_siberia_irkutsk_oblast_multi/mid10004854/artrezidentsiya_port_olhon
artrezidentsiya_port_olhon,10004854,Двухместный номер Standard Мансарда (двуспальная кровать),320230200004,1,2,двуспальная кровать,"[""двуспальная кровать""]","[""double""]","[{""bed"": ""double"", ""count"": 1}]",2,16000.00,16000.00,https://ostrovok.ru/hotel/russia/western_siberia_irkutsk_oblast_multi/mid10004854/artrezidentsiya_port_olhon
artrezidentsiya_port_olhon,10004854,Двухместный номер Superior с видом на внутренний двор (двуспальная кровать),35023020006,1,3,двуспальная кровать,"[""двуспальная кровать""]","[""double""]","[{""bed"": ""double"", ""count"": 1}]",2,16500.00,16500.00,https://ostrovok.ru/hotel/russia/western_siberia_irkutsk_oblast_multi/mid10004854/artrezidentsiya_port_olhon
artrezidentsiya_port_olhon,10004854,Двухместный номер Deluxe с видом на внутренний двор (2 отдельные кровати),36024020006,1,1,2 отдельные кровати,"[""2 отдельные кровати""]","[""twin""]","[{""bed"": ""single"", ""count"": 2}]",2,18000.00,18000.00,https://ostrovok.ru/hotel/russia/western_siberia_irkutsk_oblast_multi/mid10004854/artrezidentsiya_port_olhon
artrezidentsiya_port_olhon,10004854,Двухместный номер Deluxe (двуспальная кровать),3602302,1,2,двуспальная кровать,"[""двуспальная кровать""]","[""double""]","[{""bed"": ""double"", ""count"": 1}]",2,18000.00,18000.00,https://ostrovok.ru/hotel/russia/western_siberia_irkutsk_oblast_multi/mid10004854/artrezidentsiya_port_olhon
artrezidentsiya_port_olhon,10004854,Двухместная студия с красивым видом из окна (двуспальная кровать) (терраса),7002302000U,1,2,двуспальная кровать,"[""двуспальная кровать""]","[""double""]","[{""bed"": ""double"", ""count"": 1}]",2,50000.00,50000.00,https://ostrovok.ru/hotel/russia/western_siberia_irkutsk_oblast_multi/mid10004854/artrezidentsiya_port_olhon
artrezidentsiya_port_olhon,10004854,Апартаменты с красивым видом из окна,6002000000U,1,1,,,"[""nobedding""]",,1,72000.00,72000.00,https://ostrovok.ru/hotel/russia/western_siberia_irkutsk_oblast_multi/mid10004854/artrezidentsiya_port_olhon
legend_of_baikal,7776712,Двухместный номер Standard (2 отдельные кровати),3202402,2,1,2 отдельные кровати,"[""2 отдельные кровати""]","[""twin""]","[{""bed"": ""single"", ""count"": 2}]",2,9375.00,9375.00,https://ostrovok.ru/hotel/russia/western_siberia_irkutsk_oblast_multi/mid7776712/legend_of_baikal
inn_oasis_2,8426230,Двухместный номер Standard с балконом (двуспальная кровать),3202302001,2,4,двуспальная кровать,"[""двуспальная кровать""]","[""double""]","[{""bed"": ""double"", ""count"": 1}]",2,5937.00,6000.00,https://ostrovok.ru/hotel/russia/western_siberia_irkutsk_oblast_multi/mid8426230/inn_oasis_2
inn_oasis_2,8426230,Двухместный номер Standard с балконом (2 отдельные кровати),3202402001,2,4,2 отдельные кровати,"[""2 отдельные кровати""]","[""twin""]","[{""bed"": ""single"", ""count"": 2}]",2,7916.00,8000.00,https://ostrovok.ru/hotel/russia/western_siberia_irkutsk_oblast_multi/mid8426230/inn_oasis_2
inn_oasis_2,8426230,Семейный номер Standard с балконом,3202010001,2,2,,,"[""nobedding""]",,3,9895.00,10000.00,https://ostrovok.ru/hotel/russia/western_siberia_irkutsk_oblast_multi/mid8426230/inn_oasis_2
olkhonstory_guest_house,8876953,Номер Standard,3202,2,5,,,"[""nobedding""]",,1,7941.00,8000.00,https://ostrovok.ru/hotel/russia/western_siberia_irkutsk_oblast_multi/mid8876953/olkhonstory_guest_house
olkhonstory_guest_house,8876953,Двухместный номер Standard с балконом (двуспальная кровать),3202302001,2,5,двуспальная кровать,"[""двуспальная кровать""]","[""double""]","[{""bed"": ""double"", ""count"": 1}]",2,7941.00,8000.00,https://ostrovok.ru/hotel/russia/western_siberia_irkutsk_oblast_multi/mid8876953/olkhonstory_guest_house
kupechesky_dvor_hotel,8059354,Двухместный номер Standard Мансарда (двуспальная кровать),320230200004,1,2,двуспальная кровать,"[""двуспальная кровать""]","[""double""]","[{""bed"": ""double"", ""count"": 1}]",2,8200.00,8200.00,https://ostrovok.ru/hotel/russia/western_siberia_irkutsk_oblast_multi/mid8059354/kupechesky_dvor_hotel
kupechesky_dvor_hotel,8059354,Двухместный номер Standard с видом на город (двуспальная кровать),32023020005,1,1,двуспальная кровать,"[""двуспальная кровать""]","[""double""]","[{""bed"": ""double"", ""count"": 1}]",2,8900.00,8900.00,https://ostrovok.ru/hotel/russia/western_siberia_irkutsk_oblast_multi/mid8059354/kupechesky_dvor_hotel
kupechesky_dvor_hotel,8059354,Двухместный полулюкс с видом на город (двуспальная кровать) (кровать king size),40023020005,1,1,двуспальная кровать,"[""двуспальная кровать""]","[""double""]","[{""bed"": ""double"", ""count"": 1}]",2,12900.00,12900.00,https://ostrovok.ru/hotel/russia/western_siberia_irkutsk_oblast_multi/mid8059354/kupechesky_dvor_hotel
kupechesky_dvor_hotel,8059354,Двухместный полулюкс с балконом и с видом на город (двуспальная кровать),40023020015,1,1,двуспальная кровать,"[""двуспальная кровать""]","[""double""]","[{""bed"": ""double"", ""count"": 1}]",2,14000.00,14000.00,https://ostrovok.ru/hotel/russia/western_siberia_irkutsk_oblast_multi/mid8059354/kupechesky_dvor_hotel
marx_hotel,8662194,,,0,,,,,,,,,https://ostrovok.ru/hotel/russia/western_siberia_irkutsk_oblast_multi/mid8662194/marx_hotel
hotel_yubileinaya__2,6433819,Одноместный номер Standard,3202001,2,4,,,"[""nobedding""]",,1,2443.00,2500.00,https://ostrovok.ru/hotel/russia/western_siberia_irkutsk_oblast_multi/mid6433819/hotel_yubileinaya__2
hotel_yubileinaya__2,6433819,Одноместный номер Standard с балконом,3202001001,2,1,,,"[""nobedding""]",,1,2639.00,2700.00,https://ostrovok.ru/hotel/russia/western_siberia_irkutsk_oblast_multi/mid6433819/hotel_yubileinaya__2
hotel_yubileinaya__2,6433819,Двухместный номер Standard (2 отдельные кровати),3202402,2,10,2 отдельные кровати,"[""2 отдельные кровати""]","[""twin""]","[{""bed"": ""single"", ""count"": 2}]",2,2932.00,3000.00,https://ostrovok.ru/hotel/russia/western_siberia_irkutsk_oblast_multi/mid6433819/hotel_yubileinaya__2
hotel_yubileinaya__2,6433819,Двухместный номер Comfort (двуспальная кровать),3302302,2,2,двуспальная кровать,"[""двуспальная кровать""]","[""double""]","[{""bed"": ""double"", ""count"": 1}]",2,3420.00,3500.00,https://ostrovok.ru/hotel/russia/western_siberia_irkutsk_oblast_multi/mid6433819/hotel_yubileinaya__2
shelest,8664834,Двухместный номер Standard с красивым видом из окна (2 отдельные кровати),3202402000U,1,4,2 отдельные кровати,"[""2 отдельные кровати""]","[""twin""]","[{""bed"": ""single"", ""count"": 2}]",2,4960.00,4960.00,https://ostrovok.ru/hotel/russia/western_siberia_irkutsk_oblast_multi/mid8664834/shelest
shelest,8664834,Двухместный номер Standard с красивым видом из окна (двуспальная кровать),3202302000U,1,2,двуспальная кровать,"[""двуспальная кровать""]","[""double""]","[{""bed"": ""double"", ""count"": 1}]",2,4960.00,4960.00,https://ostrovok.ru/hotel/russia/western_siberia_irkutsk_oblast_multi/mid8664834/shelest
amurskiy,9079548,Двухместный номер Standard с видом на город (двуспальная кровать),32023020005,1,3,двуспальная кровать,"[""двуспальная кровать""]","[""double""]","[{""bed"": ""double"", ""count"": 1}]",2,19900.00,19900.00,https://ostrovok.ru/hotel/russia/western_siberia_irkutsk_oblast_multi/mid9079548/amurskiy
amurskiy,9079548,Двухместный номер Standard с видом на город (2 отдельные кровати),32024020005,1,4,2 отдельные кровати,"[""2 отдельные кровати""]","[""twin""]","[{""bed"": ""single"", ""count"": 2}]",2,19900.00,19900.00,https://ostrovok.ru/hotel/russia/western_siberia_irkutsk_oblast_multi/mid9079548/amurskiy
amurskiy,9079548,Двухместный номер Superior с видом на город (2 отдельные кровати),35024020005,1,3,2 отдельные кровати,"[""2 отдельные кровати""]","[""twin""]","[{""bed"": ""single"", ""count"": 2}]",2,24000.00,24000.00,https://ostrovok.ru/hotel/russia/western_siberia_irkutsk_oblast_multi/mid9079548/amurskiy
amurskiy,9079548,Двухместный полулюкс (двуспальная кровать),4002302,1,1,двуспальная кровать,"[""двуспальная кровать""]","[""double""]","[{""bed"": ""double"", ""count"": 1}]",2,24000.00,24000.00,https://ostrovok.ru/hotel/russia/western_siberia_irkutsk_oblast_multi/mid9079548/amurskiy
amurskiy,9079548,Двухместный люкс (двуспальная кровать),5002302,1,1,двуспальная кровать,"[""двуспальная кровать""]","[""double""]","[{""bed"": ""double"", ""count"": 1}]",2,31350.00,31350.00,https://ostrovok.ru/hotel/russia/western_siberia_irkutsk_oblast_multi/mid9079548/amurskiy
maksi_hotel,13793223,Номер Standard,3202,1,2,,,"[""nobedding""]",,1,3500.00,3500.00,https://ostrovok.ru/hotel/russia/western_siberia_irkutsk_oblast_multi/mid13793223/maksi_hotel
hotel_gostinitsa_avtovokzal,13754102,Кровать в общем номере (общая ванная комната) (3 кровати),1001,1,6,,,"[""nobedding""]",,1,2600.00,2600.00,https://ostrovok.ru/hotel/russia/western_siberia_irkutsk_oblast_multi/mid13754102/hotel_gostinitsa_avtovokzal
hotel_gostinitsa_avtovokzal,13754102,Двухместный номер Economy (общая ванная комната) (двуспальная кровать),3101302,1,3,двуспальная кровать,"[""двуспальная кровать""]","[""double""]","[{""bed"": ""double"", ""count"": 1}]",2,3900.00,3900.00,https://ostrovok.ru/hotel/russia/western_siberia_irkutsk_oblast_multi/mid13754102/hotel_gostinitsa_avtovokzal
hotel_gostinitsa_avtovokzal,13754102,Двухместный полулюкс (2 отдельные кровати),4002402,1,2,2 отдельные кровати,"[""2 отдельные кровати""]","[""twin""]","[{""bed"": ""single"", ""count"": 2}]",2,5200.00,5200.00,https://ostrovok.ru/hotel/russia/western_siberia_irkutsk_oblast_multi/mid13754102/hotel_gostinitsa_avtovokzal
hotel_gostinitsa_avtovokzal,13754102,Двухместный номер Standard (двуспальная кровать),3202302,1,2,двуспальная кровать,"[""двуспальная кровать""]","[""double""]","[{""bed"": ""double"", ""count"": 1}]",2,5200.00,5200.00,https://ostrovok.ru/hotel/russia/western_siberia_irkutsk_oblast_multi/mid13754102/hotel_gostinitsa_avtovokzal
alpari,7776573,Двухместный номер Standard с видом на город (двуспальная кровать),32023020005,1,4,двуспальная кровать,"[""двуспальная кровать""]","[""double""]","[{""bed"": ""double"", ""count"": 1}]",2,2400.00,2400.00,https://ostrovok.ru/hotel/russia/western_siberia_irkutsk_oblast_multi/mid7776573/alpari
alpari,7776573,Двухместный номер Standard с видом на город (2 отдельные кровати),32024020005,1,1,2 отдельные кровати,"[""2 отдельные кровати""]","[""twin""]","[{""bed"": ""single"", ""count"": 2}]",2,2400.00,2400.00,https://ostrovok.ru/hotel/russia/western_siberia_irkutsk_oblast_multi/mid7776573/alpari
baza_otdykha_akvamarin,10016038,,,0,,,,,,,,,https://ostrovok.ru/hotel/russia/western_siberia_irkutsk_oblast_multi/mid10016038/baza_otdykha_akvamarin
hotel_angara,6715745,Двухместный номер Standard (2 отдельные кровати),3202402,1,1,2 отдельные кровати,"[""2 отдельные кровати""]","[""twin""]","[{""bed"": ""single"", ""count"": 2}]",2,3800.00,3800.00,https://ostrovok.ru/hotel/russia/western_siberia_irkutsk_oblast_multi/mid6715745/hotel_angara
hotel_angara,6715745,Двухместный номер Standard (двуспальная кровать),3202302,1,1,двуспальная кровать,"[""двуспальная кровать""]","[""double""]","[{""bed"": ""double"", ""count"": 1}]",2,4000.00,4000.00,https://ostrovok.ru/hotel/russia/western_siberia_irkutsk_oblast_multi/mid6715745/hotel_angara
hotel_angara,6715745,Двухместный номер Deluxe (двуспальная кровать),3602302,1,13,двуспальная кровать,"[""двуспальная кровать""]","[""double""]","[{""bed"": ""double"", ""count"": 1}]",2,4500.00,4500.00,https://ostrovok.ru/hotel/russia/western_siberia_irkutsk_oblast_multi/mid6715745/hotel_angara
hotel_angara,6715745,Двухместный полулюкс (двуспальная кровать),4002302,1,1,двуспальная кровать,"[""двуспальная кровать""]","[""double""]","[{""bed"": ""double"", ""count"": 1}]",2,5500.00,5500.00,https://ostrovok.ru/hotel/russia/western_siberia_irkutsk_oblast_multi/mid6715745/hotel_angara
hotel_angara,6715745,Четырёхместный семейный номер Standard (2 отдельные кровати и двуспальная кровать),3202714,1,2,2 отдельные кровати и двуспальная кровать,"[""2 отдельные кровати"", ""двуспальная кровать""]","[""double""]","[{""bed"": ""double"", ""count"": 1}, {""bed"": ""single"", ""count"": 2}]",4,6000.00,6000.00,https://ostrovok.ru/hotel/russia/western_siberia_irkutsk_oblast_multi/mid6715745/hotel_angara
hotel_angara,6715745,Двухместный люкс (двуспальная кровать),5002302,1,1,двуспальная кровать,"[""двуспальная кровать""]","[""double""]","[{""bed"": ""double"", ""count"": 1}]",2,6000.00,6000.00,https://ostrovok.ru/hotel/russia/western_siberia_irkutsk_oblast_multi/mid6715745/hotel_angara
luna_hotel_9,9752435,Двухместный номер Economy (общая ванная комната) (2 отдельные кровати),3101402,2,2,2 отдельные кровати,"[""2 отдельные кровати""]","[""twin""]","[{""bed"": ""single"", ""count"": 2}]",2,3000.00,3250.00,https://ostrovok.ru/hotel/russia/western_siberia_irkutsk_oblast_multi/mid9752435/luna_hotel_9
luna_hotel_9,9752435,Одноместный номер Standard,3202001,2,1,,,"[""nobedding""]",,1,3000.00,3250.00,https://ostrovok.ru/hotel/russia/western_siberia_irkutsk_oblast_multi/mid9752435/luna_hotel_9
luna_hotel_9,9752435,Одноместный номер Comfort,3302001,1,1,,,"[""nobedding""]",,1,3300.00,3300.00,https://ostrovok.ru/hotel/russia/western_siberia_irkutsk_oblast_multi/mid9752435/luna_hotel_9
luna_hotel_9,9752435,Двухместный номер Standard (2 отдельные кровати),3202402,2,1,2 отдельные кровати,"[""2 отдельные кровати""]","[""twin""]","[{""bed"": ""single"", ""count"": 2}]",2,3600.00,3850.00,https://ostrovok.ru/hotel/russia/western_siberia_irkutsk_oblast_multi/mid9752435/luna_hotel_9
luna_hotel_9,9752435,Двухместный номер Comfort с видом на город (двуспальная кровать),33023020005,1,1,двуспальная кровать,"[""двуспальная кровать""]","[""double""]","[{""bed"": ""double"", ""count"": 1}]",2,3600.00,3600.00,https://ostrovok.ru/hotel/russia/western_siberia_irkutsk_oblast_multi/mid9752435/luna_hotel_9
gostevoi_dom_margobai,8735570,Кровать в общем номере (общая ванная комната) (3 кровати),1001,5,12,,,"[""nobedding""]",,1,1902.00,5025.00,https://ostrovok.ru/hotel/russia/western_siberia_irkutsk_oblast_multi/mid8735570/gostevoi_dom_margobai
gostevoi_dom_margobai,8735570,Двухместный номер Economy (общая ванная комната) (2 отдельные кровати),3101402,5,4,2 отдельные кровати,"[""2 отдельные кровати""]","[""twin""]","[{""bed"": ""single"", ""count"": 2}]",2,4803.00,8077.00,https://ostrovok.ru/hotel/russia/western_siberia_irkutsk_oblast_multi/mid8735570/gostevoi_dom_margobai
gostevoi_dom_margobai,8735570,Двухместный номер Standard (2 отдельные кровати),3202402,5,1,2 отдельные кровати,"[""2 отдельные кровати""]","[""twin""]","[{""bed"": ""single"", ""count"": 2}]",2,6904.00,10202.00,https://ostrovok.ru/hotel/russia/western_siberia_irkutsk_oblast_multi/mid8735570/gostevoi_dom_margobai
gostevoi_dom_margobai,8735570,Двухместный номер Standard (двуспальная кровать),3202302,5,1,двуспальная кровать,"[""двуспальная кровать""]","[""double""]","[{""bed"": ""double"", ""count"": 1}]",2,6904.00,10202.00,https://ostrovok.ru/hotel/russia/western_siberia_irkutsk_oblast_multi/mid8735570/gostevoi_dom_margobai
gostevoi_dom_margobai,8735570,Двухместный люкс (двуспальная кровать),5002302,5,1,двуспальная кровать,"[""двуспальная кровать""]","[""double""]","[{""bed"": ""double"", ""count"": 1}]",2,8204.00,11548.00,https://ostrovok.ru/hotel/russia/western_siberia_irkutsk_oblast_multi/mid8735570/gostevoi_dom_margobai
gostinitsa_undina,9079103,,,0,,,,,,,,,https://ostrovok.ru/hotel/russia/western_siberia_irkutsk_oblast_multi/mid9079103/gostinitsa_undina
katantsa_hotel,13328659,,,0,,,,,,,,,https://ostrovok.ru/hotel/russia/western_siberia_irkutsk_oblast_multi/mid13328659/katantsa_hotel
gostinitsa_solntse,7818100,Номер Economy,3102,2,4,,,"[""nobedding""]",,1,8800.00,11650.00,https://ostrovok.ru/hotel/russia/western_siberia_irkutsk_oblast_multi/mid7818100/gostinitsa_solntse
gostinitsa_solntse,7818100,Двухместный номер Superior с видом на город (двуспальная кровать),35023020005,1,3,двуспальная кровать,"[""двуспальная кровать""]","[""double""]","[{""bed"": ""double"", ""count"": 1}]",2,10100.00,10100.00,https://ostrovok.ru/hotel/russia/western_siberia_irkutsk_oblast_multi/mid7818100/gostinitsa_solntse
gostinitsa_solntse,7818100,Двухместный номер Standard с видом на город (2 отдельные кровати),32024020005,1,3,2 отдельные кровати,"[""2 отдельные кровати""]","[""twin""]","[{""bed"": ""single"", ""count"": 2}]",2,10100.00,10100.00,https://ostrovok.ru/hotel/russia/western_siberia_irkutsk_oblast_multi/mid7818100/gostinitsa_solntse
gostinitsa_solntse,7818100,Двухместный полулюкс с видом на город (общая ванная комната) (двуспальная кровать),40013020005,1,1,двуспальная кровать,"[""двуспальная кровать""]","[""double""]","[{""bed"": ""double"", ""count"": 1}]",2,11650.00,11650.00,https://ostrovok.ru/hotel/russia/western_siberia_irkutsk_oblast_multi/mid7818100/gostinitsa_solntse
gostinitsa_solntse,7818100,Полулюкс с видом на город,40020000005,1,1,,,"[""nobedding""]",,1,11650.00,11650.00,https://ostrovok.ru/hotel/russia/western_siberia_irkutsk_oblast_multi/mid7818100/gostinitsa_solntse
gostinitsa_solntse,7818100,Студия с видом на город,70020000005,1,1,,,"[""nobedding""]",,1,16500.00,16500.00,https://ostrovok.ru/hotel/russia/western_siberia_irkutsk_oblast_multi/mid7818100/gostinitsa_solntse
gostinitsa_solntse,7818100,Люкс с 2 комнатами с видом на город (джакузи),50020000205,1,1,,,"[""nobedding""]",,1,21500.00,21500.00,https://ostrovok.ru/hotel/russia/western_siberia_irkutsk_oblast_multi/mid7818100/gostinitsa_solntse
profsoyuznaya_hotel_4,13870224,Апартаменты c 1 комнатой с видом на внутренний двор,60020000106,1,68,,,"[""nobedding""]",,1,3230.00,3230.00,https://ostrovok.ru/hotel/russia/western_siberia_irkutsk_oblast_multi/mid13870224/profsoyuznaya_hotel_4
baikal_view_hotel,7681558,Двухместный номер Standard с видом на озеро (2 отдельные кровати),3202402000D,1,18,2 отдельные кровати,"[""2 отдельные кровати""]","[""twin""]","[{""bed"": ""single"", ""count"": 2}]",2,13112.00,13112.00,https://ostrovok.ru/hotel/russia/western_siberia_irkutsk_oblast_multi/mid7681558/baikal_view_hotel
baikal_view_hotel,7681558,Двухместный номер Standard с видом на озеро (двуспальная кровать),3202302000D,1,18,двуспальная кровать,"[""двуспальная кровать""]","[""double""]","[{""bed"": ""double"", ""count"": 1}]",2,13112.00,13112.00,https://ostrovok.ru/hotel/russia/western_siberia_irkutsk_oblast_multi/mid7681558/baikal_view_hotel
baikal_view_hotel,7681558,Двухместный номер Superior с видом на озеро (двуспальная кровать),3502302000D,1,1,двуспальная кровать,"[""двуспальная кровать""]","[""double""]","[{""bed"": ""double"", ""count"": 1}]",2,14531.00,14531.00,https://ostrovok.ru/hotel/russia/western_siberia_irkutsk_oblast_multi/mid7681558/baikal_view_hotel
baikal_view_hotel,7681558,Двухместный номер Superior с видом на озеро (2 отдельные кровати),3502402000D,1,1,2 отдельные кровати,"[""2 отдельные кровати""]","[""twin""]","[{""bed"": ""single"", ""count"": 2}]",2,14531.00,14531.00,https://ostrovok.ru/hotel/russia/western_siberia_irkutsk_oblast_multi/mid7681558/baikal_view_hotel
baikal_view_hotel,7681558,Двухместный номер Comfort с видом на озеро (двуспальная кровать),3302302000D,1,8,двуспальная кровать,"[""двуспальная кровать""]","[""double""]","[{""bed"": ""double"", ""count"": 1}]",2,16280.00,16280.00,https://ostrovok.ru/hotel/russia/western_siberia_irkutsk_oblast_multi/mid7681558/baikal_view_hotel
baikal_view_hotel,7681558,Двухместный номер Comfort с видом на озеро (2 отдельные кровати),3302402000D,1,8,2 отдельные кровати,"[""2 отдельные кровати""]","[""twin""]","[{""bed"": ""single"", ""count"": 2}]",2,16280.00,16280.00,https://ostrovok.ru/hotel/russia/western_siberia_irkutsk_oblast_multi/mid7681558/baikal_view_hotel
baikal_view_hotel,7681558,Двухместный номер Deluxe с видом на озеро (2 отдельные кровати),3602402000D,1,2,2 отдельные кровати,"[""2 отдельные кровати""]","[""twin""]","[{""bed"": ""single"", ""count"": 2}]",2,18249.00,18249.00,https://ostrovok.ru/hotel/russia/western_siberia_irkutsk_oblast_multi/mid7681558/baikal_view_hotel
baikal_view_hotel,7681558,Двухместный номер Deluxe с видом на озеро (двуспальная кровать) (кровать queen size),3602302000D,1,2,двуспальная кровать,"[""двуспальная кровать""]","[""double""]","[{""bed"": ""double"", ""count"": 1}]",2,18249.00,18249.00,https://ostrovok.ru/hotel/russia/western_siberia_irkutsk_oblast_multi/mid7681558/baikal_view_hotel
camping_yelochka_kempinghotel,13868693,Двухместный коттедж № 12 (двуспальная кровать),9A02302,1,10,двуспальная кровать,"[""двуспальная кровать""]","[""double""]","[{""bed"": ""double"", ""count"": 1}]",2,6274.00,6274.00,https://ostrovok.ru/hotel/russia/western_siberia_irkutsk_oblast_multi/mid13868693/camping_yelochka_kempinghotel
camping_yelochka_kempinghotel,13868693,Коттедж № 12 с 2 комнатами,9A0200002,1,2,,,"[""nobedding""]",,1,8590.00,8590.00,https://ostrovok.ru/hotel/russia/western_siberia_irkutsk_oblast_multi/mid13868693/camping_yelochka_kempinghotel
camping_yelochka_kempinghotel,13868693,Коттедж № 6 с 2 комнатами,950200002,1,3,,,"[""nobedding""]",,1,12065.00,12065.00,https://ostrovok.ru/hotel/russia/western_siberia_irkutsk_oblast_multi/mid13868693/camping_yelochka_kempinghotel
tengis_park_hotel,11311730,,,0,,,,,,,,,https://ostrovok.ru/hotel/russia/western_siberia_irkutsk_oblast_multi/mid11311730/tengis_park_hotel
bajkalskie_sezonyi,9992857,Двухместный номер Standard (двуспальная кровать),3202302,1,8,двуспальная кровать,"[""двуспальная кровать""]","[""double""]","[{""bed"": ""double"", ""count"": 1}]",2,12600.00,12600.00,https://ostrovok.ru/hotel/russia/western_siberia_irkutsk_oblast_multi/mid9992857/bajkalskie_sezonyi
bajkalskie_sezonyi,9992857,Двухместный люкс (двуспальная кровать) (диван),5002302,1,1,двуспальная кровать,"[""двуспальная кровать""]","[""double""]","[{""bed"": ""double"", ""count"": 1}]",2,19600.00,19600.00,https://ostrovok.ru/hotel/russia/western_siberia_irkutsk_oblast_multi/mid9992857/bajkalskie_sezonyi
bajkalskie_sezonyi,9992857,Двухместное бунгало (2 отдельные кровати),A002402,1,2,2 отдельные кровати,"[""2 отдельные кровати""]","[""twin""]","[{""bed"": ""single"", ""count"": 2}]",2,21600.00,21600.00,https://ostrovok.ru/hotel/russia/western_siberia_irkutsk_oblast_multi/mid9992857/bajkalskie_sezonyi
bajkalskie_sezonyi,9992857,Двухместное бунгало (двуспальная кровать),A002302,1,2,двуспальная кровать,"[""двуспальная кровать""]","[""double""]","[{""bed"": ""double"", ""count"": 1}]",2,21600.00,21600.00,https://ostrovok.ru/hotel/russia/western_siberia_irkutsk_oblast_multi/mid9992857/bajkalskie_sezonyi
bajkalskie_sezonyi,9992857,Коттедж,9002,1,1,,,"[""nobedding""]",,1,24600.00,24600.00,https://ostrovok.ru/hotel/russia/western_siberia_irkutsk_oblast_multi/mid9992857/bajkalskie_sezonyi
riderside,8754956,Двухместный номер Standard (двуспальная кровать) (без окна),3202302,4,1,двуспальная кровать,"[""двуспальная кровать""]","[""double""]","[{""bed"": ""double"", ""count"": 1}]",2,3000.00,3800.00,https://ostrovok.ru/hotel/russia/western_siberia_irkutsk_oblast_multi/mid8754956/riderside
the_hotel_on_volzhskaya,11311377,Трёхместный номер Economy (общая ванная комната) (в главном здании),3101003,1,13,,,"[""nobedding""]",,3,2823.00,2823.00,https://ostrovok.ru/hotel/russia/western_siberia_irkutsk_oblast_multi/mid11311377/the_hotel_on_volzhskaya
the_hotel_on_volzhskaya,11311377,Двухместный полулюкс (двуспальная кровать) (в главном здании),4002302,1,3,двуспальная кровать,"[""двуспальная кровать""]","[""double""]","[{""bed"": ""double"", ""count"": 1}]",2,3564.00,3564.00,https://ostrovok.ru/hotel/russia/western_siberia_irkutsk_oblast_multi/mid11311377/the_hotel_on_volzhskaya
the_hotel_on_volzhskaya,11311377,Двухместный люкс улучшенный (двуспальная кровать) (в главном здании),5502302,1,1,двуспальная кровать,"[""двуспальная кровать""]","[""double""]","[{""bed"": ""double"", ""count"": 1}]",2,6435.00,6435.00,https://ostrovok.ru/hotel/russia/western_siberia_irkutsk_oblast_multi/mid11311377/the_hotel_on_volzhskaya
smart_hotel_kdo_irkutsk_hotel,10153381,Кровать в общем номере (общая ванная комната) (4 кровати),1001,6,1,,,"[""nobedding""]",,1,1717.00,2170.00,https://ostrovok.ru/hotel/russia/western_siberia_irkutsk_oblast_multi/mid10153381/smart_hotel_kdo_irkutsk_hotel
smart_hotel_kdo_irkutsk_hotel,10153381,Трёхместный номер Economy (общая ванная комната),3101003,1,1,,,"[""nobedding""]",,3,4075.00,4075.00,https://ostrovok.ru/hotel/russia/western_siberia_irkutsk_oblast_multi/mid10153381/smart_hotel_kdo_irkutsk_hotel
arena_on_sverdlov,10153554,Одноместный номер Economy (односпальная кровать) (в дополнительном здании),3102201,2,4,односпальная кровать,"[""односпальная кровать""]","[""nobedding""]","[{""bed"": ""single"", ""count"": 1}]",1,3168.00,3200.00,https://ostrovok.ru/hotel/russia/western_siberia_irkutsk_oblast_multi/mid10153554/arena_on_sverdlov
arena_on_sverdlov,10153554,Номер Economy,3102,3,4,,,"[""nobedding""]",,1,3200.00,7700.00,https://ostrovok.ru/hotel/russia/western_siberia_irkutsk_oblast_multi/mid10153554/arena_on_sverdlov
arena_on_sverdlov,10153554,Двухместный номер Economy (2 отдельные кровати) (в главном здании),3102402,3,6,2 отдельные кровати,"[""2 отдельные кровати""]","[""twin""]","[{""bed"": ""single"", ""count"": 2}]",2,4455.00,4500.00,https://ostrovok.ru/hotel/russia/western_siberia_irkutsk_oblast_multi/mid10153554/arena_on_sverdlov
baykkalina_guest_house,10011069,Коттедж Superior,9502,1,1,,,"[""nobedding""]",,1,8000.00,8000.00,https://ostrovok.ru/hotel/russia/western_siberia_irkutsk_oblast_multi/mid10011069/baykkalina_guest_house
hotel_olimpiada,10440808,"Кровать в общем номере (общая ванная комната) (без окна, 4 кровати)",1001,8,12,,,"[""nobedding""]",,1,800.00,4767.00,https://ostrovok.ru/hotel/russia/western_siberia_irkutsk_oblast_multi/mid10440808/hotel_olimpiada
hotel_olimpiada,10440808,Одноместный номер + Standard (общая ванная комната),3201011,2,1,,,"[""nobedding""]",,1,1700.00,1800.00,https://ostrovok.ru/hotel/russia/western_siberia_irkutsk_oblast_multi/mid10440808/hotel_olimpiada
hotel_olimpiada,10440808,Двухместный номер + Comfort (двуспальная кровать),3302312,2,2,двуспальная кровать,"[""двуспальная кровать""]","[""double""]","[{""bed"": ""double"", ""count"": 1}]",2,3500.00,3707.00,https://ostrovok.ru/hotel/russia/western_siberia_irkutsk_oblast_multi/mid10440808/hotel_olimpiada
hotel_olimpiada,10440808,Двухместный люкс (двуспальная кровать),5002302,2,1,двуспальная кровать,"[""двуспальная кровать""]","[""double""]","[{""bed"": ""double"", ""count"": 1}]",2,5500.00,5826.00,https://ostrovok.ru/hotel/russia/western_siberia_irkutsk_oblast_multi/mid10440808/hotel_olimpiada
hotel_olimpiada,10440808,Люкс семейный,5B02,2,1,,,"[""nobedding""]",,3,6000.00,6356.00,https://ostrovok.ru/hotel/russia/western_siberia_irkutsk_oblast_multi/mid10440808/hotel_olimpiada
hotel_pushkin_2,6932873,Двухместный номер Стандарт (двуспальная кровать),3202302,2,3,двуспальная кровать,"[""двуспальная кровать""]","[""double""]","[{""bed"": ""double"", ""count"": 1}]",2,7325.00,7400.00,https://ostrovok.ru/hotel/russia/western_siberia_irkutsk_oblast_multi/mid6932873/hotel_pushkin_2
hotel_pushkin_2,6932873,Двухместный номер Стандарт Улучшенный (двуспальная кровать),3502302,1,4,двуспальная кровать,"[""двуспальная кровать""]","[""double""]","[{""bed"": ""double"", ""count"": 1}]",2,9300.00,9300.00,https://ostrovok.ru/hotel/russia/western_siberia_irkutsk_oblast_multi/mid6932873/hotel_pushkin_2
hotel_pushkin_2,6932873,Двухместный номер Стандарт Улучшенный (2 отдельные кровати),3502402,1,4,2 отдельные кровати,"[""2 отдельные кровати""]","[""twin""]","[{""bed"": ""single"", ""count"": 2}]",2,9300.00,9300.00,https://ostrovok.ru/hotel/russia/western_siberia_irkutsk_oblast_multi/mid6932873/hotel_pushkin_2
hotel_pushkin_2,6932873,Двухместная Номер Студио (двуспальная кровать) (кровать queen size),7002302,1,5,двуспальная кровать,"[""двуспальная кровать""]","[""double""]","[{""bed"": ""double"", ""count"": 1}]",2,11500.00,11500.00,https://ostrovok.ru/hotel/russia/western_siberia_irkutsk_oblast_multi/mid6932873/hotel_pushkin_2
hotel_pushkin_2,6932873,Двухместный номер Делюкс (двуспальная кровать) (кровать queen size),3602302,1,3,двуспальная кровать,"[""двуспальная кровать""]","[""double""]","[{""bed"": ""double"", ""count"": 1}]",2,13000.00,13000.00,https://ostrovok.ru/hotel/russia/western_siberia_irkutsk_oblast_multi/mid6932873/hotel_pushkin_2
hotel_pushkin_2,6932873,Двухместный номер Делюкс Премиум (двуспальная кровать) (кровать queen size),3A02302,1,2,двуспальная кровать,"[""двуспальная кровать""]","[""double""]","[{""bed"": ""double"", ""count"": 1}]",2,16000.00,16000.00,https://ostrovok.ru/hotel/russia/western_siberia_irkutsk_oblast_multi/mid6932873/hotel_pushkin_2
oktyabrskaya_minihotel,8751925,Двухместный номер Standard (двуспальная кровать) (в главном здании),3202302,2,1,двуспальная кровать,"[""двуспальная кровать""]","[""double""]","[{""bed"": ""double"", ""count"": 1}]",2,1500.00,1589.00,https://ostrovok.ru/hotel/russia/western_siberia_irkutsk_oblast_multi/mid8751925/oktyabrskaya_minihotel
oktyabrskaya_minihotel,8751925,Двухместный номер Standard (2 отдельные кровати) (в главном здании),3202402,2,4,2 отдельные кровати,"[""2 отдельные кровати""]","[""twin""]","[{""bed"": ""single"", ""count"": 2}]",2,1500.00,1589.00,https://ostrovok.ru/hotel/russia/western_siberia_irkutsk_oblast_multi/mid8751925/oktyabrskaya_minihotel
oktyabrskaya_minihotel,8751925,Кровать в общем номере (общая ванная комната) (в главном здании),1001,2,1,,,"[""nobedding""]",,1,3000.00,3178.00,https://ostrovok.ru/hotel/russia/western_siberia_irkutsk_oblast_multi/mid8751925/oktyabrskaya_minihotel
v_samom_tsentre_irkutska_minihotel,10664878,Двухместный номер Standard с видом на город (двуспальная кровать) (терраса),32023020005,1,4,двуспальная кровать,"[""двуспальная кровать""]","[""double""]","[{""bed"": ""double"", ""count"": 1}]",2,5400.00,5400.00,https://ostrovok.ru/hotel/russia/western_siberia_irkutsk_oblast_multi/mid10664878/v_samom_tsentre_irkutska_minihotel
v_samom_tsentre_irkutska_minihotel,10664878,Двухместный номер Standard с видом на город (2 отдельные кровати) (терраса),32024020005,1,4,2 отдельные кровати,"[""2 отдельные кровати""]","[""twin""]","[{""bed"": ""single"", ""count"": 2}]",2,5400.00,5400.00,https://ostrovok.ru/hotel/russia/western_siberia_irkutsk_oblast_multi/mid10664878/v_samom_tsentre_irkutska_minihotel
guest_house_vremena_goda,6511529,,,0,,,,,,,,,https://ostrovok.ru/hotel/russia/western_siberia_irkutsk_oblast_multi/mid6511529/guest_house_vremena_goda
vostochnaia,8682955,,,0,,,,,,,,,https://ostrovok.ru/hotel/russia/western_siberia_irkutsk_oblast_multi/mid8682955/vostochnaia
hotel_barguzin,10012829,Одноместный семейный номер Standard,3202011,1,1,,,"[""nobedding""]",,3,10000.00,10000.00,https://ostrovok.ru/hotel/russia/western_siberia_irkutsk_oblast_multi/mid10012829/hotel_barguzin
hotel_barguzin,10012829,Четырёхместный номер Standard,3202004,1,1,,,"[""nobedding""]",,4,10000.00,10000.00,https://ostrovok.ru/hotel/russia/western_siberia_irkutsk_oblast_multi/mid10012829/hotel_barguzin
bely_bereg,10844916,Двухместная студия Дуплекс с красивым видом из окна (двуспальная кровать) (кровать king size),7002302000U2,2,1,двуспальная кровать,"[""двуспальная кровать""]","[""double""]","[{""bed"": ""double"", ""count"": 1}]",2,8550.00,9500.00,https://ostrovok.ru/hotel/russia/western_siberia_irkutsk_oblast_multi/mid10844916/bely_bereg
hotel_complex_baikalov_ostrog,8027714,Номер Классический Стандарт с красивым видом из окна,3B02000000U,1,21,,,"[""nobedding""]",,1,10500.00,10500.00,https://ostrovok.ru/hotel/russia/western_siberia_irkutsk_oblast_multi/mid8027714/hotel_complex_baikalov_ostrog
hotel_complex_baikalov_ostrog,8027714,Номер Стандарт с красивым видом из окна,3202000000U,1,37,,,"[""nobedding""]",,1,10500.00,10500.00,https://ostrovok.ru/hotel/russia/western_siberia_irkutsk_oblast_multi/mid8027714/hotel_complex_baikalov_ostrog
hotel_complex_baikalov_ostrog,8027714,Номер Классический семейный с красивым видом из окна,3702000000U,1,5,,,"[""nobedding""]",,3,16500.00,16500.00,https://ostrovok.ru/hotel/russia/western_siberia_irkutsk_oblast_multi/mid8027714/hotel_complex_baikalov_ostrog
hotel_complex_baikalov_ostrog,8027714,Люкс с красивым видом из окна,5002000000U,1,4,,,"[""nobedding""]",,1,18000.00,18000.00,https://ostrovok.ru/hotel/russia/western_siberia_irkutsk_oblast_multi/mid8027714/hotel_complex_baikalov_ostrog
hotel_complex_baikalov_ostrog,8027714,Апартаменты с красивым видом из окна,6002000000U,1,1,,,"[""nobedding""]",,1,36000.00,36000.00,https://ostrovok.ru/hotel/russia/western_siberia_irkutsk_oblast_multi/mid8027714/hotel_complex_baikalov_ostrog
tri_kita_2,9824733,Двухместный номер Standard (общая ванная комната) (2 отдельные кровати),3201402,2,2,2 отдельные кровати,"[""2 отдельные кровати""]","[""twin""]","[{""bed"": ""single"", ""count"": 2}]",2,2600.00,3300.00,https://ostrovok.ru/hotel/russia/western_siberia_irkutsk_oblast_multi/mid9824733/tri_kita_2
tri_kita_2,9824733,Семейный номер Standard (общая ванная комната),320101,2,1,,,"[""nobedding""]",,3,3000.00,3700.00,https://ostrovok.ru/hotel/russia/western_siberia_irkutsk_oblast_multi/mid9824733/tri_kita_2
tri_kita_2,9824733,Двухместный номер Comfort (двуспальная кровать),3302302,2,1,двуспальная кровать,"[""двуспальная кровать""]","[""double""]","[{""bed"": ""double"", ""count"": 1}]",2,4200.00,4900.00,https://ostrovok.ru/hotel/russia/western_siberia_irkutsk_oblast_multi/mid9824733/tri_kita_2
tri_kita_2,9824733,Четырёхместный семейный люкс,5002014,2,1,,,"[""nobedding""]",,4,5300.00,6000.00,https://ostrovok.ru/hotel/russia/western_siberia_irkutsk_oblast_multi/mid9824733/tri_kita_2
tri_kita_2,9824733,Двухместный Делюкс (двуспальная кровать),4002302,2,1,двуспальная кровать,"[""двуспальная кровать""]","[""double""]","[{""bed"": ""double"", ""count"": 1}]",2,7000.00,7700.00,https://ostrovok.ru/hotel/russia/western_siberia_irkutsk_oblast_multi/mid9824733/tri_kita_2
yupiter,9987415,Двухместный номер Superior (двуспальная кровать),3502302,2,2,двуспальная кровать,"[""двуспальная кровать""]","[""double""]","[{""bed"": ""double"", ""count"": 1}]",2,3000.00,3300.00,https://ostrovok.ru/hotel/russia/western_siberia_irkutsk_oblast_multi/mid9987415/yupiter
yupiter,9987415,Двухместный номер Standard (2 отдельные кровати),3202402,2,1,2 отдельные кровати,"[""2 отдельные кровати""]","[""twin""]","[{""bed"": ""single"", ""count"": 2}]",2,3000.00,3300.00,https://ostrovok.ru/hotel/russia/western_siberia_irkutsk_oblast_multi/mid9987415/yupiter
hotel_gostinitsa_dinamo,10295894,Кровать в общем номере (общая ванная комната) (3 кровати),1001,1,3,,,"[""nobedding""]",,1,1140.00,1140.00,https://ostrovok.ru/hotel/russia/western_siberia_irkutsk_oblast_multi/mid10295894/hotel_gostinitsa_dinamo
hotel_gostinitsa_dinamo,10295894,Двухместный номер Standard (общая ванная комната) (2 отдельные кровати),3201402,2,7,2 отдельные кровати,"[""2 отдельные кровати""]","[""twin""]","[{""bed"": ""single"", ""count"": 2}]",2,2279.50,2350.00,https://ostrovok.ru/hotel/russia/western_siberia_irkutsk_oblast_multi/mid10295894/hotel_gostinitsa_dinamo
hotel_gostinitsa_dinamo,10295894,Двухместный номер Comfort (общая ванная комната) (2 отдельные кровати),3301402,1,7,2 отдельные кровати,"[""2 отдельные кровати""]","[""twin""]","[{""bed"": ""single"", ""count"": 2}]",2,2850.00,2850.00,https://ostrovok.ru/hotel/russia/western_siberia_irkutsk_oblast_multi/mid10295894/hotel_gostinitsa_dinamo
hotel_gostinitsa_dinamo,10295894,Двухместный люкс c 1 комнатой (двуспальная кровать),500230201,1,1,двуспальная кровать,"[""двуспальная кровать""]","[""double""]","[{""bed"": ""double"", ""count"": 1}]",2,3600.00,3600.00,https://ostrovok.ru/hotel/russia/western_siberia_irkutsk_oblast_multi/mid10295894/hotel_gostinitsa_dinamo
hotel_gostinitsa_dinamo,10295894,Двухместный номер Superior (двуспальная кровать),3502302,1,3,двуспальная кровать,"[""двуспальная кровать""]","[""double""]","[{""bed"": ""double"", ""count"": 1}]",2,3600.00,3600.00,https://ostrovok.ru/hotel/russia/western_siberia_irkutsk_oblast_multi/mid10295894/hotel_gostinitsa_dinamo
hotel_khotej,13330760,,,0,,,,,,,,,https://ostrovok.ru/hotel/russia/western_siberia_irkutsk_oblast_multi/mid13330760/hotel_khotej
olkhon_house_guest_family_house,11278129,,,0,,,,,,,,,https://ostrovok.ru/hotel/russia/western_siberia_irkutsk_oblast_multi/mid11278129/olkhon_house_guest_family_house
dom_baykal_guest_house,10151922,Двухместный номер Standard с красивым видом из окна (2 отдельные кровати),3202402000U,1,1,2 отдельные кровати,"[""2 отдельные кровати""]","[""twin""]","[{""bed"": ""single"", ""count"": 2}]",2,3200.00,3200.00,https://ostrovok.ru/hotel/russia/western_siberia_irkutsk_oblast_multi/mid10151922/dom_baykal_guest_house
dom_baykal_guest_house,10151922,Четырёхместный семейный номер Deluxe с красивым видом из окна,3602014000U,1,1,,,"[""nobedding""]",,4,5200.00,5200.00,https://ostrovok.ru/hotel/russia/western_siberia_irkutsk_oblast_multi/mid10151922/dom_baykal_guest_house
dom_baykal_guest_house,10151922,Четырёхместный семейный номер Superior с видом на город,35020140005,1,1,,,"[""nobedding""]",,4,6000.00,6000.00,https://ostrovok.ru/hotel/russia/western_siberia_irkutsk_oblast_multi/mid10151922/dom_baykal_guest_house
metelitsa_6,9211770,Двухместный номер Standard с красивым видом из окна (двуспальная кровать),3202302000U,1,3,двуспальная кровать,"[""двуспальная кровать""]","[""double""]","[{""bed"": ""double"", ""count"": 1}]",2,2381.00,2381.00,https://ostrovok.ru/hotel/russia/western_siberia_irkutsk_oblast_multi/mid9211770/metelitsa_6
magnetit,8825582,Одноместный номер Классический,3B02001,1,5,,,"[""nobedding""]",,1,2700.00,2700.00,https://ostrovok.ru/hotel/russia/western_siberia_irkutsk_oblast_multi/mid8825582/magnetit
magnetit,8825582,Одноместный номер Стандарт,3202001,1,12,,,"[""nobedding""]",,1,3100.00,3100.00,https://ostrovok.ru/hotel/russia/western_siberia_irkutsk_oblast_multi/mid8825582/magnetit
magnetit,8825582,Одноместный номер Улучшенный,3502001,1,5,,,"[""nobedding""]",,1,4300.00,4300.00,https://ostrovok.ru/hotel/russia/western_siberia_irkutsk_oblast_multi/mid8825582/magnetit
magnetit,8825582,Двухместный номер Стандарт (2 отдельные кровати),3202402,1,3,2 отдельные кровати,"[""2 отдельные кровати""]","[""twin""]","[{""bed"": ""single"", ""count"": 2}]",2,4400.00,4400.00,https://ostrovok.ru/hotel/russia/western_siberia_irkutsk_oblast_multi/mid8825582/magnetit
magnetit,8825582,Полулюкс Однокомнатный (диван),400200001,1,1,,,"[""sofa-bed""]",,1,4600.00,4600.00,https://ostrovok.ru/hotel/russia/western_siberia_irkutsk_oblast_multi/mid8825582/magnetit
magnetit,8825582,Двухместный люкс Двухкомнатный (двуспальная кровать),500230202,1,2,двуспальная кровать,"[""двуспальная кровать""]","[""double""]","[{""bed"": ""double"", ""count"": 1}]",2,5700.00,5700.00,https://ostrovok.ru/hotel/russia/western_siberia_irkutsk_oblast_multi/mid8825582/magnetit
magnetit,8825582,Четырёхместный номер Стандарт,3202004,1,2,,,"[""nobedding""]",,4,8000.00,8000.00,https://ostrovok.ru/hotel/russia/western_siberia_irkutsk_oblast_multi/mid8825582/magnetit
less_guest_house,11308288,Двухместный номер Standard с красивым видом из окна (двуспальная кровать) (кровать king size),3202302000U,1,3,двуспальная кровать,"[""двуспальная кровать""]","[""double""]","[{""bed"": ""double"", ""count"": 1}]",2,9900.00,9900.00,https://ostrovok.ru/hotel/russia/western_siberia_irkutsk_oblast_multi/mid11308288/less_guest_house
less_guest_house,11308288,Двухместный номер Standard с видом на горы (2 отдельные кровати),3202402000F,1,1,2 отдельные кровати,"[""2 отдельные кровати""]","[""twin""]","[{""bed"": ""single"", ""count"": 2}]",2,9900.00,9900.00,https://ostrovok.ru/hotel/russia/western_siberia_irkutsk_oblast_multi/mid11308288/less_guest_house
recreation_complex_altan,7613629,,,0,,,,,,,,,https://ostrovok.ru/hotel/russia/western_siberia_irkutsk_oblast_multi/mid7613629/recreation_complex_altan
aerobratsk,10899814,Кровать в общем номере (общая ванная комната) (3 кровати),1001,2,3,,,"[""nobedding""]",,1,900.00,1700.00,https://ostrovok.ru/hotel/russia/western_siberia_irkutsk_oblast_multi/mid10899814/aerobratsk
aerobratsk,10899814,Одноместный номер Standard,3202001,1,5,,,"[""nobedding""]",,1,3500.00,3500.00,https://ostrovok.ru/hotel/russia/western_siberia_irkutsk_oblast_multi/mid10899814/aerobratsk
hotel_irbis,9290866,,,0,,,,,,,,,https://ostrovok.ru/hotel/russia/western_siberia_irkutsk_oblast_multi/mid9290866/hotel_irbis
svetly_aparthotel,10360693,Двухместный номер Standard (двуспальная кровать),3202302,1,4,двуспальная кровать,"[""двуспальная кровать""]","[""double""]","[{""bed"": ""double"", ""count"": 1}]",2,4500.00,4500.00,https://ostrovok.ru/hotel/russia/western_siberia_irkutsk_oblast_multi/mid10360693/svetly_aparthotel
svetly_aparthotel,10360693,Двухместный номер Standard (2 отдельные кровати),3202402,1,2,2 отдельные кровати,"[""2 отдельные кровати""]","[""twin""]","[{""bed"": ""single"", ""count"": 2}]",2,4500.00,4500.00,https://ostrovok.ru/hotel/russia/western_siberia_irkutsk_oblast_multi/mid10360693/svetly_aparthotel
arena_g_irkutsk,8491921,Одноместный номер Superior (общая ванная комната),3501001,2,5,,,"[""nobedding""]",,1,3128.00,3200.00,https://ostrovok.ru/hotel/russia/western_siberia_irkutsk_oblast_multi/mid8491921/arena_g_irkutsk
arena_g_irkutsk,8491921,Двухместный номер Superior (общая ванная комната) (2 отдельные кровати),3501402,2,6,2 отдельные кровати,"[""2 отдельные кровати""]","[""twin""]","[{""bed"": ""single"", ""count"": 2}]",2,4398.00,4500.00,https://ostrovok.ru/hotel/russia/western_siberia_irkutsk_oblast_multi/mid8491921/arena_g_irkutsk
arena_g_irkutsk,8491921,Двухместный семейный номер Standard с видом на город (двуспальная кровать) (диван),32023120005,1,5,двуспальная кровать,"[""двуспальная кровать""]","[""double""]","[{""bed"": ""double"", ""count"": 1}]",2,6000.00,6000.00,https://ostrovok.ru/hotel/russia/western_siberia_irkutsk_oblast_multi/mid8491921/arena_g_irkutsk
hotel_rodina_grand_hotel_spa_irkutsk_5,11200427,Двухместный Нордик Супериор с красивым видом из окна (2 отдельные кровати),8502402000U,1,3,2 отдельные кровати,"[""2 отдельные кровати""]","[""twin""]","[{""bed"": ""single"", ""count"": 2}]",2,46000.00,46000.00,https://ostrovok.ru/hotel/russia/western_siberia_irkutsk_oblast_multi/mid11200427/hotel_rodina_grand_hotel_spa_irkutsk_5
hotel_rodina_grand_hotel_spa_irkutsk_5,11200427,Двухместный Классик Супериор с красивым видом из окна (2 отдельные кровати),9502402000U,1,5,2 отдельные кровати,"[""2 отдельные кровати""]","[""twin""]","[{""bed"": ""single"", ""count"": 2}]",2,46000.00,46000.00,https://ostrovok.ru/hotel/russia/western_siberia_irkutsk_oblast_multi/mid11200427/hotel_rodina_grand_hotel_spa_irkutsk_5
hotel_rodina_grand_hotel_spa_irkutsk_5,11200427,Двухместный Нордик Супериор с красивым видом из окна (двуспальная кровать),8502302000U,1,3,двуспальная кровать,"[""двуспальная кровать""]","[""double""]","[{""bed"": ""double"", ""count"": 1}]",2,46000.00,46000.00,https://ostrovok.ru/hotel/russia/western_siberia_irkutsk_oblast_multi/mid11200427/hotel_rodina_grand_hotel_spa_irkutsk_5
hotel_rodina_grand_hotel_spa_irkutsk_5,11200427,Двухместный Модерн Супериор (двуспальная кровать) (кровать king size),A502302,1,7,двуспальная кровать,"[""двуспальная кровать""]","[""double""]","[{""bed"": ""double"", ""count"": 1}]",2,46000.00,46000.00,https://ostrovok.ru/hotel/russia/western_siberia_irkutsk_oblast_multi/mid11200427/hotel_rodina_grand_hotel_spa_irkutsk_5
hotel_rodina_grand_hotel_spa_irkutsk_5,11200427,Двухместный Классик Супериор с красивым видом из окна (двуспальная кровать),9502302000U,1,5,двуспальная кровать,"[""двуспальная кровать""]","[""double""]","[{""bed"": ""double"", ""count"": 1}]",2,46000.00,46000.00,https://ostrovok.ru/hotel/russia/western_siberia_irkutsk_oblast_multi/mid11200427/hotel_rodina_grand_hotel_spa_irkutsk_5
hotel_rodina_grand_hotel_spa_irkutsk_5,11200427,Двухместный Модерн Делюкс с красивым видом из окна (двуспальная кровать) (кровать king size),A602302000U,1,3,двуспальная кровать,"[""двуспальная кровать""]","[""double""]","[{""bed"": ""double"", ""count"": 1}]",2,50000.00,50000.00,https://ostrovok.ru/hotel/russia/western_siberia_irkutsk_oblast_multi/mid11200427/hotel_rodina_grand_hotel_spa_irkutsk_5
hotel_rodina_grand_hotel_spa_irkutsk_5,11200427,Двухместный джуниор сьют с красивым видом из окна (двуспальная кровать),4002302000U,1,2,двуспальная кровать,"[""двуспальная кровать""]","[""double""]","[{""bed"": ""double"", ""count"": 1}]",2,62000.00,62000.00,https://ostrovok.ru/hotel/russia/western_siberia_irkutsk_oblast_multi/mid11200427/hotel_rodina_grand_hotel_spa_irkutsk_5
hotel_rodina_grand_hotel_spa_irkutsk_5,11200427,Двухместные апартаменты Авангард с красивым видом из окна (двуспальная кровать),6B02302000U,1,1,двуспальная кровать,"[""двуспальная кровать""]","[""double""]","[{""bed"": ""double"", ""count"": 1}]",2,77000.00,77000.00,https://ostrovok.ru/hotel/russia/western_siberia_irkutsk_oblast_multi/mid11200427/hotel_rodina_grand_hotel_spa_irkutsk_5
hotel_rodina_grand_hotel_spa_irkutsk_5,11200427,Двухместный люкс Президентский с красивым видом из окна (двуспальная кровать),5902302000U,1,1,двуспальная кровать,"[""двуспальная кровать""]","[""double""]","[{""bed"": ""double"", ""count"": 1}]",2,200000.00,200000.00,https://ostrovok.ru/hotel/russia/western_siberia_irkutsk_oblast_multi/mid11200427/hotel_rodina_grand_hotel_spa_irkutsk_5
v_derevne_guest_house,11341246,,,0,,,,,,,,,https://ostrovok.ru/hotel/russia/western_siberia_irkutsk_oblast_multi/mid11341246/v_derevne_guest_house
aura_living_quarters,13743326,,,0,,,,,,,,,https://ostrovok.ru/hotel/russia/western_siberia_irkutsk_oblast_multi/mid13743326/aura_living_quarters
irkutsk_city_lodge,7729360,,,0,,,,,,,,,https://ostrovok.ru/hotel/russia/western_siberia_irkutsk_oblast_multi/mid7729360/irkutsk_city_lodge
hotel_aziyayevropa,13393268,"Двухместный номер Economy (2 отдельные кровати) (без окна, в главном здании)",3102402,1,1,2 отдельные кровати,"[""2 отдельные кровати""]","[""twin""]","[{""bed"": ""single"", ""count"": 2}]",2,3960.00,3960.00,https://ostrovok.ru/hotel/russia/western_siberia_irkutsk_oblast_multi/mid13393268/hotel_aziyayevropa
hotel_aziyayevropa,13393268,Двухместный номер Standard (2 отдельные кровати) (в главном здании),3202402,1,5,2 отдельные кровати,"[""2 отдельные кровати""]","[""twin""]","[{""bed"": ""single"", ""count"": 2}]",2,5197.00,5197.00,https://ostrovok.ru/hotel/russia/western_siberia_irkutsk_oblast_multi/mid13393268/hotel_aziyayevropa
hotel_aziyayevropa,13393268,Двухместный номер Superior (двуспальная кровать),3502302,1,1,двуспальная кровать,"[""двуспальная кровать""]","[""double""]","[{""bed"": ""double"", ""count"": 1}]",2,5939.00,5939.00,https://ostrovok.ru/hotel/russia/western_siberia_irkutsk_oblast_multi/mid13393268/hotel_aziyayevropa
hotel_aziyayevropa,13393268,Двухместный номер Standard (двуспальная кровать) (в главном здании),3202302,1,1,двуспальная кровать,"[""двуспальная кровать""]","[""double""]","[{""bed"": ""double"", ""count"": 1}]",2,7178.00,7178.00,https://ostrovok.ru/hotel/russia/western_siberia_irkutsk_oblast_multi/mid13393268/hotel_aziyayevropa
hotel_soyuz_2,8662950,Двухместный номер Standard (2 отдельные кровати),3202402,1,10,2 отдельные кровати,"[""2 отдельные кровати""]","[""twin""]","[{""bed"": ""single"", ""count"": 2}]",2,5600.00,5600.00,https://ostrovok.ru/hotel/russia/western_siberia_irkutsk_oblast_multi/mid8662950/hotel_soyuz_2
hotel_soyuz_2,8662950,Двухместный номер Standard (двуспальная кровать),3202302,1,16,двуспальная кровать,"[""двуспальная кровать""]","[""double""]","[{""bed"": ""double"", ""count"": 1}]",2,5600.00,5600.00,https://ostrovok.ru/hotel/russia/western_siberia_irkutsk_oblast_multi/mid8662950/hotel_soyuz_2
hotel_soyuz_2,8662950,Двухместный номер Superior (двуспальная кровать),3502302,1,11,двуспальная кровать,"[""двуспальная кровать""]","[""double""]","[{""bed"": ""double"", ""count"": 1}]",2,6600.00,6600.00,https://ostrovok.ru/hotel/russia/western_siberia_irkutsk_oblast_multi/mid8662950/hotel_soyuz_2
hotel_soyuz_2,8662950,Двухместный номер Superior (2 отдельные кровати),3502402,1,6,2 отдельные кровати,"[""2 отдельные кровати""]","[""twin""]","[{""bed"": ""single"", ""count"": 2}]",2,6600.00,6600.00,https://ostrovok.ru/hotel/russia/western_siberia_irkutsk_oblast_multi/mid8662950/hotel_soyuz_2
hotel_soyuz_2,8662950,Двухместный полулюкс (2 отдельные кровати),4002402,1,7,2 отдельные кровати,"[""2 отдельные кровати""]","[""twin""]","[{""bed"": ""single"", ""count"": 2}]",2,8200.00,8200.00,https://ostrovok.ru/hotel/russia/western_siberia_irkutsk_oblast_multi/mid8662950/hotel_soyuz_2
hotel_soyuz_2,8662950,Двухместный полулюкс (двуспальная кровать),4002302,1,3,двуспальная кровать,"[""двуспальная кровать""]","[""double""]","[{""bed"": ""double"", ""count"": 1}]",2,8200.00,8200.00,https://ostrovok.ru/hotel/russia/western_siberia_irkutsk_oblast_multi/mid8662950/hotel_soyuz_2
hotel_soyuz_2,8662950,Двухместный люкс (двуспальная кровать),5002302,1,6,двуспальная кровать,"[""двуспальная кровать""]","[""double""]","[{""bed"": ""double"", ""count"": 1}]",2,9300.00,9300.00,https://ostrovok.ru/hotel/russia/western_siberia_irkutsk_oblast_multi/mid8662950/hotel_soyuz_2
hotel_soyuz_2,8662950,Двухместный люкс (2 отдельные кровати),5002402,1,4,2 отдельные кровати,"[""2 отдельные кровати""]","[""twin""]","[{""bed"": ""single"", ""count"": 2}]",2,9300.00,9300.00,https://ostrovok.ru/hotel/russia/western_siberia_irkutsk_oblast_multi/mid8662950/hotel_soyuz_2
u_lukomorya_4,10009441,,,0,,,,,,,,,https://ostrovok.ru/hotel/russia/western_siberia_irkutsk_oblast_multi/mid10009441/u_lukomorya_4
apartments_viking_khaus,13097492,"Четырёхместные апартаменты Дуплекс с 2 комнатами с видом на внутренний двор (диван, терраса)",600200402062,1,1,,,"[""sofa-bed""]",,4,20000.00,20000.00,https://ostrovok.ru/hotel/russia/western_siberia_irkutsk_oblast_multi/mid13097492/apartments_viking_khaus
meridian_7,6297237,Двухместный номер Comfort (двуспальная кровать) (тип кровати может измениться),3302302,2,7,двуспальная кровать,"[""двуспальная кровать""]","[""double""]","[{""bed"": ""double"", ""count"": 1}]",2,5000.00,5136.00,https://ostrovok.ru/hotel/russia/western_siberia_irkutsk_oblast_multi/mid6297237/meridian_7
meridian_7,6297237,Двухместный люкс (двуспальная кровать) (тип кровати может измениться),5002302,2,4,двуспальная кровать,"[""двуспальная кровать""]","[""double""]","[{""bed"": ""double"", ""count"": 1}]",2,6600.00,6778.00,https://ostrovok.ru/hotel/russia/western_siberia_irkutsk_oblast_multi/mid6297237/meridian_7
gostinitsa_akademicheskaya,8438905,Одноместный номер Economy (общая ванная комната),3101001,1,6,,,"[""nobedding""]",,1,3000.00,3000.00,https://ostrovok.ru/hotel/russia/western_siberia_irkutsk_oblast_multi/mid8438905/gostinitsa_akademicheskaya
gostinitsa_akademicheskaya,8438905,Одноместный номер Standard,3202001,1,6,,,"[""nobedding""]",,1,4200.00,4200.00,https://ostrovok.ru/hotel/russia/western_siberia_irkutsk_oblast_multi/mid8438905/gostinitsa_akademicheskaya
gostinitsa_akademicheskaya,8438905,Одноместный номер Economy,3102001,1,9,,,"[""nobedding""]",,1,4400.00,4400.00,https://ostrovok.ru/hotel/russia/western_siberia_irkutsk_oblast_multi/mid8438905/gostinitsa_akademicheskaya
gostinitsa_akademicheskaya,8438905,Двухместный номер Standard (2 отдельные кровати),3202402,1,8,2 отдельные кровати,"[""2 отдельные кровати""]","[""twin""]","[{""bed"": ""single"", ""count"": 2}]",2,5000.00,5000.00,https://ostrovok.ru/hotel/russia/western_siberia_irkutsk_oblast_multi/mid8438905/gostinitsa_akademicheskaya
gostinitsa_akademicheskaya,8438905,Номер Standard с 2 комнатами,320200002,1,1,,,"[""nobedding""]",,1,5400.00,5400.00,https://ostrovok.ru/hotel/russia/western_siberia_irkutsk_oblast_multi/mid8438905/gostinitsa_akademicheskaya
green_hotel_,6518006,Двухместный номер Standard (2 отдельные кровати),3202402,4,3,2 отдельные кровати,"[""2 отдельные кровати""]","[""twin""]","[{""bed"": ""single"", ""count"": 2}]",2,3543.75,3950.00,https://ostrovok.ru/hotel/russia/western_siberia_irkutsk_oblast_multi/mid6518006/green_hotel_
green_hotel_,6518006,Двухместный семейный номер Standard (двуспальная кровать) (диван),3202312,1,2,двуспальная кровать,"[""двуспальная кровать""]","[""double""]","[{""bed"": ""double"", ""count"": 1}]",2,4772.25,4772.25,https://ostrovok.ru/hotel/russia/western_siberia_irkutsk_oblast_multi/mid6518006/green_hotel_
green_hotel_,6518006,Одноместный номер Economy,3102001,4,2,,,"[""nobedding""]",,1,4829.00,5250.00,https://ostrovok.ru/hotel/russia/western_siberia_irkutsk_oblast_multi/mid6518006/green_hotel_
green_hotel_,6518006,Двухместный люкс (двуспальная кровать),5002302,4,1,двуспальная кровать,"[""двуспальная кровать""]","[""double""]","[{""bed"": ""double"", ""count"": 1}]",2,5717.25,6250.00,https://ostrovok.ru/hotel/russia/western_siberia_irkutsk_oblast_multi/mid6518006/green_hotel_
royal_hotel_33,6362904,Двухместный полулюкс (двуспальная кровать),4002302,2,1,двуспальная кровать,"[""двуспальная кровать""]","[""double""]","[{""bed"": ""double"", ""count"": 1}]",2,6541.00,7136.00,https://ostrovok.ru/hotel/russia/western_siberia_irkutsk_oblast_multi/mid6362904/royal_hotel_33
royal_hotel_33,6362904,Апартаменты с видом на город,60020000005,2,2,,,"[""nobedding""]",,1,8609.00,9196.00,https://ostrovok.ru/hotel/russia/western_siberia_irkutsk_oblast_multi/mid6362904/royal_hotel_33
baykal_khan_hotel_olkhon,6848973,Двухместный номер Standard с балконом и с красивым видом из окна (2 отдельные кровати),3202402001U,1,15,2 отдельные кровати,"[""2 отдельные кровати""]","[""twin""]","[{""bed"": ""single"", ""count"": 2}]",2,14750.00,14750.00,https://ostrovok.ru/hotel/russia/western_siberia_irkutsk_oblast_multi/mid6848973/baykal_khan_hotel_olkhon
baykal_khan_hotel_olkhon,6848973,Двухместный номер Standard с балконом и с красивым видом из окна (двуспальная кровать),3202302001U,1,3,двуспальная кровать,"[""двуспальная кровать""]","[""double""]","[{""bed"": ""double"", ""count"": 1}]",2,14750.00,14750.00,https://ostrovok.ru/hotel/russia/western_siberia_irkutsk_oblast_multi/mid6848973/baykal_khan_hotel_olkhon
baykal_khan_hotel_olkhon,6848973,Двухместный номер Superior с балконом и с красивым видом из окна (2 отдельные кровати),3502402001U,1,1,2 отдельные кровати,"[""2 отдельные кровати""]","[""twin""]","[{""bed"": ""single"", ""count"": 2}]",2,17110.00,17110.00,https://ostrovok.ru/hotel/russia/western_siberia_irkutsk_oblast_multi/mid6848973/baykal_khan_hotel_olkhon
gostinitsa_ustilim,7026078,Одноместный номер Эконом (общая ванная комната),3101001,3,4,,,"[""nobedding""]",,1,1750.00,10338.00,https://ostrovok.ru/hotel/russia/western_siberia_irkutsk_oblast_multi/mid7026078/gostinitsa_ustilim
gostinitsa_ustilim,7026078,Одноместный номер Стандарт,3202001,2,3,,,"[""nobedding""]",,1,4000.00,4307.00,https://ostrovok.ru/hotel/russia/western_siberia_irkutsk_oblast_multi/mid7026078/gostinitsa_ustilim
gostinitsa_ustilim,7026078,Одноместный номер Улучшенный стандарт,3502001,2,4,,,"[""nobedding""]",,1,4600.00,4953.00,https://ostrovok.ru/hotel/russia/western_siberia_irkutsk_oblast_multi/mid7026078/gostinitsa_ustilim
gostinitsa_ustilim,7026078,Одноместный номер Комфорт,3302001,2,12,,,"[""nobedding""]",,1,5300.00,5705.00,https://ostrovok.ru/hotel/russia/western_siberia_irkutsk_oblast_multi/mid7026078/gostinitsa_ustilim
gostinitsa_ustilim,7026078,Одноместный номер Улучшенный комфорт,3402001,2,13,,,"[""nobedding""]",,1,6000.00,6459.00,https://ostrovok.ru/hotel/russia/western_siberia_irkutsk_oblast_multi/mid7026078/gostinitsa_ustilim
gostinitsa_ustilim,7026078,Двухместный люкс Superior (двуспальная кровать),5502302,2,1,двуспальная кровать,"[""двуспальная кровать""]","[""double""]","[{""bed"": ""double"", ""count"": 1}]",2,9100.00,9797.00,https://ostrovok.ru/hotel/russia/western_siberia_irkutsk_oblast_multi/mid7026078/gostinitsa_ustilim
gostinitsa_ustilim,7026078,Двухместный люкс (двуспальная кровать),5002302,3,1,двуспальная кровать,"[""двуспальная кровать""]","[""double""]","[{""bed"": ""double"", ""count"": 1}]",2,9100.00,10338.00,https://ostrovok.ru/hotel/russia/western_siberia_irkutsk_oblast_multi/mid7026078/gostinitsa_ustilim
hotel_baikal_best_edelweiss,9991110,"Двухместный номер Эконом Стандарт (двуспальная кровать) (тип кровати может измениться, в главном здании)",3102302,1,3,двуспальная кровать,"[""двуспальная кровать""]","[""double""]","[{""bed"": ""double"", ""count"": 1}]",2,6756.00,6756.00,https://ostrovok.ru/hotel/russia/western_siberia_irkutsk_oblast_multi/mid9991110/hotel_baikal_best_edelweiss
hotel_baikal_best_edelweiss,9991110,"Двухместный люкс с диваном c 1 комнатой (двуспальная кровать) (тип кровати может измениться, в главном здании)",500230211,1,1,двуспальная кровать,"[""двуспальная кровать""]","[""double""]","[{""bed"": ""double"", ""count"": 1}]",2,13514.00,13514.00,https://ostrovok.ru/hotel/russia/western_siberia_irkutsk_oblast_multi/mid9991110/hotel_baikal_best_edelweiss
gloria_20,8854283,Одноместный номер Standard,3202001,1,1,,,"[""nobedding""]",,1,6471.00,6471.00,https://ostrovok.ru/hotel/russia/western_siberia_irkutsk_oblast_multi/mid8854283/gloria_20
bajkalkemp,8742801,Четырёхместный номер Economy (общая ванная комната),3101004,1,1,,,"[""nobedding""]",,4,1980.00,1980.00,https://ostrovok.ru/hotel/russia/western_siberia_irkutsk_oblast_multi/mid8742801/bajkalkemp
saturn_8,9291161,Двухместный номер Standard (двуспальная кровать) (тип кровати может измениться),3202302,8,3,двуспальная кровать,"[""двуспальная кровать""]","[""double""]","[{""bed"": ""double"", ""count"": 1}]",2,3000.00,3639.00,https://ostrovok.ru/hotel/russia/western_siberia_irkutsk_oblast_multi/mid9291161/saturn_8
saturn_8,9291161,Двухместная студия (двуспальная кровать),7002302,8,1,двуспальная кровать,"[""двуспальная кровать""]","[""double""]","[{""bed"": ""double"", ""count"": 1}]",2,3500.00,4158.00,https://ostrovok.ru/hotel/russia/western_siberia_irkutsk_oblast_multi/mid9291161/saturn_8
khoromy_recreation_camp,13284761,Двухместный номер Standard (2 отдельные кровати),3202402,1,16,2 отдельные кровати,"[""2 отдельные кровати""]","[""twin""]","[{""bed"": ""single"", ""count"": 2}]",2,12500.00,12500.00,https://ostrovok.ru/hotel/russia/western_siberia_irkutsk_oblast_multi/mid13284761/khoromy_recreation_camp
khoromy_recreation_camp,13284761,Двухместные апартаменты с 2 комнатами (двуспальная кровать),600230202,1,3,двуспальная кровать,"[""двуспальная кровать""]","[""double""]","[{""bed"": ""double"", ""count"": 1}]",2,15000.00,15000.00,https://ostrovok.ru/hotel/russia/western_siberia_irkutsk_oblast_multi/mid13284761/khoromy_recreation_camp
khoromy_recreation_camp,13284761,Люкс с балконом,5002000001,1,9,,,"[""nobedding""]",,1,16500.00,16500.00,https://ostrovok.ru/hotel/russia/western_siberia_irkutsk_oblast_multi/mid13284761/khoromy_recreation_camp
mir_baykala_hotel,10219071,"Двухместный коттедж Premium (двуспальная кровать) (тип кровати может измениться, в дополнительном здании)",9A02302,1,1,двуспальная кровать,"[""двуспальная кровать""]","[""double""]","[{""bed"": ""double"", ""count"": 1}]",2,17819.00,17819.00,https://ostrovok.ru/hotel/russia/western_siberia_irkutsk_oblast_multi/mid10219071/mir_baykala_hotel
planeta_9,8850641,Двухместный номер Standard (двуспальная кровать),3202302,4,3,двуспальная кровать,"[""двуспальная кровать""]","[""double""]","[{""bed"": ""double"", ""count"": 1}]",2,2969.00,3220.00,https://ostrovok.ru/hotel/russia/western_siberia_irkutsk_oblast_multi/mid8850641/planeta_9
planeta_9,8850641,Двухместный номер Standard (2 отдельные кровати),3202402,4,3,2 отдельные кровати,"[""2 отдельные кровати""]","[""twin""]","[{""bed"": ""single"", ""count"": 2}]",2,2969.00,3220.00,https://ostrovok.ru/hotel/russia/western_siberia_irkutsk_oblast_multi/mid8850641/planeta_9
planeta_9,8850641,Двухместный полулюкс (двуспальная кровать),4002302,4,3,двуспальная кровать,"[""двуспальная кровать""]","[""double""]","[{""bed"": ""double"", ""count"": 1}]",2,3465.00,3715.00,https://ostrovok.ru/hotel/russia/western_siberia_irkutsk_oblast_multi/mid8850641/planeta_9
planeta_9,8850641,Двухместный люкс (двуспальная кровать),5002302,4,2,двуспальная кровать,"[""двуспальная кровать""]","[""double""]","[{""bed"": ""double"", ""count"": 1}]",2,4949.00,5200.00,https://ostrovok.ru/hotel/russia/western_siberia_irkutsk_oblast_multi/mid8850641/planeta_9
baikal_capsule_hostel,8881125,Кровать в общем номере (общая ванная комната) (8 кроватей),1001,1,7,,,"[""nobedding""]",,1,1188.00,1188.00,https://ostrovok.ru/hotel/russia/western_siberia_irkutsk_oblast_multi/mid8881125/baikal_capsule_hostel
gostevoj_dom_endemik,10012407,Двухместный номер Standard (двуспальная кровать) (тип кровати может измениться),3202302,2,1,двуспальная кровать,"[""двуспальная кровать""]","[""double""]","[{""bed"": ""double"", ""count"": 1}]",2,8610.00,8900.00,https://ostrovok.ru/hotel/russia/western_siberia_irkutsk_oblast_multi/mid10012407/gostevoj_dom_endemik
home_hotel_apartments_home_wanted_on_piskunov_street,11232250,Апартаменты c 1 комнатой,600200001,1,1,,,"[""nobedding""]",,1,3713.00,3713.00,https://ostrovok.ru/hotel/russia/western_siberia_irkutsk_oblast_multi/mid11232250/home_hotel_apartments_home_wanted_on_piskunov_street
home_hotel_apartments_home_wanted_on_piskunov_street,11232250,Студия,7002,1,1,,,"[""nobedding""]",,1,3713.00,3713.00,https://ostrovok.ru/hotel/russia/western_siberia_irkutsk_oblast_multi/mid11232250/home_hotel_apartments_home_wanted_on_piskunov_street
komilfo_2,9768630,Номер № 13 Двухкомнатный,3B0200002,1,1,,,"[""nobedding""]",,1,3500.00,3500.00,https://ostrovok.ru/hotel/russia/western_siberia_irkutsk_oblast_multi/mid9768630/komilfo_2
komilfo_2,9768630,Номер № 15 Двухкомнатный,330200002,1,1,,,"[""nobedding""]",,1,3500.00,3500.00,https://ostrovok.ru/hotel/russia/western_siberia_irkutsk_oblast_multi/mid9768630/komilfo_2
komilfo_2,9768630,Номер Однокомнатный № 14,3202,2,1,,,"[""nobedding""]",,1,3500.00,3712.00,https://ostrovok.ru/hotel/russia/western_siberia_irkutsk_oblast_multi/mid9768630/komilfo_2
komilfo_2,9768630,Номер № 5,3402,1,1,,,"[""nobedding""]",,1,5000.00,5000.00,https://ostrovok.ru/hotel/russia/western_siberia_irkutsk_oblast_multi/mid9768630/komilfo_2
komilfo_2,9768630,Номер № 6 (джакузи),3502,1,1,,,"[""nobedding""]",,1,5000.00,5000.00,https://ostrovok.ru/hotel/russia/western_siberia_irkutsk_oblast_multi/mid9768630/komilfo_2
komilfo_2,9768630,Номер № 4 Трехкомнатный,360200003,1,1,,,"[""nobedding""]",,1,5000.00,5000.00,https://ostrovok.ru/hotel/russia/western_siberia_irkutsk_oblast_multi/mid9768630/komilfo_2
komilfo_2,9768630,Номер № 1 Двухкомнатный,370200002,1,1,,,"[""nobedding""]",,1,5000.00,5000.00,https://ostrovok.ru/hotel/russia/western_siberia_irkutsk_oblast_multi/mid9768630/komilfo_2
gostevoy_dom_isiger_baikal,11254237,,,0,,,,,,,,,https://ostrovok.ru/hotel/russia/western_siberia_irkutsk_oblast_multi/mid11254237/gostevoy_dom_isiger_baikal
hotelclub_ice,9679208,Шале,B002,4,1,,,"[""nobedding""]",,1,12000.00,40590.00,https://ostrovok.ru/hotel/russia/western_siberia_irkutsk_oblast_multi/mid9679208/hotelclub_ice
spektr_2,8854293,Одноместный номер Standard (односпальная кровать),3202201,4,2,односпальная кровать,"[""односпальная кровать""]","[""nobedding""]","[{""bed"": ""single"", ""count"": 1}]",1,3031.00,3924.00,https://ostrovok.ru/hotel/russia/western_siberia_irkutsk_oblast_multi/mid8854293/spektr_2
spektr_2,8854293,Двухместный номер Standard (2 отдельные кровати),3202402,4,1,2 отдельные кровати,"[""2 отдельные кровати""]","[""twin""]","[{""bed"": ""single"", ""count"": 2}]",2,3129.00,4022.00,https://ostrovok.ru/hotel/russia/western_siberia_irkutsk_oblast_multi/mid8854293/spektr_2
spektr_2,8854293,Трёхместный номер Standard (3 отдельные кровати),3202703,4,2,3 отдельные кровати,"[""3 отдельные кровати""]","[""nobedding""]","[{""bed"": ""single"", ""count"": 3}]",3,4889.00,5782.00,https://ostrovok.ru/hotel/russia/western_siberia_irkutsk_oblast_multi/mid8854293/spektr_2
v_gostyakh_u_dubrovskikh_guest_house,13286418,,,0,,,,,,,,,https://ostrovok.ru/hotel/russia/western_siberia_irkutsk_oblast_multi/mid13286418/v_gostyakh_u_dubrovskikh_guest_house
na_beregu_baykala_guest_house,13299718,Коттедж (кухня),9002,1,1,,,"[""nobedding""]",,1,7500.00,7500.00,https://ostrovok.ru/hotel/russia/western_siberia_irkutsk_oblast_multi/mid13299718/na_beregu_baykala_guest_house
lenatour,8752255,Двухместный номер Standard (общая ванная комната) (двуспальная кровать),3201302,2,3,двуспальная кровать,"[""двуспальная кровать""]","[""double""]","[{""bed"": ""double"", ""count"": 1}]",2,3100.00,3424.00,https://ostrovok.ru/hotel/russia/western_siberia_irkutsk_oblast_multi/mid8752255/lenatour
lenatour,8752255,Двухместный номер Standard (общая ванная комната) (2 отдельные кровати),3201402,2,1,2 отдельные кровати,"[""2 отдельные кровати""]","[""twin""]","[{""bed"": ""single"", ""count"": 2}]",2,4000.00,4418.00,https://ostrovok.ru/hotel/russia/western_siberia_irkutsk_oblast_multi/mid8752255/lenatour
lenatour,8752255,Трёхместный номер Standard (общая ванная комната),3201003,2,2,,,"[""nobedding""]",,3,6000.00,6627.00,https://ostrovok.ru/hotel/russia/western_siberia_irkutsk_oblast_multi/mid8752255/lenatour
lenatour,8752255,Четырёхместный номер Standard (общая ванная комната),3201004,2,1,,,"[""nobedding""]",,4,8000.00,8836.00,https://ostrovok.ru/hotel/russia/western_siberia_irkutsk_oblast_multi/mid8752255/lenatour
olkhon_2,13368018,Трёхместный номер Standard (3 отдельные кровати) (в дополнительном здании),3202703,1,7,3 отдельные кровати,"[""3 отдельные кровати""]","[""nobedding""]","[{""bed"": ""single"", ""count"": 3}]",3,5445.00,5445.00,https://ostrovok.ru/hotel/russia/western_siberia_irkutsk_oblast_multi/mid13368018/olkhon_2
olkhon_2,13368018,Трёхместное бунгало Superior (3 отдельные кровати) (в дополнительном здании),A502703,1,1,3 отдельные кровати,"[""3 отдельные кровати""]","[""nobedding""]","[{""bed"": ""single"", ""count"": 3}]",3,5939.00,5939.00,https://ostrovok.ru/hotel/russia/western_siberia_irkutsk_oblast_multi/mid13368018/olkhon_2
siberia_9,13369836,Кровать в общем номере (общая ванная комната) (2 кровати),1001,1,2,,,"[""nobedding""]",,1,2178.00,2178.00,https://ostrovok.ru/hotel/russia/western_siberia_irkutsk_oblast_multi/mid13369836/siberia_9
siberia_9,13369836,Одноместный номер Standard (общая ванная комната),3201001,1,1,,,"[""nobedding""]",,1,4158.00,4158.00,https://ostrovok.ru/hotel/russia/western_siberia_irkutsk_oblast_multi/mid13369836/siberia_9
siberia_9,13369836,Двухместный номер Standard (общая ванная комната) (2 отдельные кровати),3201402,1,3,2 отдельные кровати,"[""2 отдельные кровати""]","[""twin""]","[{""bed"": ""single"", ""count"": 2}]",2,4158.00,4158.00,https://ostrovok.ru/hotel/russia/western_siberia_irkutsk_oblast_multi/mid13369836/siberia_9
glempingotel_yolki_recreation_camp,13723450,,,0,,,,,,,,,https://ostrovok.ru/hotel/russia/western_siberia_irkutsk_oblast_multi/mid13723450/glempingotel_yolki_recreation_camp
pekin_hotel,13730320,Двухместный номер Standard (двуспальная кровать) (тип кровати может измениться),3202302,1,70,двуспальная кровать,"[""двуспальная кровать""]","[""double""]","[{""bed"": ""double"", ""count"": 1}]",2,5619.00,5619.00,https://ostrovok.ru/hotel/russia/western_siberia_irkutsk_oblast_multi/mid13730320/pekin_hotel
pekin_hotel,13730320,Двухместный полулюкс (двуспальная кровать),4002302,1,4,двуспальная кровать,"[""двуспальная кровать""]","[""double""]","[{""bed"": ""double"", ""count"": 1}]",2,6463.00,6463.00,https://ostrovok.ru/hotel/russia/western_siberia_irkutsk_oblast_multi/mid13730320/pekin_hotel
rezidentsii_rodina_irkutsk,13678434,Дом Курбатова Superior Classic с видом на город,95020000005,1,4,,,"[""nobedding""]",,1,28000.00,28000.00,https://ostrovok.ru/hotel/russia/western_siberia_irkutsk_oblast_multi/mid13678434/rezidentsii_rodina_irkutsk
rezidentsii_rodina_irkutsk,13678434,Дом Курбатова Deluxe Classic с видом на город,96020000005,1,4,,,"[""nobedding""]",,1,32500.00,32500.00,https://ostrovok.ru/hotel/russia/western_siberia_irkutsk_oblast_multi/mid13678434/rezidentsii_rodina_irkutsk
rezidentsii_rodina_irkutsk,13678434,Апартаменты Дом Русанова с видом на внутренний двор,60020000006,1,1,,,"[""nobedding""]",,1,58000.00,58000.00,https://ostrovok.ru/hotel/russia/western_siberia_irkutsk_oblast_multi/mid13678434/rezidentsii_rodina_irkutsk
hotel_arakhis,13963961,Номер Standard с видом на город,32020000005,1,1,,,"[""nobedding""]",,1,4500.00,4500.00,https://ostrovok.ru/hotel/russia/western_siberia_irkutsk_oblast_multi/mid13963961/hotel_arakhis
hotel_arakhis,13963961,Семейный номер Standard с видом на город,32020100005,1,1,,,"[""nobedding""]",,3,7500.00,7500.00,https://ostrovok.ru/hotel/russia/western_siberia_irkutsk_oblast_multi/mid13963961/hotel_arakhis
