ota_hotel_id,master_id,room_name,rg_hash,count_rg_hash,allotment,bedding_type,beds,bedding_data,multi_bed_data,capacity,price_rub_min,price_rub_max,url
irkutsk_city_center,13384478,Двухместный номер Делюкс (2 отдельные кровати),3602402,4,15,2 отдельные кровати,"[""2 отдельные кровати""]","[""twin""]","[{""bed"": ""single"", ""count"": 2}]",2,5500.00,6500.00,https://ostrovok.ru/hotel/russia/western_siberia_irkutsk_oblast_multi/mid13384478/irkutsk_city_center
irkutsk_city_center,13384478,Двухместный номер Делюкс (двуспальная кровать) (кровать king size),3602302,4,12,двуспальная кровать,"[""двуспальная кровать""]","[""double""]","[{""bed"": ""double"", ""count"": 1}]",2,5500.00,6500.00,https://ostrovok.ru/hotel/russia/western_siberia_irkutsk_oblast_multi/mid13384478/irkutsk_city_center
irkutsk_city_center,13384478,Двухместный номер Бизнес Делюкс (двуспальная кровать) (кровать king size),3602312,4,32,двуспальная кровать,"[""двуспальная кровать""]","[""double""]","[{""bed"": ""double"", ""count"": 1}]",2,7500.00,8500.00,https://ostrovok.ru/hotel/russia/western_siberia_irkutsk_oblast_multi/mid13384478/irkutsk_city_center
irkutsk_city_center,13384478,Двухместный номер Бизнес Делюкс (2 отдельные кровати),3602412,4,36,2 отдельные кровати,"[""2 отдельные кровати""]","[""twin""]","[{""bed"": ""single"", ""count"": 2}]",2,7500.00,8500.00,https://ostrovok.ru/hotel/russia/western_siberia_irkutsk_oblast_multi/mid13384478/irkutsk_city_center
irkutsk_city_center,13384478,Двухместный номер Бизнес Гранд Делюкс (двуспальная кровать) (кровать king size),3D02312,4,1,двуспальная кровать,"[""двуспальная кровать""]","[""double""]","[{""bed"": ""double"", ""count"": 1}]",2,9500.00,10500.00,https://ostrovok.ru/hotel/russia/western_siberia_irkutsk_oblast_multi/mid13384478/irkutsk_city_center
irkutsk_city_center,13384478,Двухместный люкс (двуспальная кровать),5002302,4,2,двуспальная кровать,"[""двуспальная кровать""]","[""double""]","[{""bed"": ""double"", ""count"": 1}]",2,11500.00,12500.00,https://ostrovok.ru/hotel/russia/western_siberia_irkutsk_oblast_multi/mid13384478/irkutsk_city_center
irkutsk_city_center,13384478,Двухместный люкс Бизнес (двуспальная кровать) (кровать king size),5002312,2,3,двуспальная кровать,"[""двуспальная кровать""]","[""double""]","[{""bed"": ""double"", ""count"": 1}]",2,14500.00,14500.00,https://ostrovok.ru/hotel/russia/western_siberia_irkutsk_oblast_multi/mid13384478/irkutsk_city_center
angara_hotel,7806182,Одноместный номер Стандарт (односпальная кровать),3202001,4,15,односпальная кровать,"[""односпальная кровать""]","[""nobedding""]","[{""bed"": ""single"", ""count"": 1}]",1,5250.00,5500.00,https://ostrovok.ru/hotel/russia/western_siberia_irkutsk_oblast_multi/mid7806182/angara_hotel
angara_hotel,7806182,Одноместный номер Стандарт + (односпальная кровать),3402001,4,20,односпальная кровать,"[""односпальная кровать""]","[""nobedding""]","[{""bed"": ""single"", ""count"": 1}]",1,5750.00,6000.00,https://ostrovok.ru/hotel/russia/western_siberia_irkutsk_oblast_multi/mid7806182/angara_hotel
angara_hotel,7806182,Двухместный номер Стандарт (2 отдельные кровати),3202402,4,17,2 отдельные кровати,"[""2 отдельные кровати""]","[""twin""]","[{""bed"": ""single"", ""count"": 2}]",2,6050.00,7100.00,https://ostrovok.ru/hotel/russia/western_siberia_irkutsk_oblast_multi/mid7806182/angara_hotel
angara_hotel,7806182,Двухместный номер Стандарт + (2 отдельные кровати),3402402,4,23,2 отдельные кровати,"[""2 отдельные кровати""]","[""twin""]","[{""bed"": ""single"", ""count"": 2}]",2,6650.00,6900.00,https://ostrovok.ru/hotel/russia/western_siberia_irkutsk_oblast_multi/mid7806182/angara_hotel
angara_hotel,7806182,Двухместный номер Стандарт + (двуспальная кровать),3402302,4,22,двуспальная кровать,"[""двуспальная кровать""]","[""double""]","[{""bed"": ""double"", ""count"": 1}]",2,6650.00,6900.00,https://ostrovok.ru/hotel/russia/western_siberia_irkutsk_oblast_multi/mid7806182/angara_hotel
angara_hotel,7806182,Двухместный Джуниор Сюит (двуспальная кровать) (кровать queen size),4002302,4,10,двуспальная кровать,"[""двуспальная кровать""]","[""double""]","[{""bed"": ""double"", ""count"": 1}]",2,8850.00,9100.00,https://ostrovok.ru/hotel/russia/western_siberia_irkutsk_oblast_multi/mid7806182/angara_hotel
angara_hotel,7806182,Двухместный люкс (двуспальная кровать) (кровать queen size),5002302,4,1,двуспальная кровать,"[""двуспальная кровать""]","[""double""]","[{""bed"": ""double"", ""count"": 1}]",2,9850.00,10100.00,https://ostrovok.ru/hotel/russia/western_siberia_irkutsk_oblast_multi/mid7806182/angara_hotel
azimut_aeroport_irkutsk_hotel,13317260,Одноместный номер Standard (односпальная кровать),3202001,4,2,односпальная кровать,"[""односпальная кровать""]","[""nobedding""]","[{""bed"": ""single"", ""count"": 1}]",1,7000.00,7850.00,https://ostrovok.ru/hotel/russia/western_siberia_irkutsk_oblast_multi/mid13317260/azimut_aeroport_irkutsk_hotel
azimut_aeroport_irkutsk_hotel,13317260,Двухместный номер Standard (двуспальная кровать),3202302,4,1,двуспальная кровать,"[""двуспальная кровать""]","[""double""]","[{""bed"": ""double"", ""count"": 1}]",2,7500.00,8350.00,https://ostrovok.ru/hotel/russia/western_siberia_irkutsk_oblast_multi/mid13317260/azimut_aeroport_irkutsk_hotel
azimut_aeroport_irkutsk_hotel,13317260,Двухместный номер Стандарт для людей с ограниченными возможностями с видом на город (двуспальная кровать) (для гостей с ограниченными возможностями),3I023020005,4,3,двуспальная кровать,"[""двуспальная кровать""]","[""double""]","[{""bed"": ""double"", ""count"": 1}]",2,7500.00,8350.00,https://ostrovok.ru/hotel/russia/western_siberia_irkutsk_oblast_multi/mid13317260/azimut_aeroport_irkutsk_hotel
azimut_aeroport_irkutsk_hotel,13317260,Двухместный номер Superior с красивым видом из окна (двуспальная кровать),3502302000U,4,5,двуспальная кровать,"[""двуспальная кровать""]","[""double""]","[{""bed"": ""double"", ""count"": 1}]",2,8200.00,9050.00,https://ostrovok.ru/hotel/russia/western_siberia_irkutsk_oblast_multi/mid13317260/azimut_aeroport_irkutsk_hotel
baza_otdykha_gostiny_dvor_vdokhnovenie,10438999,Двухместный номер Standard (2 отдельные кровати),3202402,1,9,2 отдельные кровати,"[""2 отдельные кровати""]","[""twin""]","[{""bed"": ""single"", ""count"": 2}]",2,6000.00,6000.00,https://ostrovok.ru/hotel/russia/western_siberia_irkutsk_oblast_multi/mid10438999/baza_otdykha_gostiny_dvor_vdokhnovenie
baza_otdykha_gostiny_dvor_vdokhnovenie,10438999,Двухместное бунгало с видом на внутренний двор (2 отдельные кровати) (терраса),A0024020006,1,1,2 отдельные кровати,"[""2 отдельные кровати""]","[""twin""]","[{""bed"": ""single"", ""count"": 2}]",2,6000.00,6000.00,https://ostrovok.ru/hotel/russia/western_siberia_irkutsk_oblast_multi/mid10438999/baza_otdykha_gostiny_dvor_vdokhnovenie
baza_otdykha_gostiny_dvor_vdokhnovenie,10438999,Семейный номер Deluxe с видом на озеро (двуспальная кровать),3602010000D,1,1,двуспальная кровать,"[""двуспальная кровать""]","[""double""]","[{""bed"": ""double"", ""count"": 1}]",2,7000.00,7000.00,https://ostrovok.ru/hotel/russia/western_siberia_irkutsk_oblast_multi/mid10438999/baza_otdykha_gostiny_dvor_vdokhnovenie
baza_otdykha_gostiny_dvor_vdokhnovenie,10438999,Двухместный семейный люкс с балконом и с видом на озеро (двуспальная кровать),5002312001D,1,1,двуспальная кровать,"[""двуспальная кровать""]","[""double""]","[{""bed"": ""double"", ""count"": 1}]",2,13500.00,13500.00,https://ostrovok.ru/hotel/russia/western_siberia_irkutsk_oblast_multi/mid10438999/baza_otdykha_gostiny_dvor_vdokhnovenie
rus_hotel_irkutsk,7774831,Одноместный номер Standard (односпальная кровать),3202201,3,22,односпальная кровать,"[""односпальная кровать""]","[""nobedding""]","[{""bed"": ""single"", ""count"": 1}]",1,3640.00,4600.00,https://ostrovok.ru/hotel/russia/western_siberia_irkutsk_oblast_multi/mid7774831/rus_hotel_irkutsk
rus_hotel_irkutsk,7774831,Двухместный номер Standard (двуспальная кровать),3202302,3,11,двуспальная кровать,"[""двуспальная кровать""]","[""double""]","[{""bed"": ""double"", ""count"": 1}]",2,3798.00,4800.00,https://ostrovok.ru/hotel/russia/western_siberia_irkutsk_oblast_multi/mid7774831/rus_hotel_irkutsk
rus_hotel_irkutsk,7774831,Двухместный номер Standard (2 отдельные кровати),3202402,3,11,2 отдельные кровати,"[""2 отдельные кровати""]","[""twin""]","[{""bed"": ""single"", ""count"": 2}]",2,3798.00,4800.00,https://ostrovok.ru/hotel/russia/western_siberia_irkutsk_oblast_multi/mid7774831/rus_hotel_irkutsk
rus_hotel_irkutsk,7774831,Двухместный номер Comfort (2 отдельные кровати),3302402,3,8,2 отдельные кровати,"[""2 отдельные кровати""]","[""twin""]","[{""bed"": ""single"", ""count"": 2}]",2,4827.00,6100.00,https://ostrovok.ru/hotel/russia/western_siberia_irkutsk_oblast_multi/mid7774831/rus_hotel_irkutsk
rus_hotel_irkutsk,7774831,Двухместный номер Comfort (двуспальная кровать),3302302,3,8,двуспальная кровать,"[""двуспальная кровать""]","[""double""]","[{""bed"": ""double"", ""count"": 1}]",2,4827.00,6100.00,https://ostrovok.ru/hotel/russia/western_siberia_irkutsk_oblast_multi/mid7774831/rus_hotel_irkutsk
rus_hotel_irkutsk,7774831,Двухместный номер Deluxe с видом на город (двуспальная кровать),36023020005,3,3,двуспальная кровать,"[""двуспальная кровать""]","[""double""]","[{""bed"": ""double"", ""count"": 1}]",2,5618.00,7100.00,https://ostrovok.ru/hotel/russia/western_siberia_irkutsk_oblast_multi/mid7774831/rus_hotel_irkutsk
tajga_hotel,9767827,Двухместный Джуниор Сюит Дизайнерский с видом на город (двуспальная кровать) (кровать king size),4B023020005,4,2,двуспальная кровать,"[""двуспальная кровать""]","[""double""]","[{""bed"": ""double"", ""count"": 1}]",2,10000.00,10200.00,https://ostrovok.ru/hotel/russia/western_siberia_irkutsk_oblast_multi/mid9767827/tajga_hotel
ibis_irkutsk_center,8734978,Двухместный номер Standard (двуспальная кровать),3202302,4,21,двуспальная кровать,"[""двуспальная кровать""]","[""double""]","[{""bed"": ""double"", ""count"": 1}]",2,5150.00,6400.00,https://ostrovok.ru/hotel/russia/western_siberia_irkutsk_oblast_multi/mid8734978/ibis_irkutsk_center
ibis_irkutsk_center,8734978,Двухместный номер Standard (2 отдельные кровати),3202402,2,22,2 отдельные кровати,"[""2 отдельные кровати""]","[""twin""]","[{""bed"": ""single"", ""count"": 2}]",2,5150.00,5150.00,https://ostrovok.ru/hotel/russia/western_siberia_irkutsk_oblast_multi/mid8734978/ibis_irkutsk_center
ibis_irkutsk_center,8734978,Двухместный номер Superior (двуспальная кровать),3502302,4,11,двуспальная кровать,"[""двуспальная кровать""]","[""double""]","[{""bed"": ""double"", ""count"": 1}]",2,6650.00,7900.00,https://ostrovok.ru/hotel/russia/western_siberia_irkutsk_oblast_multi/mid8734978/ibis_irkutsk_center
ibis_irkutsk_center,8734978,Двухместный номер Superior (2 отдельные кровати),3502402,2,2,2 отдельные кровати,"[""2 отдельные кровати""]","[""twin""]","[{""bed"": ""single"", ""count"": 2}]",2,6650.00,6650.00,https://ostrovok.ru/hotel/russia/western_siberia_irkutsk_oblast_multi/mid8734978/ibis_irkutsk_center
victory_hotel_4,8457230,Двухместный номер Стандартный (двуспальная кровать),3202302,4,2,двуспальная кровать,"[""двуспальная кровать""]","[""double""]","[{""bed"": ""double"", ""count"": 1}]",2,3800.00,5700.00,https://ostrovok.ru/hotel/russia/western_siberia_irkutsk_oblast_multi/mid8457230/victory_hotel_4
victory_hotel_4,8457230,Двухместный номер Стандартный (2 отдельные кровати),3202402,4,2,2 отдельные кровати,"[""2 отдельные кровати""]","[""twin""]","[{""bed"": ""single"", ""count"": 2}]",2,3800.00,5700.00,https://ostrovok.ru/hotel/russia/western_siberia_irkutsk_oblast_multi/mid8457230/victory_hotel_4
victory_hotel_4,8457230,Двухместный номер Стандартный Улучшенный (2 отдельные кровати),3502402,4,2,2 отдельные кровати,"[""2 отдельные кровати""]","[""twin""]","[{""bed"": ""single"", ""count"": 2}]",2,4200.00,6100.00,https://ostrovok.ru/hotel/russia/western_siberia_irkutsk_oblast_multi/mid8457230/victory_hotel_4
victory_hotel_4,8457230,Двухместный номер Стандартный Улучшенный (двуспальная кровать),3502302,4,2,двуспальная кровать,"[""двуспальная кровать""]","[""double""]","[{""bed"": ""double"", ""count"": 1}]",2,4200.00,6100.00,https://ostrovok.ru/hotel/russia/western_siberia_irkutsk_oblast_multi/mid8457230/victory_hotel_4
hotel_premium_hotel_pushkin,13310309,Двухместный номер Делюкс с красивым видом из окна (двуспальная кровать),3602302000U,3,5,двуспальная кровать,"[""двуспальная кровать""]","[""double""]","[{""bed"": ""double"", ""count"": 1}]",2,17100.00,18000.00,https://ostrovok.ru/hotel/russia/western_siberia_irkutsk_oblast_multi/mid13310309/hotel_premium_hotel_pushkin
hotel_premium_hotel_pushkin,13310309,Двухместный номер Гранд Делюкс с видом на внутренний двор (двуспальная кровать),3D023020006,3,10,двуспальная кровать,"[""двуспальная кровать""]","[""double""]","[{""bed"": ""double"", ""count"": 1}]",2,19950.00,21000.00,https://ostrovok.ru/hotel/russia/western_siberia_irkutsk_oblast_multi/mid13310309/hotel_premium_hotel_pushkin
hotel_premium_hotel_pushkin,13310309,Двухместный номер Премиум с красивым видом из окна (двуспальная кровать),3A02302000U,3,9,двуспальная кровать,"[""двуспальная кровать""]","[""double""]","[{""bed"": ""double"", ""count"": 1}]",2,24700.00,26000.00,https://ostrovok.ru/hotel/russia/western_siberia_irkutsk_oblast_multi/mid13310309/hotel_premium_hotel_pushkin
hotel_premium_hotel_pushkin,13310309,Двухместный люкс Президентский с красивым видом из окна (двуспальная кровать),5902302000U,3,2,двуспальная кровать,"[""двуспальная кровать""]","[""double""]","[{""bed"": ""double"", ""count"": 1}]",2,45600.00,48000.00,https://ostrovok.ru/hotel/russia/western_siberia_irkutsk_oblast_multi/mid13310309/hotel_premium_hotel_pushkin
divobaykala_flat_1,13373670,Двухместные апартаменты с видом на город (двуспальная кровать) (кровать king size),60023020005,2,1,двуспальная кровать,"[""двуспальная кровать""]","[""double""]","[{""bed"": ""double"", ""count"": 1}]",2,2473.50,2550.00,https://ostrovok.ru/hotel/russia/western_siberia_irkutsk_oblast_multi/mid13373670/divobaykala_flat_1
hotel_harats_inn,13752679,Двухместный номер Economy (двуспальная кровать),3102302,2,3,двуспальная кровать,"[""двуспальная кровать""]","[""double""]","[{""bed"": ""double"", ""count"": 1}]",2,4352.00,4400.00,https://ostrovok.ru/hotel/russia/western_siberia_irkutsk_oblast_multi/mid13752679/hotel_harats_inn
hotel_harats_inn,13752679,Двухместный номер Standard (двуспальная кровать),3202302,2,5,двуспальная кровать,"[""двуспальная кровать""]","[""double""]","[{""bed"": ""double"", ""count"": 1}]",2,5440.00,5500.00,https://ostrovok.ru/hotel/russia/western_siberia_irkutsk_oblast_multi/mid13752679/hotel_harats_inn
hotel_harats_inn,13752679,Двухместный номер Comfort (двуспальная кровать),3302302,2,1,двуспальная кровать,"[""двуспальная кровать""]","[""double""]","[{""bed"": ""double"", ""count"": 1}]",2,6528.00,6600.00,https://ostrovok.ru/hotel/russia/western_siberia_irkutsk_oblast_multi/mid13752679/hotel_harats_inn
hotel_harats_inn,13752679,Двухместный люкс (двуспальная кровать),5002302,2,1,двуспальная кровать,"[""двуспальная кровать""]","[""double""]","[{""bed"": ""double"", ""count"": 1}]",2,7616.00,7700.00,https://ostrovok.ru/hotel/russia/western_siberia_irkutsk_oblast_multi/mid13752679/hotel_harats_inn
dohodnyij_dom_listratvoj_butikhotel,9024017,Одноместный номер Standard (односпальная кровать),3202001,2,5,односпальная кровать,"[""односпальная кровать""]","[""nobedding""]","[{""bed"": ""single"", ""count"": 1}]",1,3163.50,3330.00,https://ostrovok.ru/hotel/russia/western_siberia_irkutsk_oblast_multi/mid9024017/dohodnyij_dom_listratvoj_butikhotel
dohodnyij_dom_listratvoj_butikhotel,9024017,Двухместный номер Standard (2 отдельные кровати),3202402,2,1,2 отдельные кровати,"[""2 отдельные кровати""]","[""twin""]","[{""bed"": ""single"", ""count"": 2}]",2,3690.75,3885.00,https://ostrovok.ru/hotel/russia/western_siberia_irkutsk_oblast_multi/mid9024017/dohodnyij_dom_listratvoj_butikhotel
dohodnyij_dom_listratvoj_butikhotel,9024017,Двухместный номер Standard с видом на внутренний двор (двуспальная кровать),32023020006,2,1,двуспальная кровать,"[""двуспальная кровать""]","[""double""]","[{""bed"": ""double"", ""count"": 1}]",2,3885.00,3885.00,https://ostrovok.ru/hotel/russia/western_siberia_irkutsk_oblast_multi/mid9024017/dohodnyij_dom_listratvoj_butikhotel
dohodnyij_dom_listratvoj_butikhotel,9024017,Двухместный номер Comfort (двуспальная кровать),3302302,2,2,двуспальная кровать,"[""двуспальная кровать""]","[""double""]","[{""bed"": ""double"", ""count"": 1}]",2,4218.00,4440.00,https://ostrovok.ru/hotel/russia/western_siberia_irkutsk_oblast_multi/mid9024017/dohodnyij_dom_listratvoj_butikhotel
dohodnyij_dom_listratvoj_butikhotel,9024017,Двухместный номер Comfort (2 отдельные кровати),3302402,2,2,2 отдельные кровати,"[""2 отдельные кровати""]","[""twin""]","[{""bed"": ""single"", ""count"": 2}]",2,4218.00,4440.00,https://ostrovok.ru/hotel/russia/western_siberia_irkutsk_oblast_multi/mid9024017/dohodnyij_dom_listratvoj_butikhotel
dohodnyij_dom_listratvoj_butikhotel,9024017,Двухместный полулюкс (двуспальная кровать) (кровать king size),4002302,2,1,двуспальная кровать,"[""двуспальная кровать""]","[""double""]","[{""bed"": ""double"", ""count"": 1}]",2,4745.25,4995.00,https://ostrovok.ru/hotel/russia/western_siberia_irkutsk_oblast_multi/mid9024017/dohodnyij_dom_listratvoj_butikhotel
dohodnyij_dom_listratvoj_butikhotel,9024017,Двухместный люкс с 2 комнатами (двуспальная кровать),500230202,2,2,двуспальная кровать,"[""двуспальная кровать""]","[""double""]","[{""bed"": ""double"", ""count"": 1}]",2,5272.50,5550.00,https://ostrovok.ru/hotel/russia/western_siberia_irkutsk_oblast_multi/mid9024017/dohodnyij_dom_listratvoj_butikhotel
evropa_hotel,7828771,Одноместный номер Economy (односпальная кровать),3102001,7,5,односпальная кровать,"[""односпальная кровать""]","[""nobedding""]","[{""bed"": ""single"", ""count"": 1}]",1,5040.00,7400.00,https://ostrovok.ru/hotel/russia/western_siberia_irkutsk_oblast_multi/mid7828771/evropa_hotel
evropa_hotel,7828771,Одноместный номер Standard (односпальная кровать),3202001,7,5,односпальная кровать,"[""односпальная кровать""]","[""nobedding""]","[{""bed"": ""single"", ""count"": 1}]",1,5040.00,7400.00,https://ostrovok.ru/hotel/russia/western_siberia_irkutsk_oblast_multi/mid7828771/evropa_hotel
evropa_hotel,7828771,Двухместный номер Standard (2 отдельные кровати),3202402,7,5,2 отдельные кровати,"[""2 отдельные кровати""]","[""twin""]","[{""bed"": ""single"", ""count"": 2}]",2,5400.00,7800.00,https://ostrovok.ru/hotel/russia/western_siberia_irkutsk_oblast_multi/mid7828771/evropa_hotel
evropa_hotel,7828771,Двухместный номер Standard (двуспальная кровать),3202302,7,5,двуспальная кровать,"[""двуспальная кровать""]","[""double""]","[{""bed"": ""double"", ""count"": 1}]",2,5400.00,7800.00,https://ostrovok.ru/hotel/russia/western_siberia_irkutsk_oblast_multi/mid7828771/evropa_hotel
evropa_hotel,7828771,Одноместный номер Superior (односпальная кровать),3502001,7,8,односпальная кровать,"[""односпальная кровать""]","[""nobedding""]","[{""bed"": ""single"", ""count"": 1}]",1,5850.00,8300.00,https://ostrovok.ru/hotel/russia/western_siberia_irkutsk_oblast_multi/mid7828771/evropa_hotel
evropa_hotel,7828771,Двухместный номер Superior (2 отдельные кровати),3502402,7,3,2 отдельные кровати,"[""2 отдельные кровати""]","[""twin""]","[{""bed"": ""single"", ""count"": 2}]",2,6300.00,8800.00,https://ostrovok.ru/hotel/russia/western_siberia_irkutsk_oblast_multi/mid7828771/evropa_hotel
evropa_hotel,7828771,Двухместный номер Superior (двуспальная кровать),3502302,7,3,двуспальная кровать,"[""двуспальная кровать""]","[""double""]","[{""bed"": ""double"", ""count"": 1}]",2,6300.00,8800.00,https://ostrovok.ru/hotel/russia/western_siberia_irkutsk_oblast_multi/mid7828771/evropa_hotel
evropa_hotel,7828771,Двухместный номер Comfort (двуспальная кровать),3302302,7,1,двуспальная кровать,"[""двуспальная кровать""]","[""double""]","[{""bed"": ""double"", ""count"": 1}]",2,9180.00,12000.00,https://ostrovok.ru/hotel/russia/western_siberia_irkutsk_oblast_multi/mid7828771/evropa_hotel
evropa_hotel,7828771,Двухместный Джуниор сьют (двуспальная кровать),4002302,7,3,двуспальная кровать,"[""двуспальная кровать""]","[""double""]","[{""bed"": ""double"", ""count"": 1}]",2,10080.00,13000.00,https://ostrovok.ru/hotel/russia/western_siberia_irkutsk_oblast_multi/mid7828771/evropa_hotel
hotel_anastasiya_2,13164685,Одноместный номер Standard с красивым видом из окна (односпальная кровать),3202001000U,4,1,односпальная кровать,"[""односпальная кровать""]","[""nobedding""]","[{""bed"": ""single"", ""count"": 1}]",1,7280.00,8624.00,https://ostrovok.ru/hotel/russia/western_siberia_irkutsk_oblast_multi/mid13164685/hotel_anastasiya_2
hotel_anastasiya_2,13164685,Одноместный номер Standard с балконом и с красивым видом из окна (односпальная кровать),3202001001U,4,2,односпальная кровать,"[""односпальная кровать""]","[""nobedding""]","[{""bed"": ""single"", ""count"": 1}]",1,7600.00,8944.00,https://ostrovok.ru/hotel/russia/western_siberia_irkutsk_oblast_multi/mid13164685/hotel_anastasiya_2
hotel_anastasiya_2,13164685,Двухместный номер Standard (2 отдельные кровати),3202402,4,6,2 отдельные кровати,"[""2 отдельные кровати""]","[""twin""]","[{""bed"": ""single"", ""count"": 2}]",2,10160.00,11504.00,https://ostrovok.ru/hotel/russia/western_siberia_irkutsk_oblast_multi/mid13164685/hotel_anastasiya_2
hotel_anastasiya_2,13164685,Двухместный номер Standard (двуспальная кровать),3202302,4,6,двуспальная кровать,"[""двуспальная кровать""]","[""double""]","[{""bed"": ""double"", ""count"": 1}]",2,10160.00,11504.00,https://ostrovok.ru/hotel/russia/western_siberia_irkutsk_oblast_multi/mid13164685/hotel_anastasiya_2
hotel_anastasiya_2,13164685,Двухместный номер Standard с красивым видом из окна (2 отдельные кровати),3202402000U,4,2,2 отдельные кровати,"[""2 отдельные кровати""]","[""twin""]","[{""bed"": ""single"", ""count"": 2}]",2,10800.00,12144.00,https://ostrovok.ru/hotel/russia/western_siberia_irkutsk_oblast_multi/mid13164685/hotel_anastasiya_2
hotel_anastasiya_2,13164685,Двухместный номер Standard с красивым видом из окна (двуспальная кровать),3202302000U,4,2,двуспальная кровать,"[""двуспальная кровать""]","[""double""]","[{""bed"": ""double"", ""count"": 1}]",2,10800.00,12144.00,https://ostrovok.ru/hotel/russia/western_siberia_irkutsk_oblast_multi/mid13164685/hotel_anastasiya_2
hotel_anastasiya_2,13164685,Двухместный номер Standard с балконом (двуспальная кровать),3202302001,4,3,двуспальная кровать,"[""двуспальная кровать""]","[""double""]","[{""bed"": ""double"", ""count"": 1}]",2,10960.00,12304.00,https://ostrovok.ru/hotel/russia/western_siberia_irkutsk_oblast_multi/mid13164685/hotel_anastasiya_2
hotel_anastasiya_2,13164685,Двухместный номер Standard с балконом (2 отдельные кровати),3202402001,4,3,2 отдельные кровати,"[""2 отдельные кровати""]","[""twin""]","[{""bed"": ""single"", ""count"": 2}]",2,10960.00,12304.00,https://ostrovok.ru/hotel/russia/western_siberia_irkutsk_oblast_multi/mid13164685/hotel_anastasiya_2
hotel_anastasiya_2,13164685,Двухместный номер Superior с балконом и с видом на озеро (2 отдельные кровати),3502402001D,4,2,2 отдельные кровати,"[""2 отдельные кровати""]","[""twin""]","[{""bed"": ""single"", ""count"": 2}]",2,11920.00,16580.00,https://ostrovok.ru/hotel/russia/western_siberia_irkutsk_oblast_multi/mid13164685/hotel_anastasiya_2
hotel_anastasiya_2,13164685,Двухместный полулюкс с 2 комнатами с балконом и с видом на озеро (двуспальная кровать),4002302021D,4,2,двуспальная кровать,"[""двуспальная кровать""]","[""double""]","[{""bed"": ""double"", ""count"": 1}]",2,14320.00,15664.00,https://ostrovok.ru/hotel/russia/western_siberia_irkutsk_oblast_multi/mid13164685/hotel_anastasiya_2
hotel_anastasiya_2,13164685,Двухместный люкс с 2 комнатами с красивым видом из окна (двуспальная кровать),5002302020U,4,1,двуспальная кровать,"[""двуспальная кровать""]","[""double""]","[{""bed"": ""double"", ""count"": 1}]",2,16000.00,17344.00,https://ostrovok.ru/hotel/russia/western_siberia_irkutsk_oblast_multi/mid13164685/hotel_anastasiya_2
hotel_anastasiya_2,13164685,Двухместный люкс Presidential с 3 комнатами с балконом и с красивым видом из окна (двуспальная кровать),5902302031U,4,1,двуспальная кровать,"[""двуспальная кровать""]","[""double""]","[{""bed"": ""double"", ""count"": 1}]",2,26960.00,28304.00,https://ostrovok.ru/hotel/russia/western_siberia_irkutsk_oblast_multi/mid13164685/hotel_anastasiya_2
otel_irkut,8348721,Одноместный номер Standard,3202001,2,2,,,"[""nobedding""]",,1,3350.00,3350.00,https://ostrovok.ru/hotel/russia/western_siberia_irkutsk_oblast_multi/mid8348721/otel_irkut
otel_irkut,8348721,Двухместный номер Standard (2 отдельные кровати),3202402,2,7,2 отдельные кровати,"[""2 отдельные кровати""]","[""twin""]","[{""bed"": ""single"", ""count"": 2}]",2,3500.00,3500.00,https://ostrovok.ru/hotel/russia/western_siberia_irkutsk_oblast_multi/mid8348721/otel_irkut
otel_irkut,8348721,Двухместный номер Standard (двуспальная кровать),3202302,2,2,двуспальная кровать,"[""двуспальная кровать""]","[""double""]","[{""bed"": ""double"", ""count"": 1}]",2,3500.00,3500.00,https://ostrovok.ru/hotel/russia/western_siberia_irkutsk_oblast_multi/mid8348721/otel_irkut
otel_irkut,8348721,Двухместный номер Superior (двуспальная кровать),3502302,2,2,двуспальная кровать,"[""двуспальная кровать""]","[""double""]","[{""bed"": ""double"", ""count"": 1}]",2,3900.00,3900.00,https://ostrovok.ru/hotel/russia/western_siberia_irkutsk_oblast_multi/mid8348721/otel_irkut
otel_irkut,8348721,Двухместный номер Superior (2 отдельные кровати),3502402,2,5,2 отдельные кровати,"[""2 отдельные кровати""]","[""twin""]","[{""bed"": ""single"", ""count"": 2}]",2,3900.00,3900.00,https://ostrovok.ru/hotel/russia/western_siberia_irkutsk_oblast_multi/mid8348721/otel_irkut
otel_irkut,8348721,Одноместный номер Superior,3502001,2,1,,,"[""nobedding""]",,1,4050.00,4050.00,https://ostrovok.ru/hotel/russia/western_siberia_irkutsk_oblast_multi/mid8348721/otel_irkut
otel_irkut,8348721,Двухместный номер Standard Premium (двуспальная кровать),3A02302,2,1,двуспальная кровать,"[""двуспальная кровать""]","[""double""]","[{""bed"": ""double"", ""count"": 1}]",2,6800.00,6800.00,https://ostrovok.ru/hotel/russia/western_siberia_irkutsk_oblast_multi/mid8348721/otel_irkut
vozdushnaya_gavan,8059310,Одноместный номер Standard (односпальная кровать),3202001,2,20,односпальная кровать,"[""односпальная кровать""]","[""nobedding""]","[{""bed"": ""single"", ""count"": 1}]",1,4747.00,4800.00,https://ostrovok.ru/hotel/russia/western_siberia_irkutsk_oblast_multi/mid8059310/vozdushnaya_gavan
vozdushnaya_gavan,8059310,Двухместный номер Standard (2 отдельные кровати),3202402,2,45,2 отдельные кровати,"[""2 отдельные кровати""]","[""twin""]","[{""bed"": ""single"", ""count"": 2}]",2,5341.00,5400.00,https://ostrovok.ru/hotel/russia/western_siberia_irkutsk_oblast_multi/mid8059310/vozdushnaya_gavan
vozdushnaya_gavan,8059310,Двухместный люкс с видом на город (двуспальная кровать),50023020005,2,3,двуспальная кровать,"[""двуспальная кровать""]","[""double""]","[{""bed"": ""double"", ""count"": 1}]",2,9001.00,9100.00,https://ostrovok.ru/hotel/russia/western_siberia_irkutsk_oblast_multi/mid8059310/vozdushnaya_gavan
hotel_nataly_2,7776564,Двухместный номер Economy с красивым видом из окна (общая ванная комната) (двуспальная кровать),3101302000U,1,2,двуспальная кровать,"[""двуспальная кровать""]","[""double""]","[{""bed"": ""double"", ""count"": 1}]",2,4500.00,4500.00,https://ostrovok.ru/hotel/russia/western_siberia_irkutsk_oblast_multi/mid7776564/hotel_nataly_2
hotel_nataly_2,7776564,Апартаменты с 2 комнатами,600200002,1,1,,,"[""nobedding""]",,1,7000.00,7000.00,https://ostrovok.ru/hotel/russia/western_siberia_irkutsk_oblast_multi/mid7776564/hotel_nataly_2
history_boutiquehotel,9741097,Двухместный номер Классик с балконом (двуспальная кровать),3B02302001,2,12,двуспальная кровать,"[""двуспальная кровать""]","[""double""]","[{""bed"": ""double"", ""count"": 1}]",2,22443.75,23625.00,https://ostrovok.ru/hotel/russia/western_siberia_irkutsk_oblast_multi/mid9741097/history_boutiquehotel
history_boutiquehotel,9741097,Двухместный номер Классик с балконом (2 отдельные кровати),3B02402001,2,12,2 отдельные кровати,"[""2 отдельные кровати""]","[""twin""]","[{""bed"": ""single"", ""count"": 2}]",2,22443.75,23625.00,https://ostrovok.ru/hotel/russia/western_siberia_irkutsk_oblast_multi/mid9741097/history_boutiquehotel
history_boutiquehotel,9741097,Двухместный номер Комфорт с балконом (2 отдельные кровати),3302402001,2,6,2 отдельные кровати,"[""2 отдельные кровати""]","[""twin""]","[{""bed"": ""single"", ""count"": 2}]",2,24438.75,25725.00,https://ostrovok.ru/hotel/russia/western_siberia_irkutsk_oblast_multi/mid9741097/history_boutiquehotel
history_boutiquehotel,9741097,Двухместный номер Комфорт с балконом (двуспальная кровать),3302302001,2,6,двуспальная кровать,"[""двуспальная кровать""]","[""double""]","[{""bed"": ""double"", ""count"": 1}]",2,24438.75,25725.00,https://ostrovok.ru/hotel/russia/western_siberia_irkutsk_oblast_multi/mid9741097/history_boutiquehotel
history_boutiquehotel,9741097,Двухместный полулюкс Бизнес с балконом (двуспальная кровать) (кровать king size),4402302001,2,4,двуспальная кровать,"[""двуспальная кровать""]","[""double""]","[{""bed"": ""double"", ""count"": 1}]",2,28428.75,29925.00,https://ostrovok.ru/hotel/russia/western_siberia_irkutsk_oblast_multi/mid9741097/history_boutiquehotel
history_boutiquehotel,9741097,Двухместный люкс Премьер с балконом (двуспальная кровать) (кровать king size),5702302001,2,2,двуспальная кровать,"[""двуспальная кровать""]","[""double""]","[{""bed"": ""double"", ""count"": 1}]",2,38403.75,40425.00,https://ostrovok.ru/hotel/russia/western_siberia_irkutsk_oblast_multi/mid9741097/history_boutiquehotel
history_boutiquehotel,9741097,Двухместный полулюкс Президент с балконом (двуспальная кровать) (кровать king size),4902302001,2,1,двуспальная кровать,"[""двуспальная кровать""]","[""double""]","[{""bed"": ""double"", ""count"": 1}]",2,64837.50,68250.00,https://ostrovok.ru/hotel/russia/western_siberia_irkutsk_oblast_multi/mid9741097/history_boutiquehotel
praskovya_guest_house,9999816,Двухместный номер Economy (общая ванная комната) (2 отдельные кровати) (без окна),3101402,4,1,2 отдельные кровати,"[""2 отдельные кровати""]","[""twin""]","[{""bed"": ""single"", ""count"": 2}]",2,1979.00,2541.00,https://ostrovok.ru/hotel/russia/western_siberia_irkutsk_oblast_multi/mid9999816/praskovya_guest_house
praskovya_guest_house,9999816,Кровать в общем номере (общая ванная комната) (3 кровати),1001,4,2,,,"[""nobedding""]",,1,1979.00,2700.00,https://ostrovok.ru/hotel/russia/western_siberia_irkutsk_oblast_multi/mid9999816/praskovya_guest_house
praskovya_guest_house,9999816,Одноместный номер Standard (односпальная кровать),3202001,4,5,односпальная кровать,"[""односпальная кровать""]","[""nobedding""]","[{""bed"": ""single"", ""count"": 1}]",1,3562.00,4221.00,https://ostrovok.ru/hotel/russia/western_siberia_irkutsk_oblast_multi/mid9999816/praskovya_guest_house
lyuks_hotel_4,10613305,Двухместный номер Standard (двуспальная кровать) (кровать queen size),3202302,2,7,двуспальная кровать,"[""двуспальная кровать""]","[""double""]","[{""bed"": ""double"", ""count"": 1}]",2,2473.00,2500.00,https://ostrovok.ru/hotel/russia/western_siberia_irkutsk_oblast_multi/mid10613305/lyuks_hotel_4
lyuks_hotel_4,10613305,Двухместный номер Standard (2 отдельные кровати),3202402,2,3,2 отдельные кровати,"[""2 отдельные кровати""]","[""twin""]","[{""bed"": ""single"", ""count"": 2}]",2,2968.00,3000.00,https://ostrovok.ru/hotel/russia/western_siberia_irkutsk_oblast_multi/mid10613305/lyuks_hotel_4
lyuks_hotel_4,10613305,Двухместный люкс с 2 комнатами (двуспальная кровать) (кровать queen size),500230202,2,1,двуспальная кровать,"[""двуспальная кровать""]","[""double""]","[{""bed"": ""double"", ""count"": 1}]",2,4947.00,5000.00,https://ostrovok.ru/hotel/russia/western_siberia_irkutsk_oblast_multi/mid10613305/lyuks_hotel_4
bajkal_hotel,7965294,Двухместный номер Deluxe (двуспальная кровать) (кровать king size),3602302,2,6,двуспальная кровать,"[""двуспальная кровать""]","[""double""]","[{""bed"": ""double"", ""count"": 1}]",2,9500.00,9500.00,https://ostrovok.ru/hotel/russia/western_siberia_irkutsk_oblast_multi/mid7965294/bajkal_hotel
bajkal_hotel,7965294,Двухместный номер Deluxe с видом на озеро (двуспальная кровать) (кровать king size),3602302000D,2,2,двуспальная кровать,"[""двуспальная кровать""]","[""double""]","[{""bed"": ""double"", ""count"": 1}]",2,11500.00,11500.00,https://ostrovok.ru/hotel/russia/western_siberia_irkutsk_oblast_multi/mid7965294/bajkal_hotel
bajkal_hotel,7965294,Двухместный номер Deluxe с видом на озеро (2 отдельные кровати),3602402000D,2,12,2 отдельные кровати,"[""2 отдельные кровати""]","[""twin""]","[{""bed"": ""single"", ""count"": 2}]",2,11500.00,11500.00,https://ostrovok.ru/hotel/russia/western_siberia_irkutsk_oblast_multi/mid7965294/bajkal_hotel
bajkal_hotel,7965294,Люкс,5002,2,2,,,"[""nobedding""]",,1,26000.00,26000.00,https://ostrovok.ru/hotel/russia/western_siberia_irkutsk_oblast_multi/mid7965294/bajkal_hotel
hotel_nuur_hotel,13174758,Номер Standard (2 отдельные кровати),3202402,4,9,2 отдельные кровати,"[""2 отдельные кровати""]","[""twin""]","[{""bed"": ""single"", ""count"": 2}]",2,7200.00,7800.00,https://ostrovok.ru/hotel/russia/western_siberia_irkutsk_oblast_multi/mid13174758/hotel_nuur_hotel
hotel_nuur_hotel,13174758,Номер Standard (двуспальная кровать),3202302,4,9,двуспальная кровать,"[""двуспальная кровать""]","[""double""]","[{""bed"": ""double"", ""count"": 1}]",2,7200.00,7800.00,https://ostrovok.ru/hotel/russia/western_siberia_irkutsk_oblast_multi/mid13174758/hotel_nuur_hotel
hotel_nuur_hotel,13174758,Одноместный номер Standard (односпальная кровать),3202001,4,1,односпальная кровать,"[""односпальная кровать""]","[""nobedding""]","[{""bed"": ""single"", ""count"": 1}]",1,7200.00,7800.00,https://ostrovok.ru/hotel/russia/western_siberia_irkutsk_oblast_multi/mid13174758/hotel_nuur_hotel
hotel_nuur_hotel,13174758,Двухместный Джуниор Сюит Business (двуспальная кровать) (кровать king size),4402302,4,2,двуспальная кровать,"[""двуспальная кровать""]","[""double""]","[{""bed"": ""double"", ""count"": 1}]",2,9300.00,9900.00,https://ostrovok.ru/hotel/russia/western_siberia_irkutsk_oblast_multi/mid13174758/hotel_nuur_hotel
vera_baikal,13308776,Двухместный номер Стандартный (двуспальная кровать),3202302,3,8,двуспальная кровать,"[""двуспальная кровать""]","[""double""]","[{""bed"": ""double"", ""count"": 1}]",2,7900.00,9900.00,https://ostrovok.ru/hotel/russia/western_siberia_irkutsk_oblast_multi/mid13308776/vera_baikal
vera_baikal,13308776,Двухместный номер Стандартный (2 отдельные кровати),3202402,3,8,2 отдельные кровати,"[""2 отдельные кровати""]","[""twin""]","[{""bed"": ""single"", ""count"": 2}]",2,7900.00,9900.00,https://ostrovok.ru/hotel/russia/western_siberia_irkutsk_oblast_multi/mid13308776/vera_baikal
vera_baikal,13308776,Двухместные апартаменты улучшенные Дуплекс (двуспальная кровать),650230200002,3,8,двуспальная кровать,"[""двуспальная кровать""]","[""double""]","[{""bed"": ""double"", ""count"": 1}]",2,10000.00,12000.00,https://ostrovok.ru/hotel/russia/western_siberia_irkutsk_oblast_multi/mid13308776/vera_baikal
bolshoe_puteshestvie_hotel,9252749,Двухместный номер на 2 этаже Стандарт с балконом (двуспальная кровать) (тип кровати может измениться),3202312001,1,2,двуспальная кровать,"[""двуспальная кровать""]","[""double""]","[{""bed"": ""double"", ""count"": 1}]",2,3953.00,3953.00,https://ostrovok.ru/hotel/russia/western_siberia_irkutsk_oblast_multi/mid9252749/bolshoe_puteshestvie_hotel
bolshoe_puteshestvie_hotel,9252749,Двухместный номер на 2 этаже Стандарт с балконом (2 отдельные кровати) (тип кровати может измениться),3202412001,1,2,2 отдельные кровати,"[""2 отдельные кровати""]","[""twin""]","[{""bed"": ""single"", ""count"": 2}]",2,3953.00,3953.00,https://ostrovok.ru/hotel/russia/western_siberia_irkutsk_oblast_multi/mid9252749/bolshoe_puteshestvie_hotel
bolshoe_puteshestvie_hotel,9252749,Трёхместный номер Стандарт с видом на озеро Байкал (3 отдельные кровати),3202003000D,2,8,3 отдельные кровати,"[""3 отдельные кровати""]","[""nobedding""]","[{""bed"": ""single"", ""count"": 3}]",3,3953.00,3953.00,https://ostrovok.ru/hotel/russia/western_siberia_irkutsk_oblast_multi/mid9252749/bolshoe_puteshestvie_hotel
bolshoe_puteshestvie_hotel,9252749,Номер Семейный Комфорт (двуспальная кровать и диван),3302,2,2,двуспальная кровать и диван,"[""двуспальная кровать"", ""диван""]","[""double""]","[{""bed"": ""double"", ""count"": 1}, {""bed"": ""sofa-bed"", ""count"": 1}]",3,4447.00,4450.00,https://ostrovok.ru/hotel/russia/western_siberia_irkutsk_oblast_multi/mid9252749/bolshoe_puteshestvie_hotel
bolshoe_puteshestvie_hotel,9252749,Номер на 2 этаже Семейный Улучшенный (2 дивана и 2 отдельные кровати) (терраса),350201,2,2,2 дивана и 2 отдельные кровати,"[""2 дивана"", ""2 отдельные кровати""]","[""twin""]","[{""bed"": ""single"", ""count"": 2}, {""bed"": ""sofa-bed"", ""count"": 2}]",3,4941.00,4941.00,https://ostrovok.ru/hotel/russia/western_siberia_irkutsk_oblast_multi/mid9252749/bolshoe_puteshestvie_hotel
klubnyij_kvartal_apartments,9081992,Студия (двуспальная кровать),7002,2,7,двуспальная кровать,"[""двуспальная кровать""]","[""double""]","[{""bed"": ""double"", ""count"": 1}]",2,3500.00,3500.00,https://ostrovok.ru/hotel/russia/western_siberia_irkutsk_oblast_multi/mid9081992/klubnyij_kvartal_apartments
klubnyij_kvartal_apartments,9081992,Апартаменты (двуспальная кровать и диван),6002,2,15,двуспальная кровать и диван,"[""двуспальная кровать"", ""диван""]","[""double""]","[{""bed"": ""double"", ""count"": 1}, {""bed"": ""sofa-bed"", ""count"": 1}]",3,4100.00,4100.00,https://ostrovok.ru/hotel/russia/western_siberia_irkutsk_oblast_multi/mid9081992/klubnyij_kvartal_apartments
klubnyij_kvartal_apartments,9081992,Люкс,5002,2,2,,,"[""nobedding""]",,1,5700.00,5700.00,https://ostrovok.ru/hotel/russia/western_siberia_irkutsk_oblast_multi/mid9081992/klubnyij_kvartal_apartments
yakovlev_hotel,8742012,Двухместный номер Standard (2 отдельные кровати),3202402,4,8,2 отдельные кровати,"[""2 отдельные кровати""]","[""twin""]","[{""bed"": ""single"", ""count"": 2}]",2,3197.00,4250.00,https://ostrovok.ru/hotel/russia/western_siberia_irkutsk_oblast_multi/mid8742012/yakovlev_hotel
yakovlev_hotel,8742012,Двухместный номер Standard (двуспальная кровать),3202302,4,5,двуспальная кровать,"[""двуспальная кровать""]","[""double""]","[{""bed"": ""double"", ""count"": 1}]",2,3197.00,4250.00,https://ostrovok.ru/hotel/russia/western_siberia_irkutsk_oblast_multi/mid8742012/yakovlev_hotel
international_hotel_sayen,7384846,Двухместный номер Делюкс (двуспальная кровать),3602302,2,8,двуспальная кровать,"[""двуспальная кровать""]","[""double""]","[{""bed"": ""double"", ""count"": 1}]",2,20000.00,20000.00,https://ostrovok.ru/hotel/russia/western_siberia_irkutsk_oblast_multi/mid7384846/international_hotel_sayen
international_hotel_sayen,7384846,Двухместный номер Делюкс Бизнес (двуспальная кровать),3402302,2,3,двуспальная кровать,"[""двуспальная кровать""]","[""double""]","[{""bed"": ""double"", ""count"": 1}]",2,21800.00,21800.00,https://ostrovok.ru/hotel/russia/western_siberia_irkutsk_oblast_multi/mid7384846/international_hotel_sayen
international_hotel_sayen,7384846,Двухместный номер Делюкс Бизнес с террасой (двуспальная кровать) (терраса),3502302,2,1,двуспальная кровать,"[""двуспальная кровать""]","[""double""]","[{""bed"": ""double"", ""count"": 1}]",2,22800.00,22800.00,https://ostrovok.ru/hotel/russia/western_siberia_irkutsk_oblast_multi/mid7384846/international_hotel_sayen
international_hotel_sayen,7384846,Двухместная студия с балконом (двуспальная кровать),7002302001,2,4,двуспальная кровать,"[""двуспальная кровать""]","[""double""]","[{""bed"": ""double"", ""count"": 1}]",2,23300.00,23300.00,https://ostrovok.ru/hotel/russia/western_siberia_irkutsk_oblast_multi/mid7384846/international_hotel_sayen
international_hotel_sayen,7384846,Двухместный люкс с балконом (двуспальная кровать),5002302001,2,2,двуспальная кровать,"[""двуспальная кровать""]","[""double""]","[{""bed"": ""double"", ""count"": 1}]",2,31000.00,31000.00,https://ostrovok.ru/hotel/russia/western_siberia_irkutsk_oblast_multi/mid7384846/international_hotel_sayen
international_hotel_sayen,7384846,Четырёхместный номер Семейный с 2 комнатами (2 двуспальные кровати),3E0200402,2,1,2 двуспальные кровати,"[""2 двуспальные кровати""]","[""nobedding""]","[{""bed"": ""double"", ""count"": 2}]",2,40000.00,40000.00,https://ostrovok.ru/hotel/russia/western_siberia_irkutsk_oblast_multi/mid7384846/international_hotel_sayen
international_hotel_sayen,7384846,Двухместные апартаменты (двуспальная кровать),6002302,2,1,двуспальная кровать,"[""двуспальная кровать""]","[""double""]","[{""bed"": ""double"", ""count"": 1}]",2,51000.00,51000.00,https://ostrovok.ru/hotel/russia/western_siberia_irkutsk_oblast_multi/mid7384846/international_hotel_sayen
grand_baikal,8481257,Одноместный номер Standard с красивым видом из окна (односпальная кровать),3202001000U,2,2,односпальная кровать,"[""односпальная кровать""]","[""nobedding""]","[{""bed"": ""single"", ""count"": 1}]",1,4253.00,5341.00,https://ostrovok.ru/hotel/russia/western_siberia_irkutsk_oblast_multi/mid8481257/grand_baikal
grand_baikal,8481257,Двухместный номер Standard с красивым видом из окна (двуспальная кровать),3202302000U,2,5,двуспальная кровать,"[""двуспальная кровать""]","[""double""]","[{""bed"": ""double"", ""count"": 1}]",2,5737.00,6825.00,https://ostrovok.ru/hotel/russia/western_siberia_irkutsk_oblast_multi/mid8481257/grand_baikal
grand_baikal,8481257,Двухместный номер Standard с красивым видом из окна (2 отдельные кровати),3202402000U,2,5,2 отдельные кровати,"[""2 отдельные кровати""]","[""twin""]","[{""bed"": ""single"", ""count"": 2}]",2,5737.00,6825.00,https://ostrovok.ru/hotel/russia/western_siberia_irkutsk_oblast_multi/mid8481257/grand_baikal
otel_tsentral,8748836,Двухместный номер Standard (двуспальная кровать) (тип кровати может измениться),3202302,2,16,двуспальная кровать,"[""двуспальная кровать""]","[""double""]","[{""bed"": ""double"", ""count"": 1}]",2,7505.00,7900.00,https://ostrovok.ru/hotel/russia/western_siberia_irkutsk_oblast_multi/mid8748836/otel_tsentral
otel_tsentral,8748836,Двухместный номер Дизайнерский ретро (двуспальная кровать),3B02302,2,11,двуспальная кровать,"[""двуспальная кровать""]","[""double""]","[{""bed"": ""double"", ""count"": 1}]",2,7505.00,7900.00,https://ostrovok.ru/hotel/russia/western_siberia_irkutsk_oblast_multi/mid8748836/otel_tsentral
otel_tsentral,8748836,Двухместный номер Standard (2 отдельные кровати) (тип кровати может измениться),3202402,2,16,2 отдельные кровати,"[""2 отдельные кровати""]","[""twin""]","[{""bed"": ""single"", ""count"": 2}]",2,7505.00,7900.00,https://ostrovok.ru/hotel/russia/western_siberia_irkutsk_oblast_multi/mid8748836/otel_tsentral
otel_tsentral,8748836,Двухместный номер Superior (2 отдельные кровати),3502402,2,7,2 отдельные кровати,"[""2 отдельные кровати""]","[""twin""]","[{""bed"": ""single"", ""count"": 2}]",2,8455.00,8900.00,https://ostrovok.ru/hotel/russia/western_siberia_irkutsk_oblast_multi/mid8748836/otel_tsentral
otel_tsentral,8748836,Двухместный номер Superior (двуспальная кровать),3502302,2,7,двуспальная кровать,"[""двуспальная кровать""]","[""double""]","[{""bed"": ""double"", ""count"": 1}]",2,8455.00,8900.00,https://ostrovok.ru/hotel/russia/western_siberia_irkutsk_oblast_multi/mid8748836/otel_tsentral
hotel_nikola_2,8748287,Двухместный номер Standard с видом на город (двуспальная кровать),32023020005,2,3,двуспальная кровать,"[""двуспальная кровать""]","[""double""]","[{""bed"": ""double"", ""count"": 1}]",2,6520.00,6600.00,https://ostrovok.ru/hotel/russia/western_siberia_irkutsk_oblast_multi/mid8748287/hotel_nikola_2
hotel_nikola_2,8748287,Двухместный номер Superior (2 отдельные кровати),3502402,2,7,2 отдельные кровати,"[""2 отдельные кровати""]","[""twin""]","[{""bed"": ""single"", ""count"": 2}]",2,6915.00,7000.00,https://ostrovok.ru/hotel/russia/western_siberia_irkutsk_oblast_multi/mid8748287/hotel_nikola_2
hotel_nikola_2,8748287,Двухместный номер Superior (двуспальная кровать),3502302,2,7,двуспальная кровать,"[""двуспальная кровать""]","[""double""]","[{""bed"": ""double"", ""count"": 1}]",2,6915.00,7000.00,https://ostrovok.ru/hotel/russia/western_siberia_irkutsk_oblast_multi/mid8748287/hotel_nikola_2
hotel_nikola_2,8748287,Двухместный полулюкс с красивым видом из окна (2 отдельные кровати),4002402000U,2,3,2 отдельные кровати,"[""2 отдельные кровати""]","[""twin""]","[{""bed"": ""single"", ""count"": 2}]",2,11361.00,11500.00,https://ostrovok.ru/hotel/russia/western_siberia_irkutsk_oblast_multi/mid8748287/hotel_nikola_2
hotel_nikola_2,8748287,Двухместный полулюкс с красивым видом из окна (двуспальная кровать),4002302000U,2,3,двуспальная кровать,"[""двуспальная кровать""]","[""double""]","[{""bed"": ""double"", ""count"": 1}]",2,11361.00,11500.00,https://ostrovok.ru/hotel/russia/western_siberia_irkutsk_oblast_multi/mid8748287/hotel_nikola_2
hotel_nikola_2,8748287,Двухместный полулюкс Premium с видом на озеро (2 отдельные кровати),4A02402000D,2,2,2 отдельные кровати,"[""2 отдельные кровати""]","[""twin""]","[{""bed"": ""single"", ""count"": 2}]",2,14819.00,15000.00,https://ostrovok.ru/hotel/russia/western_siberia_irkutsk_oblast_multi/mid8748287/hotel_nikola_2
empire_hotel_3,7829344,Одноместный номер Классик М Мансарда (односпальная кровать),310200100004,2,1,односпальная кровать,"[""односпальная кровать""]","[""nobedding""]","[{""bed"": ""single"", ""count"": 1}]",1,4500.00,4500.00,https://ostrovok.ru/hotel/russia/western_siberia_irkutsk_oblast_multi/mid7829344/empire_hotel_3
empire_hotel_3,7829344,Одноместный номер Классик (односпальная кровать),3B02001,2,1,односпальная кровать,"[""односпальная кровать""]","[""nobedding""]","[{""bed"": ""single"", ""count"": 1}]",1,4700.00,4700.00,https://ostrovok.ru/hotel/russia/western_siberia_irkutsk_oblast_multi/mid7829344/empire_hotel_3
empire_hotel_3,7829344,Одноместный номер Комфорт (односпальная кровать),3302001,2,1,односпальная кровать,"[""односпальная кровать""]","[""nobedding""]","[{""bed"": ""single"", ""count"": 1}]",1,5200.00,5200.00,https://ostrovok.ru/hotel/russia/western_siberia_irkutsk_oblast_multi/mid7829344/empire_hotel_3
empire_hotel_3,7829344,Двухместный номер Бизнес М Мансарда (двуспальная кровать),370230200004,2,1,двуспальная кровать,"[""двуспальная кровать""]","[""double""]","[{""bed"": ""double"", ""count"": 1}]",2,5400.00,5400.00,https://ostrovok.ru/hotel/russia/western_siberia_irkutsk_oblast_multi/mid7829344/empire_hotel_3
empire_hotel_3,7829344,Двухместный номер Бизнес М Мансарда (2 отдельные кровати),370240200004,2,1,2 отдельные кровати,"[""2 отдельные кровати""]","[""twin""]","[{""bed"": ""single"", ""count"": 2}]",2,5400.00,5400.00,https://ostrovok.ru/hotel/russia/western_siberia_irkutsk_oblast_multi/mid7829344/empire_hotel_3
empire_hotel_3,7829344,Двухместный номер Улучшенный Бизнес (2 отдельные кровати),3402402,2,1,2 отдельные кровати,"[""2 отдельные кровати""]","[""twin""]","[{""bed"": ""single"", ""count"": 2}]",2,5700.00,5700.00,https://ostrovok.ru/hotel/russia/western_siberia_irkutsk_oblast_multi/mid7829344/empire_hotel_3
empire_hotel_3,7829344,Двухместный номер Улучшенный Бизнес (двуспальная кровать),3402302,2,1,двуспальная кровать,"[""двуспальная кровать""]","[""double""]","[{""bed"": ""double"", ""count"": 1}]",2,5700.00,5700.00,https://ostrovok.ru/hotel/russia/western_siberia_irkutsk_oblast_multi/mid7829344/empire_hotel_3
empire_hotel_3,7829344,Двухместный номер Улучшенный Гранд (двуспальная кровать),3D02302,2,1,двуспальная кровать,"[""двуспальная кровать""]","[""double""]","[{""bed"": ""double"", ""count"": 1}]",2,6200.00,6200.00,https://ostrovok.ru/hotel/russia/western_siberia_irkutsk_oblast_multi/mid7829344/empire_hotel_3
empire_hotel_3,7829344,Двухместный номер Улучшенный Гранд (2 отдельные кровати),3D02402,2,1,2 отдельные кровати,"[""2 отдельные кровати""]","[""twin""]","[{""bed"": ""single"", ""count"": 2}]",2,6200.00,6200.00,https://ostrovok.ru/hotel/russia/western_siberia_irkutsk_oblast_multi/mid7829344/empire_hotel_3
empire_hotel_3,7829344,Двухместный джуниор сьюит (двуспальная кровать),4002302,2,1,двуспальная кровать,"[""двуспальная кровать""]","[""double""]","[{""bed"": ""double"", ""count"": 1}]",2,8600.00,8600.00,https://ostrovok.ru/hotel/russia/western_siberia_irkutsk_oblast_multi/mid7829344/empire_hotel_3
empire_hotel_3,7829344,Двухместный люкс (двуспальная кровать),5002302,2,1,двуспальная кровать,"[""двуспальная кровать""]","[""double""]","[{""bed"": ""double"", ""count"": 1}]",2,12000.00,12000.00,https://ostrovok.ru/hotel/russia/western_siberia_irkutsk_oblast_multi/mid7829344/empire_hotel_3
miniotel_good_hotel,10013559,Двухместный номер Standard (общая ванная комната) (двуспальная кровать),3201302,1,1,двуспальная кровать,"[""двуспальная кровать""]","[""double""]","[{""bed"": ""double"", ""count"": 1}]",2,2200.00,2200.00,https://ostrovok.ru/hotel/russia/western_siberia_irkutsk_oblast_multi/mid10013559/miniotel_good_hotel
miniotel_good_hotel,10013559,Трёхместный семейный номер Standard (общая ванная комната) (3 отдельные кровати),3201013,1,1,3 отдельные кровати,"[""3 отдельные кровати""]","[""nobedding""]","[{""bed"": ""single"", ""count"": 3}]",3,2200.00,2200.00,https://ostrovok.ru/hotel/russia/western_siberia_irkutsk_oblast_multi/mid10013559/miniotel_good_hotel
gostevoy_dom_sunrise,10485526,Двухместный номер Standard с балконом (двуспальная кровать),3202302001,2,1,двуспальная кровать,"[""двуспальная кровать""]","[""double""]","[{""bed"": ""double"", ""count"": 1}]",2,7421.00,7500.00,https://ostrovok.ru/hotel/russia/western_siberia_irkutsk_oblast_multi/mid10485526/gostevoy_dom_sunrise
gostevoy_dom_sunrise,10485526,Двухместный номер Standard (2 отдельные кровати),3202402,2,1,2 отдельные кровати,"[""2 отдельные кровати""]","[""twin""]","[{""bed"": ""single"", ""count"": 2}]",2,7421.00,7500.00,https://ostrovok.ru/hotel/russia/western_siberia_irkutsk_oblast_multi/mid10485526/gostevoy_dom_sunrise
gostevoy_dom_sunrise,10485526,Семейный номер Classic,3B0201,2,1,,,"[""nobedding""]",,3,10389.00,10500.00,https://ostrovok.ru/hotel/russia/western_siberia_irkutsk_oblast_multi/mid10485526/gostevoy_dom_sunrise
hotel_olkhonhill,10219118,Двухместный номер Standard с балконом и с красивым видом из окна (2 отдельные кровати),3202402001U,1,14,2 отдельные кровати,"[""2 отдельные кровати""]","[""twin""]","[{""bed"": ""single"", ""count"": 2}]",2,6500.00,6500.00,https://ostrovok.ru/hotel/russia/western_siberia_irkutsk_oblast_multi/mid10219118/hotel_olkhonhill
hotel_olkhonhill,10219118,Двухместный номер Standard с красивым видом из окна (двуспальная кровать) (кровать king size),3202302000U,1,2,двуспальная кровать,"[""двуспальная кровать""]","[""double""]","[{""bed"": ""double"", ""count"": 1}]",2,9000.00,9000.00,https://ostrovok.ru/hotel/russia/western_siberia_irkutsk_oblast_multi/mid10219118/hotel_olkhonhill
baykal_khan_listvyanka,10360512,Двухместный номер Standard (2 отдельные кровати),3202402,1,2,2 отдельные кровати,"[""2 отдельные кровати""]","[""twin""]","[{""bed"": ""single"", ""count"": 2}]",2,8340.00,8340.00,https://ostrovok.ru/hotel/russia/western_siberia_irkutsk_oblast_multi/mid10360512/baykal_khan_listvyanka
podlemorie_hotel,7679750,Двухместный номер Standard (2 отдельные кровати),3202402,2,2,2 отдельные кровати,"[""2 отдельные кровати""]","[""twin""]","[{""bed"": ""single"", ""count"": 2}]",2,5800.00,5800.00,https://ostrovok.ru/hotel/russia/western_siberia_irkutsk_oblast_multi/mid7679750/podlemorie_hotel
podlemorie_hotel,7679750,Двухместный номер Standard с видом на озеро (2 отдельные кровати),3202402000D,2,3,2 отдельные кровати,"[""2 отдельные кровати""]","[""twin""]","[{""bed"": ""single"", ""count"": 2}]",2,6000.00,6000.00,https://ostrovok.ru/hotel/russia/western_siberia_irkutsk_oblast_multi/mid7679750/podlemorie_hotel
podlemorie_hotel,7679750,Трёхместный номер Superior (двуспальная кровать и односпальная кровать),3502003,2,2,двуспальная кровать и односпальная кровать,"[""двуспальная кровать"", ""односпальная кровать""]","[""double""]","[{""bed"": ""double"", ""count"": 1}, {""bed"": ""single"", ""count"": 1}]",2,9500.00,9500.00,https://ostrovok.ru/hotel/russia/western_siberia_irkutsk_oblast_multi/mid7679750/podlemorie_hotel
wind_lake_guest_house,13437748,Люкс с видом на озеро (двуспальная кровать),5002000000D,1,2,двуспальная кровать,"[""двуспальная кровать""]","[""double""]","[{""bed"": ""double"", ""count"": 1}]",2,32443.00,32443.00,https://ostrovok.ru/hotel/russia/western_siberia_irkutsk_oblast_multi/mid13437748/wind_lake_guest_house
olkhonstory_guest_house,8876953,Номер Standard с балконом (2 отдельные кровати),3202000001,2,3,2 отдельные кровати,"[""2 отдельные кровати""]","[""twin""]","[{""bed"": ""single"", ""count"": 2}]",2,7147.00,7200.00,https://ostrovok.ru/hotel/russia/western_siberia_irkutsk_oblast_multi/mid8876953/olkhonstory_guest_house
olkhonstory_guest_house,8876953,Двухместный номер Standard с балконом (двуспальная кровать),3202302001,2,3,двуспальная кровать,"[""двуспальная кровать""]","[""double""]","[{""bed"": ""double"", ""count"": 1}]",2,7147.00,7200.00,https://ostrovok.ru/hotel/russia/western_siberia_irkutsk_oblast_multi/mid8876953/olkhonstory_guest_house
mayak_hotel_listvyanka,7816262,Одноместный номер Стандарт (дополнительное здание) (односпальная кровать) (в дополнительном здании),3202001,1,1,односпальная кровать,"[""односпальная кровать""]","[""nobedding""]","[{""bed"": ""single"", ""count"": 1}]",1,7000.00,7000.00,https://ostrovok.ru/hotel/russia/western_siberia_irkutsk_oblast_multi/mid7816262/mayak_hotel_listvyanka
mayak_hotel_listvyanka,7816262,Двухместный номер Стандарт Эконом (дополнительное здание) (2 отдельные кровати) (в дополнительном здании),3402402,1,1,2 отдельные кровати,"[""2 отдельные кровати""]","[""twin""]","[{""bed"": ""single"", ""count"": 2}]",2,7000.00,7000.00,https://ostrovok.ru/hotel/russia/western_siberia_irkutsk_oblast_multi/mid7816262/mayak_hotel_listvyanka
mayak_hotel_listvyanka,7816262,Одноместный номер Стандарт Классический (главное здание) (односпальная кровать) (в главном здании),3B02201,1,3,односпальная кровать,"[""односпальная кровать""]","[""nobedding""]","[{""bed"": ""single"", ""count"": 1}]",1,10340.00,10340.00,https://ostrovok.ru/hotel/russia/western_siberia_irkutsk_oblast_multi/mid7816262/mayak_hotel_listvyanka
mayak_hotel_listvyanka,7816262,Двухместный номер Семейный (главное здание) с частичным видом на озеро (2 отдельные кровати) (в главном здании),3I02402000L,1,5,2 отдельные кровати,"[""2 отдельные кровати""]","[""twin""]","[{""bed"": ""single"", ""count"": 2}]",2,23100.00,23100.00,https://ostrovok.ru/hotel/russia/western_siberia_irkutsk_oblast_multi/mid7816262/mayak_hotel_listvyanka
mayak_hotel_listvyanka,7816262,Двухместный номер Семейный (главное здание) с частичным видом на озеро (двуспальная кровать) (в главном здании),3I02302000L,1,5,двуспальная кровать,"[""двуспальная кровать""]","[""double""]","[{""bed"": ""double"", ""count"": 1}]",2,23100.00,23100.00,https://ostrovok.ru/hotel/russia/western_siberia_irkutsk_oblast_multi/mid7816262/mayak_hotel_listvyanka
guest_house_baykaliya,13428580,Двухместный номер Standard (двуспальная кровать),3202302,2,2,двуспальная кровать,"[""двуспальная кровать""]","[""double""]","[{""bed"": ""double"", ""count"": 1}]",2,7421.00,7500.00,https://ostrovok.ru/hotel/russia/western_siberia_irkutsk_oblast_multi/mid13428580/guest_house_baykaliya
guest_house_baykaliya,13428580,Двухместный номер Superior (двуспальная кровать),3502302,2,3,двуспальная кровать,"[""двуспальная кровать""]","[""double""]","[{""bed"": ""double"", ""count"": 1}]",2,7916.00,8000.00,https://ostrovok.ru/hotel/russia/western_siberia_irkutsk_oblast_multi/mid13428580/guest_house_baykaliya
inn_oasis_2,8426230,Двухместный номер Standard с балконом (2 отдельные кровати),3202402001,2,4,2 отдельные кровати,"[""2 отдельные кровати""]","[""twin""]","[{""bed"": ""single"", ""count"": 2}]",2,5937.00,6000.00,https://ostrovok.ru/hotel/russia/western_siberia_irkutsk_oblast_multi/mid8426230/inn_oasis_2
inn_oasis_2,8426230,Двухместный номер Standard с балконом (двуспальная кровать),3202302001,2,4,двуспальная кровать,"[""двуспальная кровать""]","[""double""]","[{""bed"": ""double"", ""count"": 1}]",2,5937.00,6000.00,https://ostrovok.ru/hotel/russia/western_siberia_irkutsk_oblast_multi/mid8426230/inn_oasis_2
inn_oasis_2,8426230,Семейный номер Standard с балконом (двуспальная кровать и односпальная кровать),3202010001,2,2,двуспальная кровать и односпальная кровать,"[""двуспальная кровать"", ""односпальная кровать""]","[""double""]","[{""bed"": ""double"", ""count"": 1}, {""bed"": ""single"", ""count"": 1}]",2,8905.00,9000.00,https://ostrovok.ru/hotel/russia/western_siberia_irkutsk_oblast_multi/mid8426230/inn_oasis_2
inn_oasis_2,8426230,Апартаменты с 2 комнатами с балконом,6002000021,2,1,,,"[""nobedding""]",,1,11874.00,12000.00,https://ostrovok.ru/hotel/russia/western_siberia_irkutsk_oblast_multi/mid8426230/inn_oasis_2
baikal_business_center_hotel,7827545,Одноместный номер Standard,3202001,4,2,,,"[""nobedding""]",,1,5400.00,6700.00,https://ostrovok.ru/hotel/russia/western_siberia_irkutsk_oblast_multi/mid7827545/baikal_business_center_hotel
baikal_business_center_hotel,7827545,Двухместный номер Standard (2 отдельные кровати),3202402,4,2,2 отдельные кровати,"[""2 отдельные кровати""]","[""twin""]","[{""bed"": ""single"", ""count"": 2}]",2,6900.00,8200.00,https://ostrovok.ru/hotel/russia/western_siberia_irkutsk_oblast_multi/mid7827545/baikal_business_center_hotel
baikal_business_center_hotel,7827545,Двухместный номер Standard (двуспальная кровать),3202302,4,2,двуспальная кровать,"[""двуспальная кровать""]","[""double""]","[{""bed"": ""double"", ""count"": 1}]",2,6900.00,8200.00,https://ostrovok.ru/hotel/russia/western_siberia_irkutsk_oblast_multi/mid7827545/baikal_business_center_hotel
baikal_business_center_hotel,7827545,Двухместный номер Superior (двуспальная кровать) (кровать queen size),3502302,4,2,двуспальная кровать,"[""двуспальная кровать""]","[""double""]","[{""bed"": ""double"", ""count"": 1}]",2,6900.00,8200.00,https://ostrovok.ru/hotel/russia/western_siberia_irkutsk_oblast_multi/mid7827545/baikal_business_center_hotel
baikal_business_center_hotel,7827545,Двухместный полулюкс (двуспальная кровать),4002302,4,1,двуспальная кровать,"[""двуспальная кровать""]","[""double""]","[{""bed"": ""double"", ""count"": 1}]",2,11900.00,13200.00,https://ostrovok.ru/hotel/russia/western_siberia_irkutsk_oblast_multi/mid7827545/baikal_business_center_hotel
baikal_business_center_hotel,7827545,Двухместный люкс (двуспальная кровать) (кровать queen size),5002302,4,1,двуспальная кровать,"[""двуспальная кровать""]","[""double""]","[{""bed"": ""double"", ""count"": 1}]",2,16900.00,18200.00,https://ostrovok.ru/hotel/russia/western_siberia_irkutsk_oblast_multi/mid7827545/baikal_business_center_hotel
parus_18,9996236,Двухместный номер Economy с красивым видом из окна (2 отдельные кровати),3102402000U,1,2,2 отдельные кровати,"[""2 отдельные кровати""]","[""twin""]","[{""bed"": ""single"", ""count"": 2}]",2,6500.00,6500.00,https://ostrovok.ru/hotel/russia/western_siberia_irkutsk_oblast_multi/mid9996236/parus_18
parus_18,9996236,Двухместный номер Classic (двуспальная кровать) (тип кровати может измениться),3B02302,1,2,двуспальная кровать,"[""двуспальная кровать""]","[""double""]","[{""bed"": ""double"", ""count"": 1}]",2,7000.00,7000.00,https://ostrovok.ru/hotel/russia/western_siberia_irkutsk_oblast_multi/mid9996236/parus_18
parus_18,9996236,Двухместный номер Classic (2 отдельные кровати) (тип кровати может измениться),3B02402,1,2,2 отдельные кровати,"[""2 отдельные кровати""]","[""twin""]","[{""bed"": ""single"", ""count"": 2}]",2,7000.00,7000.00,https://ostrovok.ru/hotel/russia/western_siberia_irkutsk_oblast_multi/mid9996236/parus_18
parus_18,9996236,Трёхместный номер Superior (3 отдельные кровати),3502003,2,1,3 отдельные кровати,"[""3 отдельные кровати""]","[""nobedding""]","[{""bed"": ""single"", ""count"": 3}]",3,7700.00,7700.00,https://ostrovok.ru/hotel/russia/western_siberia_irkutsk_oblast_multi/mid9996236/parus_18
parus_18,9996236,Четырёхместный номер Standard с 2 комнатами с красивым видом из окна (2 двуспальные кровати),3202004020U,1,1,2 двуспальные кровати,"[""2 двуспальные кровати""]","[""nobedding""]","[{""bed"": ""double"", ""count"": 2}]",2,13800.00,13800.00,https://ostrovok.ru/hotel/russia/western_siberia_irkutsk_oblast_multi/mid9996236/parus_18
best_eastern_hotel_zvezda,7806155,Двухместный номер Классический (двуспальная кровать),3B02302,2,13,двуспальная кровать,"[""двуспальная кровать""]","[""double""]","[{""bed"": ""double"", ""count"": 1}]",2,6624.00,6700.00,https://ostrovok.ru/hotel/russia/western_siberia_irkutsk_oblast_multi/mid7806155/best_eastern_hotel_zvezda
best_eastern_hotel_zvezda,7806155,Двухместный номер Стандартный (двуспальная кровать),3202302,2,13,двуспальная кровать,"[""двуспальная кровать""]","[""double""]","[{""bed"": ""double"", ""count"": 1}]",2,6624.00,6700.00,https://ostrovok.ru/hotel/russia/western_siberia_irkutsk_oblast_multi/mid7806155/best_eastern_hotel_zvezda
best_eastern_hotel_zvezda,7806155,Двухместный номер Стандартный (2 отдельные кровати),3202402,2,13,2 отдельные кровати,"[""2 отдельные кровати""]","[""twin""]","[{""bed"": ""single"", ""count"": 2}]",2,6624.00,6700.00,https://ostrovok.ru/hotel/russia/western_siberia_irkutsk_oblast_multi/mid7806155/best_eastern_hotel_zvezda
best_eastern_hotel_zvezda,7806155,Двухместный Джуниор Сюит (двуспальная кровать),4002302,2,3,двуспальная кровать,"[""двуспальная кровать""]","[""double""]","[{""bed"": ""double"", ""count"": 1}]",2,12952.00,13100.00,https://ostrovok.ru/hotel/russia/western_siberia_irkutsk_oblast_multi/mid7806155/best_eastern_hotel_zvezda
best_eastern_hotel_zvezda,7806155,Двухместный люкс (двуспальная кровать),5002302,2,2,двуспальная кровать,"[""двуспальная кровать""]","[""double""]","[{""bed"": ""double"", ""count"": 1}]",2,18785.00,19000.00,https://ostrovok.ru/hotel/russia/western_siberia_irkutsk_oblast_multi/mid7806155/best_eastern_hotel_zvezda
best_eastern_hotel_zvezda,7806155,Двухместный люкс Президентский с балконом (двуспальная кровать),5902302001,2,1,двуспальная кровать,"[""двуспальная кровать""]","[""double""]","[{""bed"": ""double"", ""count"": 1}]",2,24718.00,25000.00,https://ostrovok.ru/hotel/russia/western_siberia_irkutsk_oblast_multi/mid7806155/best_eastern_hotel_zvezda
baykal_shale_guest_house,13431413,Двухместный номер Standard c 1 комнатой с красивым видом из окна (двуспальная кровать),3202302010U,2,2,двуспальная кровать,"[""двуспальная кровать""]","[""double""]","[{""bed"": ""double"", ""count"": 1}]",2,5194.00,5250.00,https://ostrovok.ru/hotel/russia/western_siberia_irkutsk_oblast_multi/mid13431413/baykal_shale_guest_house
baykal_shale_guest_house,13431413,Двухместный номер Standard с балконом и с видом на озеро (двуспальная кровать),3202302001D,2,2,двуспальная кровать,"[""двуспальная кровать""]","[""double""]","[{""bed"": ""double"", ""count"": 1}]",2,5194.00,5250.00,https://ostrovok.ru/hotel/russia/western_siberia_irkutsk_oblast_multi/mid13431413/baykal_shale_guest_house
baykal_shale_guest_house,13431413,Двухместный номер Standard с балконом и с видом на озеро (2 отдельные кровати),3202402001D,2,2,2 отдельные кровати,"[""2 отдельные кровати""]","[""twin""]","[{""bed"": ""single"", ""count"": 2}]",2,5194.00,5250.00,https://ostrovok.ru/hotel/russia/western_siberia_irkutsk_oblast_multi/mid13431413/baykal_shale_guest_house
baykal_shale_guest_house,13431413,Трёхместный номер Superior с балконом и с красивым видом из окна (3 отдельные кровати),3502003001U,2,1,3 отдельные кровати,"[""3 отдельные кровати""]","[""nobedding""]","[{""bed"": ""single"", ""count"": 3}]",3,7916.00,8000.00,https://ostrovok.ru/hotel/russia/western_siberia_irkutsk_oblast_multi/mid13431413/baykal_shale_guest_house
mini_hotel_vizit,13384141,Двухместный номер Standard (двуспальная кровать),3202302,2,3,двуспальная кровать,"[""двуспальная кровать""]","[""double""]","[{""bed"": ""double"", ""count"": 1}]",2,2671.00,2700.00,https://ostrovok.ru/hotel/russia/western_siberia_irkutsk_oblast_multi/mid13384141/mini_hotel_vizit
larus,9828888,Двухместный номер Standard (2 отдельные кровати) (тип кровати может измениться),3202402,3,4,2 отдельные кровати,"[""2 отдельные кровати""]","[""twin""]","[{""bed"": ""single"", ""count"": 2}]",2,5214.00,6233.00,https://ostrovok.ru/hotel/russia/western_siberia_irkutsk_oblast_multi/mid9828888/larus
inn_business_hall,8735100,Одноместный номер Standard с красивым видом из окна (односпальная кровать),3202001000U,2,2,односпальная кровать,"[""односпальная кровать""]","[""nobedding""]","[{""bed"": ""single"", ""count"": 1}]",1,3790.00,4000.00,https://ostrovok.ru/hotel/russia/western_siberia_irkutsk_oblast_multi/mid8735100/inn_business_hall
inn_business_hall,8735100,Двухместный номер Standard с красивым видом из окна (2 отдельные кровати),3202402000U,2,4,2 отдельные кровати,"[""2 отдельные кровати""]","[""twin""]","[{""bed"": ""single"", ""count"": 2}]",2,4420.00,5050.00,https://ostrovok.ru/hotel/russia/western_siberia_irkutsk_oblast_multi/mid8735100/inn_business_hall
inn_business_hall,8735100,Двухместный номер улучшенный стандартный (2 отдельные кровати),3502402,3,1,2 отдельные кровати,"[""2 отдельные кровати""]","[""twin""]","[{""bed"": ""single"", ""count"": 2}]",2,4471.00,5260.00,https://ostrovok.ru/hotel/russia/western_siberia_irkutsk_oblast_multi/mid8735100/inn_business_hall
inn_business_hall,8735100,Двухместный люкс с видом на город (двуспальная кровать),50023020005,3,2,двуспальная кровать,"[""двуспальная кровать""]","[""double""]","[{""bed"": ""double"", ""count"": 1}]",2,7050.00,8730.00,https://ostrovok.ru/hotel/russia/western_siberia_irkutsk_oblast_multi/mid8735100/inn_business_hall
inn_business_hall,8735100,Двухместный номер Deluxe с видом на город (двуспальная кровать),36023020005,2,2,двуспальная кровать,"[""двуспальная кровать""]","[""double""]","[{""bed"": ""double"", ""count"": 1}]",2,7680.00,8100.00,https://ostrovok.ru/hotel/russia/western_siberia_irkutsk_oblast_multi/mid8735100/inn_business_hall
hotel_sozvezdie_baikala,8666978,Двухместный номер Стандарт с видом на озеро (2 отдельные кровати),3202402000D,2,3,2 отдельные кровати,"[""2 отдельные кровати""]","[""twin""]","[{""bed"": ""single"", ""count"": 2}]",2,6300.00,6300.00,https://ostrovok.ru/hotel/russia/western_siberia_irkutsk_oblast_multi/mid8666978/hotel_sozvezdie_baikala
hotel_sozvezdie_baikala,8666978,Двухместный номер Стандарт (2 отдельные кровати),3202402,1,5,2 отдельные кровати,"[""2 отдельные кровати""]","[""twin""]","[{""bed"": ""single"", ""count"": 2}]",2,6300.00,6300.00,https://ostrovok.ru/hotel/russia/western_siberia_irkutsk_oblast_multi/mid8666978/hotel_sozvezdie_baikala
hotel_sozvezdie_baikala,8666978,Двухместный номер Улучшенный (2 отдельные кровати),3502402,3,4,2 отдельные кровати,"[""2 отдельные кровати""]","[""twin""]","[{""bed"": ""single"", ""count"": 2}]",2,7100.00,8300.00,https://ostrovok.ru/hotel/russia/western_siberia_irkutsk_oblast_multi/mid8666978/hotel_sozvezdie_baikala
hotel_sozvezdie_baikala,8666978,Двухместная студия (двуспальная кровать),7002302,3,1,двуспальная кровать,"[""двуспальная кровать""]","[""double""]","[{""bed"": ""double"", ""count"": 1}]",2,10700.00,11900.00,https://ostrovok.ru/hotel/russia/western_siberia_irkutsk_oblast_multi/mid8666978/hotel_sozvezdie_baikala
hotel_sozvezdie_baikala,8666978,Двухместный полулюкс с видом на озеро (двуспальная кровать),4002302000D,3,1,двуспальная кровать,"[""двуспальная кровать""]","[""double""]","[{""bed"": ""double"", ""count"": 1}]",2,10700.00,11900.00,https://ostrovok.ru/hotel/russia/western_siberia_irkutsk_oblast_multi/mid8666978/hotel_sozvezdie_baikala
hotel_sozvezdie_baikala,8666978,Двухместный полулюкс Superior с видом на озеро (двуспальная кровать),4502302000D,2,1,двуспальная кровать,"[""двуспальная кровать""]","[""double""]","[{""bed"": ""double"", ""count"": 1}]",2,13900.00,13900.00,https://ostrovok.ru/hotel/russia/western_siberia_irkutsk_oblast_multi/mid8666978/hotel_sozvezdie_baikala
apartamentyi_v_irkutske,9993445,Двухместный номер Superior (двуспальная кровать),3502302,2,1,двуспальная кровать,"[""двуспальная кровать""]","[""double""]","[{""bed"": ""double"", ""count"": 1}]",2,2176.00,2200.00,https://ostrovok.ru/hotel/russia/western_siberia_irkutsk_oblast_multi/mid9993445/apartamentyi_v_irkutske
archi_apt_apartments,10211904,Двухместный номер Standard с видом на внутренний двор (двуспальная кровать),32023020006,3,3,двуспальная кровать,"[""двуспальная кровать""]","[""double""]","[{""bed"": ""double"", ""count"": 1}]",2,4007.00,4200.00,https://ostrovok.ru/hotel/russia/western_siberia_irkutsk_oblast_multi/mid10211904/archi_apt_apartments
archi_apt_apartments,10211904,Семейный номер Standard с 2 комнатами с красивым видом из окна,3202010020U,2,1,,,"[""nobedding""]",,3,6659.00,6700.00,https://ostrovok.ru/hotel/russia/western_siberia_irkutsk_oblast_multi/mid10211904/archi_apt_apartments
city_park_hotel_13,9987117,Номер Economy с красивым видом из окна (общая ванная комната) (двуспальная кровать),3101000000U,4,1,двуспальная кровать,"[""двуспальная кровать""]","[""double""]","[{""bed"": ""double"", ""count"": 1}]",2,2361.00,2500.00,https://ostrovok.ru/hotel/russia/western_siberia_irkutsk_oblast_multi/mid9987117/city_park_hotel_13
city_park_hotel_13,9987117,Номер Comfort с видом на город (двуспальная кровать),33020000005,4,1,двуспальная кровать,"[""двуспальная кровать""]","[""double""]","[{""bed"": ""double"", ""count"": 1}]",2,2738.00,2900.00,https://ostrovok.ru/hotel/russia/western_siberia_irkutsk_oblast_multi/mid9987117/city_park_hotel_13
city_park_hotel_13,9987117,Полулюкс Comfort с красивым видом из окна (двуспальная кровать),4302000000U,4,1,двуспальная кровать,"[""двуспальная кровать""]","[""double""]","[{""bed"": ""double"", ""count"": 1}]",2,2738.00,2900.00,https://ostrovok.ru/hotel/russia/western_siberia_irkutsk_oblast_multi/mid9987117/city_park_hotel_13
city_park_hotel_13,9987117,Номер Deluxe с балконом и с видом на город (двуспальная кровать),36020000015,4,2,двуспальная кровать,"[""двуспальная кровать""]","[""double""]","[{""bed"": ""double"", ""count"": 1}]",2,2927.00,3100.00,https://ostrovok.ru/hotel/russia/western_siberia_irkutsk_oblast_multi/mid9987117/city_park_hotel_13
hotel_kurshavel_,6456691,Двухместный номер Standard (2 отдельные кровати),3202402,2,6,2 отдельные кровати,"[""2 отдельные кровати""]","[""twin""]","[{""bed"": ""single"", ""count"": 2}]",2,4000.00,4004.00,https://ostrovok.ru/hotel/russia/western_siberia_irkutsk_oblast_multi/mid6456691/hotel_kurshavel_
hotel_kurshavel_,6456691,Двухместный номер Standard (двуспальная кровать),3202302,2,4,двуспальная кровать,"[""двуспальная кровать""]","[""double""]","[{""bed"": ""double"", ""count"": 1}]",2,4000.00,4004.00,https://ostrovok.ru/hotel/russia/western_siberia_irkutsk_oblast_multi/mid6456691/hotel_kurshavel_
hotel_kurshavel_,6456691,Трёхместный номер Standard (3 отдельные кровати),3202003,2,2,3 отдельные кровати,"[""3 отдельные кровати""]","[""nobedding""]","[{""bed"": ""single"", ""count"": 3}]",3,4500.00,4505.00,https://ostrovok.ru/hotel/russia/western_siberia_irkutsk_oblast_multi/mid6456691/hotel_kurshavel_
hotel_kurshavel_,6456691,Двухместный номер Superior (двуспальная кровать),3502302,2,1,двуспальная кровать,"[""двуспальная кровать""]","[""double""]","[{""bed"": ""double"", ""count"": 1}]",2,5000.00,5005.00,https://ostrovok.ru/hotel/russia/western_siberia_irkutsk_oblast_multi/mid6456691/hotel_kurshavel_
hotel_kurshavel_,6456691,Номер Standard с 2 комнатами (двуспальная кровать),320200002,2,1,двуспальная кровать,"[""двуспальная кровать""]","[""double""]","[{""bed"": ""double"", ""count"": 1}]",2,6000.00,6007.00,https://ostrovok.ru/hotel/russia/western_siberia_irkutsk_oblast_multi/mid6456691/hotel_kurshavel_
minihotel_albatros,6481029,Двухместный номер Standard (2 отдельные кровати) (тип кровати может измениться),3202402,5,1,2 отдельные кровати,"[""2 отдельные кровати""]","[""twin""]","[{""bed"": ""single"", ""count"": 2}]",2,2900.00,3400.00,https://ostrovok.ru/hotel/russia/western_siberia_irkutsk_oblast_multi/mid6481029/minihotel_albatros
minihotel_albatros,6481029,Четырёхместный номер Economy (4 отдельные кровати),3102004,5,1,4 отдельные кровати,"[""4 отдельные кровати""]","[""nobedding""]","[{""bed"": ""single"", ""count"": 4}]",4,2900.00,3400.00,https://ostrovok.ru/hotel/russia/western_siberia_irkutsk_oblast_multi/mid6481029/minihotel_albatros
minihotel_albatros,6481029,Трёхместный номер Economy (3 отдельные кровати),3102003,4,1,3 отдельные кровати,"[""3 отдельные кровати""]","[""nobedding""]","[{""bed"": ""single"", ""count"": 3}]",3,2900.00,3400.00,https://ostrovok.ru/hotel/russia/western_siberia_irkutsk_oblast_multi/mid6481029/minihotel_albatros
minihotel_albatros,6481029,Трёхместный номер Standard (3 отдельные кровати),3202003,2,1,3 отдельные кровати,"[""3 отдельные кровати""]","[""nobedding""]","[{""bed"": ""single"", ""count"": 3}]",3,2900.00,3300.00,https://ostrovok.ru/hotel/russia/western_siberia_irkutsk_oblast_multi/mid6481029/minihotel_albatros
minihotel_albatros,6481029,Двухместный номер Standard (двуспальная кровать) (тип кровати может измениться),3202302,5,4,двуспальная кровать,"[""двуспальная кровать""]","[""double""]","[{""bed"": ""double"", ""count"": 1}]",2,3200.00,3700.00,https://ostrovok.ru/hotel/russia/western_siberia_irkutsk_oblast_multi/mid6481029/minihotel_albatros
lotos_hotel,7744038,Двухместный номер Economy (общая ванная комната) (2 отдельные кровати),3101402,2,1,2 отдельные кровати,"[""2 отдельные кровати""]","[""twin""]","[{""bed"": ""single"", ""count"": 2}]",2,2500.00,2500.00,https://ostrovok.ru/hotel/russia/western_siberia_irkutsk_oblast_multi/mid7744038/lotos_hotel
lotos_hotel,7744038,Трёхместный номер Standard (3 отдельные кровати),3202003,2,2,3 отдельные кровати,"[""3 отдельные кровати""]","[""nobedding""]","[{""bed"": ""single"", ""count"": 3}]",3,3400.00,3400.00,https://ostrovok.ru/hotel/russia/western_siberia_irkutsk_oblast_multi/mid7744038/lotos_hotel
lotos_hotel,7744038,Двухместный номер Standard (двуспальная кровать),3202302,4,1,двуспальная кровать,"[""двуспальная кровать""]","[""double""]","[{""bed"": ""double"", ""count"": 1}]",2,3500.00,4100.00,https://ostrovok.ru/hotel/russia/western_siberia_irkutsk_oblast_multi/mid7744038/lotos_hotel
lotos_hotel,7744038,Двухместный номер Standard (2 отдельные кровати),3202402,4,2,2 отдельные кровати,"[""2 отдельные кровати""]","[""twin""]","[{""bed"": ""single"", ""count"": 2}]",2,3500.00,4100.00,https://ostrovok.ru/hotel/russia/western_siberia_irkutsk_oblast_multi/mid7744038/lotos_hotel
lotos_hotel,7744038,Двухместный номер Superior (2 отдельные кровати),3502402,4,6,2 отдельные кровати,"[""2 отдельные кровати""]","[""twin""]","[{""bed"": ""single"", ""count"": 2}]",2,4100.00,4700.00,https://ostrovok.ru/hotel/russia/western_siberia_irkutsk_oblast_multi/mid7744038/lotos_hotel
uda_2,8752619,Одноместный номер Standard с видом на город (односпальная кровать),32020010005,2,4,односпальная кровать,"[""односпальная кровать""]","[""nobedding""]","[{""bed"": ""single"", ""count"": 1}]",1,1682.00,1700.00,https://ostrovok.ru/hotel/russia/western_siberia_irkutsk_oblast_multi/mid8752619/uda_2
uda_2,8752619,Одноместный номер Superior с видом на город (односпальная кровать),35020010005,2,18,односпальная кровать,"[""односпальная кровать""]","[""nobedding""]","[{""bed"": ""single"", ""count"": 1}]",1,1830.00,1850.00,https://ostrovok.ru/hotel/russia/western_siberia_irkutsk_oblast_multi/mid8752619/uda_2
uda_2,8752619,Двухместный номер Standard с видом на город (2 отдельные кровати),32024020005,2,2,2 отдельные кровати,"[""2 отдельные кровати""]","[""twin""]","[{""bed"": ""single"", ""count"": 2}]",2,1880.00,1900.00,https://ostrovok.ru/hotel/russia/western_siberia_irkutsk_oblast_multi/mid8752619/uda_2
uda_2,8752619,Двухместный номер Superior с видом на город (2 отдельные кровати),35024020005,2,6,2 отдельные кровати,"[""2 отдельные кровати""]","[""twin""]","[{""bed"": ""single"", ""count"": 2}]",2,2176.00,2200.00,https://ostrovok.ru/hotel/russia/western_siberia_irkutsk_oblast_multi/mid8752619/uda_2
uda_2,8752619,Двухместный номер Comfort с видом на город (двуспальная кровать),33023020005,2,6,двуспальная кровать,"[""двуспальная кровать""]","[""double""]","[{""bed"": ""double"", ""count"": 1}]",2,2572.00,2600.00,https://ostrovok.ru/hotel/russia/western_siberia_irkutsk_oblast_multi/mid8752619/uda_2
uda_2,8752619,Двухместный полулюкс с 2 комнатами с видом на город (двуспальная кровать),40023020205,2,2,двуспальная кровать,"[""двуспальная кровать""]","[""double""]","[{""bed"": ""double"", ""count"": 1}]",2,4947.00,5000.00,https://ostrovok.ru/hotel/russia/western_siberia_irkutsk_oblast_multi/mid8752619/uda_2
matreshka_hotel,6332937,Одноместный номер Standard (односпальная кровать),3202001,2,6,односпальная кровать,"[""односпальная кровать""]","[""nobedding""]","[{""bed"": ""single"", ""count"": 1}]",1,4432.00,4483.35,https://ostrovok.ru/hotel/russia/western_siberia_irkutsk_oblast_multi/mid6332937/matreshka_hotel
matreshka_hotel,6332937,Двухместный номер Standard (двуспальная кровать),3202302,2,4,двуспальная кровать,"[""двуспальная кровать""]","[""double""]","[{""bed"": ""double"", ""count"": 1}]",2,4432.00,4483.35,https://ostrovok.ru/hotel/russia/western_siberia_irkutsk_oblast_multi/mid6332937/matreshka_hotel
matreshka_hotel,6332937,Двухместный номер Standard (2 отдельные кровати),3202402,2,4,2 отдельные кровати,"[""2 отдельные кровати""]","[""twin""]","[{""bed"": ""single"", ""count"": 2}]",2,4432.00,4483.35,https://ostrovok.ru/hotel/russia/western_siberia_irkutsk_oblast_multi/mid6332937/matreshka_hotel
matreshka_hotel,6332937,Одноместный номер Comfort (односпальная кровать),3302001,2,1,односпальная кровать,"[""односпальная кровать""]","[""nobedding""]","[{""bed"": ""single"", ""count"": 1}]",1,4597.00,4649.40,https://ostrovok.ru/hotel/russia/western_siberia_irkutsk_oblast_multi/mid6332937/matreshka_hotel
matreshka_hotel,6332937,Двухместный номер Comfort (2 отдельные кровати),3302402,4,8,2 отдельные кровати,"[""2 отдельные кровати""]","[""twin""]","[{""bed"": ""single"", ""count"": 2}]",2,5046.00,5479.65,https://ostrovok.ru/hotel/russia/western_siberia_irkutsk_oblast_multi/mid6332937/matreshka_hotel
matreshka_hotel,6332937,Двухместный номер Comfort (двуспальная кровать),3302302,4,8,двуспальная кровать,"[""двуспальная кровать""]","[""double""]","[{""bed"": ""double"", ""count"": 1}]",2,5046.00,5479.65,https://ostrovok.ru/hotel/russia/western_siberia_irkutsk_oblast_multi/mid6332937/matreshka_hotel
matreshka_hotel,6332937,Двухместный полулюкс (двуспальная кровать),4002302,2,4,двуспальная кровать,"[""двуспальная кровать""]","[""double""]","[{""bed"": ""double"", ""count"": 1}]",2,5363.00,5424.30,https://ostrovok.ru/hotel/russia/western_siberia_irkutsk_oblast_multi/mid6332937/matreshka_hotel
matreshka_hotel,6332937,Двухместный полулюкс (2 отдельные кровати),4002402,2,4,2 отдельные кровати,"[""2 отдельные кровати""]","[""twin""]","[{""bed"": ""single"", ""count"": 2}]",2,5363.00,5424.30,https://ostrovok.ru/hotel/russia/western_siberia_irkutsk_oblast_multi/mid6332937/matreshka_hotel
baikal_forest_hotel,9825031,Двухместный полулюкс (двуспальная кровать),4002302,4,4,двуспальная кровать,"[""двуспальная кровать""]","[""double""]","[{""bed"": ""double"", ""count"": 1}]",2,10150.00,11700.00,https://ostrovok.ru/hotel/russia/western_siberia_irkutsk_oblast_multi/mid9825031/baikal_forest_hotel
baikal_forest_hotel,9825031,Двухместный полулюкс (2 отдельные кровати),4002402,4,4,2 отдельные кровати,"[""2 отдельные кровати""]","[""twin""]","[{""bed"": ""single"", ""count"": 2}]",2,10150.00,11700.00,https://ostrovok.ru/hotel/russia/western_siberia_irkutsk_oblast_multi/mid9825031/baikal_forest_hotel
baikal_forest_hotel,9825031,Двухместный Suite Business (двуспальная кровать),9402302,2,1,двуспальная кровать,"[""двуспальная кровать""]","[""double""]","[{""bed"": ""double"", ""count"": 1}]",2,12224.00,13724.00,https://ostrovok.ru/hotel/russia/western_siberia_irkutsk_oblast_multi/mid9825031/baikal_forest_hotel
atlas_hotel_3,7883850,Двухместный номер Стандарт (2 отдельные кровати),3202402,2,2,2 отдельные кровати,"[""2 отдельные кровати""]","[""twin""]","[{""bed"": ""single"", ""count"": 2}]",2,4622.40,4622.40,https://ostrovok.ru/hotel/russia/western_siberia_irkutsk_oblast_multi/mid7883850/atlas_hotel_3
atlas_hotel_3,7883850,Двухместный номер Стандарт (двуспальная кровать),3202302,2,2,двуспальная кровать,"[""двуспальная кровать""]","[""double""]","[{""bed"": ""double"", ""count"": 1}]",2,4622.40,4622.40,https://ostrovok.ru/hotel/russia/western_siberia_irkutsk_oblast_multi/mid7883850/atlas_hotel_3
atlas_hotel_3,7883850,Двухместный номер Комфoрт (двуспальная кровать),3302302,2,2,двуспальная кровать,"[""двуспальная кровать""]","[""double""]","[{""bed"": ""double"", ""count"": 1}]",2,5392.80,5392.80,https://ostrovok.ru/hotel/russia/western_siberia_irkutsk_oblast_multi/mid7883850/atlas_hotel_3
atlas_hotel_3,7883850,Трёхместный номер Классик,3B02003,2,2,,,"[""nobedding""]",,3,5392.80,5392.80,https://ostrovok.ru/hotel/russia/western_siberia_irkutsk_oblast_multi/mid7883850/atlas_hotel_3
atlas_hotel_3,7883850,Двухместный Джуниор Сюит (двуспальная кровать),4002302,2,2,двуспальная кровать,"[""двуспальная кровать""]","[""double""]","[{""bed"": ""double"", ""count"": 1}]",2,6355.80,6355.80,https://ostrovok.ru/hotel/russia/western_siberia_irkutsk_oblast_multi/mid7883850/atlas_hotel_3
atlas_hotel_3,7883850,"Джуниор Сюит с сауной (двуспальная кровать) (с сауной, джакузи)",4802,3,1,двуспальная кровать,"[""двуспальная кровать""]","[""double""]","[{""bed"": ""double"", ""count"": 1}]",2,8281.80,9202.00,https://ostrovok.ru/hotel/russia/western_siberia_irkutsk_oblast_multi/mid7883850/atlas_hotel_3
bajkal_severnoe_more_hotel,8526970,Двухместный номер Standard с видом на город (двуспальная кровать),32023020005,6,20,двуспальная кровать,"[""двуспальная кровать""]","[""double""]","[{""bed"": ""double"", ""count"": 1}]",2,6504.00,9680.00,https://ostrovok.ru/hotel/russia/western_siberia_irkutsk_oblast_multi/mid8526970/bajkal_severnoe_more_hotel
bajkal_severnoe_more_hotel,8526970,Двухместный номер Standard с видом на город (2 отдельные кровати),32024020005,6,20,2 отдельные кровати,"[""2 отдельные кровати""]","[""twin""]","[{""bed"": ""single"", ""count"": 2}]",2,6504.00,9680.00,https://ostrovok.ru/hotel/russia/western_siberia_irkutsk_oblast_multi/mid8526970/bajkal_severnoe_more_hotel
bajkal_severnoe_more_hotel,8526970,Номер Standard с балконом и с видом на город (двуспальная кровать),32020000015,6,15,двуспальная кровать,"[""двуспальная кровать""]","[""double""]","[{""bed"": ""double"", ""count"": 1}]",2,7041.00,10230.00,https://ostrovok.ru/hotel/russia/western_siberia_irkutsk_oblast_multi/mid8526970/bajkal_severnoe_more_hotel
bajkal_severnoe_more_hotel,8526970,Двухместный номер Superior с видом на реку (2 отдельные кровати),3502402000N,6,11,2 отдельные кровати,"[""2 отдельные кровати""]","[""twin""]","[{""bed"": ""single"", ""count"": 2}]",2,7579.00,10780.00,https://ostrovok.ru/hotel/russia/western_siberia_irkutsk_oblast_multi/mid8526970/bajkal_severnoe_more_hotel
bajkal_severnoe_more_hotel,8526970,Полулюкс с видом на реку (двуспальная кровать),4002000000N,12,8,двуспальная кровать,"[""двуспальная кровать""]","[""double""]","[{""bed"": ""double"", ""count"": 1}]",2,8116.00,11330.00,https://ostrovok.ru/hotel/russia/western_siberia_irkutsk_oblast_multi/mid8526970/bajkal_severnoe_more_hotel
bajkal_severnoe_more_hotel,8526970,"Семейный люкс с видом на город (2 кресла-кровати, двуспальная кровать и диван)",50020100005,6,2,"2 кресла-кровати, двуспальная кровать и диван","[""2 кресла-кровати"", ""двуспальная кровать"", ""диван""]","[""double""]","[{""bed"": ""double"", ""count"": 1}, {""bed"": ""sofa-bed"", ""count"": 1}, {""bed"": ""chair-bed"", ""count"": 2}]",3,12524.00,15840.00,https://ostrovok.ru/hotel/russia/western_siberia_irkutsk_oblast_multi/mid8526970/bajkal_severnoe_more_hotel
bajkal_severnoe_more_hotel,8526970,Люкс Executive с видом на реку (двуспальная кровать),5802000000N,6,4,двуспальная кровать,"[""двуспальная кровать""]","[""double""]","[{""bed"": ""double"", ""count"": 1}]",2,13599.00,16940.00,https://ostrovok.ru/hotel/russia/western_siberia_irkutsk_oblast_multi/mid8526970/bajkal_severnoe_more_hotel
bajkal_severnoe_more_hotel,8526970,Люкс Presidential с видом на реку (двуспальная кровать),5902000000N,6,6,двуспальная кровать,"[""двуспальная кровать""]","[""double""]","[{""bed"": ""double"", ""count"": 1}]",2,14674.00,18040.00,https://ostrovok.ru/hotel/russia/western_siberia_irkutsk_oblast_multi/mid8526970/bajkal_severnoe_more_hotel
montana_hostel,8746907,Капсула с красивым видом из окна (общая ванная комната),2201000000U,1,5,,,"[""nobedding""]",,1,900.00,900.00,https://ostrovok.ru/hotel/russia/western_siberia_irkutsk_oblast_multi/mid8746907/montana_hostel
montana_hostel,8746907,Кровать в общем номере (общая ванная комната) (2 двухъярусные кровати) (4 кровати),1001,1,4,2 двухъярусные кровати,"[""2 двухъярусные кровати""]","[""nobedding""]","[{""bed"": ""bunk-bed"", ""count"": 2}]",1,1000.00,1000.00,https://ostrovok.ru/hotel/russia/western_siberia_irkutsk_oblast_multi/mid8746907/montana_hostel
montana_hostel,8746907,Двухместный номер Economy с красивым видом из окна (общая ванная комната) (двуспальная кровать),3101302000U,1,1,двуспальная кровать,"[""двуспальная кровать""]","[""double""]","[{""bed"": ""double"", ""count"": 1}]",2,1800.00,1800.00,https://ostrovok.ru/hotel/russia/western_siberia_irkutsk_oblast_multi/mid8746907/montana_hostel
the_sky_of_lake_baikal,13459275,Номер Standard (общая ванная комната) (2 отдельные кровати),3201,2,2,2 отдельные кровати,"[""2 отдельные кровати""]","[""twin""]","[{""bed"": ""single"", ""count"": 2}]",2,3958.00,4000.00,https://ostrovok.ru/hotel/russia/western_siberia_irkutsk_oblast_multi/mid13459275/the_sky_of_lake_baikal
the_sky_of_lake_baikal,13459275,Двухместный коттедж Economy (общая ванная комната) (2 отдельные кровати) (в дополнительном здании),9101402,1,2,2 отдельные кровати,"[""2 отдельные кровати""]","[""twin""]","[{""bed"": ""single"", ""count"": 2}]",2,3960.00,3960.00,https://ostrovok.ru/hotel/russia/western_siberia_irkutsk_oblast_multi/mid13459275/the_sky_of_lake_baikal
hotel_flagman_olkhona,10019347,Двухместный номер Standard (двуспальная кровать),3202302,3,4,двуспальная кровать,"[""двуспальная кровать""]","[""double""]","[{""bed"": ""double"", ""count"": 1}]",2,7121.00,8800.00,https://ostrovok.ru/hotel/russia/western_siberia_irkutsk_oblast_multi/mid10019347/hotel_flagman_olkhona
hotel_flagman_olkhona,10019347,Двухместный номер Standard (2 отдельные кровати),3202402,3,4,2 отдельные кровати,"[""2 отдельные кровати""]","[""twin""]","[{""bed"": ""single"", ""count"": 2}]",2,7121.00,8800.00,https://ostrovok.ru/hotel/russia/western_siberia_irkutsk_oblast_multi/mid10019347/hotel_flagman_olkhona
hotel_flagman_olkhona,10019347,Двухместный номер Superior (двуспальная кровать),3502302,3,7,двуспальная кровать,"[""двуспальная кровать""]","[""double""]","[{""bed"": ""double"", ""count"": 1}]",2,8110.00,9800.00,https://ostrovok.ru/hotel/russia/western_siberia_irkutsk_oblast_multi/mid10019347/hotel_flagman_olkhona
hotel_flagman_olkhona,10019347,Двухместный номер Superior (2 отдельные кровати),3502402,3,7,2 отдельные кровати,"[""2 отдельные кровати""]","[""twin""]","[{""bed"": ""single"", ""count"": 2}]",2,8110.00,9800.00,https://ostrovok.ru/hotel/russia/western_siberia_irkutsk_oblast_multi/mid10019347/hotel_flagman_olkhona
hotel_flagman_olkhona,10019347,Трёхместный номер Superior (двуспальная кровать и односпальная кровать),3502003,3,1,двуспальная кровать и односпальная кровать,"[""двуспальная кровать"", ""односпальная кровать""]","[""double""]","[{""bed"": ""double"", ""count"": 1}, {""bed"": ""single"", ""count"": 1}]",2,13056.00,14800.00,https://ostrovok.ru/hotel/russia/western_siberia_irkutsk_oblast_multi/mid10019347/hotel_flagman_olkhona
baikal_view_hotel,7681558,Двухместный номер Standard с видом на озеро (двуспальная кровать),3202302000D,2,31,двуспальная кровать,"[""двуспальная кровать""]","[""double""]","[{""bed"": ""double"", ""count"": 1}]",2,8810.00,8904.00,https://ostrovok.ru/hotel/russia/western_siberia_irkutsk_oblast_multi/mid7681558/baikal_view_hotel
baikal_view_hotel,7681558,Двухместный номер Standard с видом на озеро (2 отдельные кровати),3202402000D,2,31,2 отдельные кровати,"[""2 отдельные кровати""]","[""twin""]","[{""bed"": ""single"", ""count"": 2}]",2,8810.00,8904.00,https://ostrovok.ru/hotel/russia/western_siberia_irkutsk_oblast_multi/mid7681558/baikal_view_hotel
baikal_view_hotel,7681558,Двухместный номер Superior с видом на озеро (2 отдельные кровати),3502402000D,2,9,2 отдельные кровати,"[""2 отдельные кровати""]","[""twin""]","[{""bed"": ""single"", ""count"": 2}]",2,9766.00,9870.00,https://ostrovok.ru/hotel/russia/western_siberia_irkutsk_oblast_multi/mid7681558/baikal_view_hotel
baikal_view_hotel,7681558,Двухместный номер Superior с видом на озеро (двуспальная кровать),3502302000D,2,9,двуспальная кровать,"[""двуспальная кровать""]","[""double""]","[{""bed"": ""double"", ""count"": 1}]",2,9766.00,9870.00,https://ostrovok.ru/hotel/russia/western_siberia_irkutsk_oblast_multi/mid7681558/baikal_view_hotel
baikal_view_hotel,7681558,Двухместный номер Comfort с видом на озеро (2 отдельные кровати),3302402000D,2,18,2 отдельные кровати,"[""2 отдельные кровати""]","[""twin""]","[{""bed"": ""single"", ""count"": 2}]",2,10951.00,11067.00,https://ostrovok.ru/hotel/russia/western_siberia_irkutsk_oblast_multi/mid7681558/baikal_view_hotel
baikal_view_hotel,7681558,Двухместный номер Comfort с видом на озеро (двуспальная кровать),3302302000D,2,18,двуспальная кровать,"[""двуспальная кровать""]","[""double""]","[{""bed"": ""double"", ""count"": 1}]",2,10951.00,11067.00,https://ostrovok.ru/hotel/russia/western_siberia_irkutsk_oblast_multi/mid7681558/baikal_view_hotel
baikal_view_hotel,7681558,Двухместный номер Deluxe с видом на озеро (2 отдельные кровати),3602402000D,2,15,2 отдельные кровати,"[""2 отдельные кровати""]","[""twin""]","[{""bed"": ""single"", ""count"": 2}]",2,12271.00,12401.00,https://ostrovok.ru/hotel/russia/western_siberia_irkutsk_oblast_multi/mid7681558/baikal_view_hotel
baikal_view_hotel,7681558,Двухместный номер Deluxe с видом на озеро (двуспальная кровать) (кровать queen size),3602302000D,2,15,двуспальная кровать,"[""двуспальная кровать""]","[""double""]","[{""bed"": ""double"", ""count"": 1}]",2,12271.00,12401.00,https://ostrovok.ru/hotel/russia/western_siberia_irkutsk_oblast_multi/mid7681558/baikal_view_hotel
baikal_view_hotel,7681558,Четырёхместный полулюкс Comfort с красивым видом из окна,4302004000U,2,1,,,"[""nobedding""]",,4,21206.00,21431.00,https://ostrovok.ru/hotel/russia/western_siberia_irkutsk_oblast_multi/mid7681558/baikal_view_hotel
baikal_view_hotel,7681558,"Четырёхместный номер Premium с видом на озеро (2 отдельные кровати, двуспальная кровать и диван)",3A02004000D,7,1,"2 отдельные кровати, двуспальная кровать и диван","[""2 отдельные кровати"", ""двуспальная кровать"", ""диван""]","[""double""]","[{""bed"": ""double"", ""count"": 1}, {""bed"": ""single"", ""count"": 2}, {""bed"": ""sofa-bed"", ""count"": 1}]",5,23772.00,24947.00,https://ostrovok.ru/hotel/russia/western_siberia_irkutsk_oblast_multi/mid7681558/baikal_view_hotel
mihail_strogov,8469949,Двухместный номер Standard (двуспальная кровать),3202302,4,1,двуспальная кровать,"[""двуспальная кровать""]","[""double""]","[{""bed"": ""double"", ""count"": 1}]",2,3909.00,4500.00,https://ostrovok.ru/hotel/russia/western_siberia_irkutsk_oblast_multi/mid8469949/mihail_strogov
mihail_strogov,8469949,Одноместный номер Standard,3202001,3,2,,,"[""nobedding""]",,1,3909.00,4500.00,https://ostrovok.ru/hotel/russia/western_siberia_irkutsk_oblast_multi/mid8469949/mihail_strogov
mihail_strogov,8469949,Двухместный номер Standard (2 отдельные кровати),3202402,4,2,2 отдельные кровати,"[""2 отдельные кровати""]","[""twin""]","[{""bed"": ""single"", ""count"": 2}]",2,3956.00,4500.00,https://ostrovok.ru/hotel/russia/western_siberia_irkutsk_oblast_multi/mid8469949/mihail_strogov
mihail_strogov,8469949,Студия с видом на город,70020000005,5,2,,,"[""nobedding""]",,1,6352.00,6500.00,https://ostrovok.ru/hotel/russia/western_siberia_irkutsk_oblast_multi/mid8469949/mihail_strogov
burduguz_hotel_2,7829252,Двухместный Джуниор Сюит Комфорт в новом здании с балконом и с красивым видом из окна (двуспальная кровать) (кровать king size),4602302001U,1,1,двуспальная кровать,"[""двуспальная кровать""]","[""double""]","[{""bed"": ""double"", ""count"": 1}]",2,31500.00,31500.00,https://ostrovok.ru/hotel/russia/western_siberia_irkutsk_oblast_multi/mid7829252/burduguz_hotel_2
burduguz_hotel_2,7829252,Двухместный люкс в новом здании с балконом (двуспальная кровать) (кровать king size),5002302001,1,2,двуспальная кровать,"[""двуспальная кровать""]","[""double""]","[{""bed"": ""double"", ""count"": 1}]",2,36500.00,36500.00,https://ostrovok.ru/hotel/russia/western_siberia_irkutsk_oblast_multi/mid7829252/burduguz_hotel_2
burduguz_hotel_2,7829252,"Двухместный Джуниор Сюит Baikal c террасой в новом корпусе с красивым видом из окна (двуспальная кровать) (кровать king size, терраса)",4B02302000U,1,1,двуспальная кровать,"[""двуспальная кровать""]","[""double""]","[{""bed"": ""double"", ""count"": 1}]",2,47000.00,47000.00,https://ostrovok.ru/hotel/russia/western_siberia_irkutsk_oblast_multi/mid7829252/burduguz_hotel_2
burduguz_hotel_2,7829252,Двухместный люкс (двуспальная кровать),5002302,1,1,двуспальная кровать,"[""двуспальная кровать""]","[""double""]","[{""bed"": ""double"", ""count"": 1}]",2,59500.00,59500.00,https://ostrovok.ru/hotel/russia/western_siberia_irkutsk_oblast_multi/mid7829252/burduguz_hotel_2
nochleg_i_zavtrak_bb_shambala,10012287,Двухместный номер Standard с видом на озеро (2 отдельные кровати),3202402000D,1,7,2 отдельные кровати,"[""2 отдельные кровати""]","[""twin""]","[{""bed"": ""single"", ""count"": 2}]",2,8905.00,8905.00,https://ostrovok.ru/hotel/russia/western_siberia_irkutsk_oblast_multi/mid10012287/nochleg_i_zavtrak_bb_shambala
malinovka_3,9079016,Семейный номер Superior с балконом и с видом на озеро,3502010001D,1,1,,,"[""nobedding""]",,3,4945.00,4945.00,https://ostrovok.ru/hotel/russia/western_siberia_irkutsk_oblast_multi/mid9079016/malinovka_3
magas,6839053,Кровать в общем номере (мужской номер) (общая ванная комната) (4 кровати),1011,2,3,,,"[""nobedding""]",,1,1483.00,1500.00,https://ostrovok.ru/hotel/russia/western_siberia_irkutsk_oblast_multi/mid6839053/magas
magas,6839053,Кровать в общем номере (женский номер) (общая ванная комната) (4 кровати),1021,2,4,,,"[""nobedding""]",,1,1483.00,1500.00,https://ostrovok.ru/hotel/russia/western_siberia_irkutsk_oblast_multi/mid6839053/magas
magas,6839053,Трёхместный номер Classic,3B02003,2,5,,,"[""nobedding""]",,3,3264.00,3300.00,https://ostrovok.ru/hotel/russia/western_siberia_irkutsk_oblast_multi/mid6839053/magas
magas,6839053,Двухместный номер Standard с видом на город (2 отдельные кровати),32024020005,2,4,2 отдельные кровати,"[""2 отдельные кровати""]","[""twin""]","[{""bed"": ""single"", ""count"": 2}]",2,3264.00,3300.00,https://ostrovok.ru/hotel/russia/western_siberia_irkutsk_oblast_multi/mid6839053/magas
magas,6839053,Двухместный полулюкс (двуспальная кровать),4002302,2,4,двуспальная кровать,"[""двуспальная кровать""]","[""double""]","[{""bed"": ""double"", ""count"": 1}]",2,3857.00,3900.00,https://ostrovok.ru/hotel/russia/western_siberia_irkutsk_oblast_multi/mid6839053/magas
7_dorog,7029576,Одноместный номер Superior с видом на город (односпальная кровать),35020010005,4,2,односпальная кровать,"[""односпальная кровать""]","[""nobedding""]","[{""bed"": ""single"", ""count"": 1}]",1,4750.00,5600.00,https://ostrovok.ru/hotel/russia/western_siberia_irkutsk_oblast_multi/mid7029576/7_dorog
7_dorog,7029576,Одноместный номер Standard с видом на город (односпальная кровать),32020010005,4,2,односпальная кровать,"[""односпальная кровать""]","[""nobedding""]","[{""bed"": ""single"", ""count"": 1}]",1,4750.00,5600.00,https://ostrovok.ru/hotel/russia/western_siberia_irkutsk_oblast_multi/mid7029576/7_dorog
7_dorog,7029576,Двухместный номер Standard с видом на город (2 отдельные кровати),32024020005,4,2,2 отдельные кровати,"[""2 отдельные кровати""]","[""twin""]","[{""bed"": ""single"", ""count"": 2}]",2,5700.00,7200.00,https://ostrovok.ru/hotel/russia/western_siberia_irkutsk_oblast_multi/mid7029576/7_dorog
7_dorog,7029576,Двухместный номер Superior с видом на город (2 отдельные кровати),35024020005,4,1,2 отдельные кровати,"[""2 отдельные кровати""]","[""twin""]","[{""bed"": ""single"", ""count"": 2}]",2,6650.00,8200.00,https://ostrovok.ru/hotel/russia/western_siberia_irkutsk_oblast_multi/mid7029576/7_dorog
7_dorog,7029576,Двухместный номер Superior с видом на город (двуспальная кровать),35023020005,4,2,двуспальная кровать,"[""двуспальная кровать""]","[""double""]","[{""bed"": ""double"", ""count"": 1}]",2,6650.00,8200.00,https://ostrovok.ru/hotel/russia/western_siberia_irkutsk_oblast_multi/mid7029576/7_dorog
7_dorog,7029576,Семейный люкс с 2 комнатами с видом на город (двуспальная кровать и односпальная кровать),50020100205,4,2,двуспальная кровать и односпальная кровать,"[""двуспальная кровать"", ""односпальная кровать""]","[""double""]","[{""bed"": ""double"", ""count"": 1}, {""bed"": ""single"", ""count"": 1}]",2,8550.00,10800.00,https://ostrovok.ru/hotel/russia/western_siberia_irkutsk_oblast_multi/mid7029576/7_dorog
gostinitsa_solntse,7818100,Номер Economy,3102,4,4,,,"[""nobedding""]",,1,8704.00,11650.00,https://ostrovok.ru/hotel/russia/western_siberia_irkutsk_oblast_multi/mid7818100/gostinitsa_solntse
gostinitsa_solntse,7818100,Двухместный номер Superior с видом на город (двуспальная кровать),35023020005,2,3,двуспальная кровать,"[""двуспальная кровать""]","[""double""]","[{""bed"": ""double"", ""count"": 1}]",2,9990.00,10100.00,https://ostrovok.ru/hotel/russia/western_siberia_irkutsk_oblast_multi/mid7818100/gostinitsa_solntse
gostinitsa_solntse,7818100,Двухместный номер Standard с видом на город (2 отдельные кровати),32024020005,2,3,2 отдельные кровати,"[""2 отдельные кровати""]","[""twin""]","[{""bed"": ""single"", ""count"": 2}]",2,9990.00,10100.00,https://ostrovok.ru/hotel/russia/western_siberia_irkutsk_oblast_multi/mid7818100/gostinitsa_solntse
gostinitsa_solntse,7818100,Полулюкс с видом на город (двуспальная кровать),40020000005,2,1,двуспальная кровать,"[""двуспальная кровать""]","[""double""]","[{""bed"": ""double"", ""count"": 1}]",2,11523.00,11650.00,https://ostrovok.ru/hotel/russia/western_siberia_irkutsk_oblast_multi/mid7818100/gostinitsa_solntse
gostinitsa_solntse,7818100,Двухместный полулюкс с видом на город (общая ванная комната) (двуспальная кровать),40013020005,2,1,двуспальная кровать,"[""двуспальная кровать""]","[""double""]","[{""bed"": ""double"", ""count"": 1}]",2,11523.00,11650.00,https://ostrovok.ru/hotel/russia/western_siberia_irkutsk_oblast_multi/mid7818100/gostinitsa_solntse
gostinitsa_solntse,7818100,Студия с видом на город (диван),70020000005,2,1,диван,"[""диван""]","[""sofa-bed""]","[{""bed"": ""sofa-bed"", ""count"": 1}]",1,16320.00,16500.00,https://ostrovok.ru/hotel/russia/western_siberia_irkutsk_oblast_multi/mid7818100/gostinitsa_solntse
gostinitsa_solntse,7818100,Люкс с 2 комнатами с видом на город (диван) (джакузи),50020000205,2,1,диван,"[""диван""]","[""sofa-bed""]","[{""bed"": ""sofa-bed"", ""count"": 1}]",1,21266.00,21500.00,https://ostrovok.ru/hotel/russia/western_siberia_irkutsk_oblast_multi/mid7818100/gostinitsa_solntse
izumrud_hotel_7,13287135,Двухместный полулюкс c 1 комнатой (двуспальная кровать),400230201,2,2,двуспальная кровать,"[""двуспальная кровать""]","[""double""]","[{""bed"": ""double"", ""count"": 1}]",2,3463.00,3500.00,https://ostrovok.ru/hotel/russia/western_siberia_irkutsk_oblast_multi/mid13287135/izumrud_hotel_7
izumrud_hotel_7,13287135,Номер Standard,3202,2,4,,,"[""nobedding""]",,1,3707.00,4243.00,https://ostrovok.ru/hotel/russia/western_siberia_irkutsk_oblast_multi/mid13287135/izumrud_hotel_7
izumrud_hotel_7,13287135,Двухместный люкс c 1 комнатой (двуспальная кровать),500230201,2,2,двуспальная кровать,"[""двуспальная кровать""]","[""double""]","[{""bed"": ""double"", ""count"": 1}]",2,4947.00,5000.00,https://ostrovok.ru/hotel/russia/western_siberia_irkutsk_oblast_multi/mid13287135/izumrud_hotel_7
izumrud_hotel_7,13287135,Номер Superior,3502,2,2,,,"[""nobedding""]",,1,5296.00,5820.00,https://ostrovok.ru/hotel/russia/western_siberia_irkutsk_oblast_multi/mid13287135/izumrud_hotel_7
baykal_guest_house_3,13308043,Двухместный номер Standard (2 отдельные кровати),3202402,2,1,2 отдельные кровати,"[""2 отдельные кровати""]","[""twin""]","[{""bed"": ""single"", ""count"": 2}]",2,3463.00,3500.00,https://ostrovok.ru/hotel/russia/western_siberia_irkutsk_oblast_multi/mid13308043/baykal_guest_house_3
baykal_guest_house_3,13308043,Семейный номер Classic с видом на озеро (двуспальная кровать и односпальная кровать),3B02010000D,2,2,двуспальная кровать и односпальная кровать,"[""двуспальная кровать"", ""односпальная кровать""]","[""double""]","[{""bed"": ""double"", ""count"": 1}, {""bed"": ""single"", ""count"": 1}]",2,3760.00,3800.00,https://ostrovok.ru/hotel/russia/western_siberia_irkutsk_oblast_multi/mid13308043/baykal_guest_house_3
baykal_guest_house_3,13308043,Номер Standard с 3 комнатами с видом на озеро (3 отдельные кровати),3202000030D,2,4,3 отдельные кровати,"[""3 отдельные кровати""]","[""nobedding""]","[{""bed"": ""single"", ""count"": 3}]",1,3760.00,3800.00,https://ostrovok.ru/hotel/russia/western_siberia_irkutsk_oblast_multi/mid13308043/baykal_guest_house_3
baykal_guest_house_3,13308043,Кровать в общем номере с видом на внутренний двор (общая ванная комната) (4 отдельные кровати) (4 кровати),10010000006,2,3,4 отдельные кровати,"[""4 отдельные кровати""]","[""nobedding""]","[{""bed"": ""single"", ""count"": 4}]",1,4452.00,4500.00,https://ostrovok.ru/hotel/russia/western_siberia_irkutsk_oblast_multi/mid13308043/baykal_guest_house_3
alaniya,10003444,Двухместный номер Standard (двуспальная кровать),3202302,2,5,двуспальная кровать,"[""двуспальная кровать""]","[""double""]","[{""bed"": ""double"", ""count"": 1}]",2,3958.00,4000.00,https://ostrovok.ru/hotel/russia/western_siberia_irkutsk_oblast_multi/mid10003444/alaniya
alaniya,10003444,Трёхместный номер Standard,3202003,2,5,,,"[""nobedding""]",,3,4947.00,5000.00,https://ostrovok.ru/hotel/russia/western_siberia_irkutsk_oblast_multi/mid10003444/alaniya
alaniya,10003444,Четырёхместный номер Standard,3202004,2,2,,,"[""nobedding""]",,4,6926.00,7000.00,https://ostrovok.ru/hotel/russia/western_siberia_irkutsk_oblast_multi/mid10003444/alaniya
dream_of_baikal_hotel,6374723,Двухместный номер Standard (2 отдельные кровати) (тип кровати может измениться),3202402,1,2,2 отдельные кровати,"[""2 отдельные кровати""]","[""twin""]","[{""bed"": ""single"", ""count"": 2}]",2,6530.00,6530.00,https://ostrovok.ru/hotel/russia/western_siberia_irkutsk_oblast_multi/mid6374723/dream_of_baikal_hotel
dream_of_baikal_hotel,6374723,Двухместный номер Standard (двуспальная кровать) (тип кровати может измениться),3202302,1,2,двуспальная кровать,"[""двуспальная кровать""]","[""double""]","[{""bed"": ""double"", ""count"": 1}]",2,6530.00,6530.00,https://ostrovok.ru/hotel/russia/western_siberia_irkutsk_oblast_multi/mid6374723/dream_of_baikal_hotel
dream_of_baikal_hotel,6374723,Двухместный номер Standard с видом на озеро (двуспальная кровать) (тип кровати может измениться),3202302000D,1,4,двуспальная кровать,"[""двуспальная кровать""]","[""double""]","[{""bed"": ""double"", ""count"": 1}]",2,7124.00,7124.00,https://ostrovok.ru/hotel/russia/western_siberia_irkutsk_oblast_multi/mid6374723/dream_of_baikal_hotel
dream_of_baikal_hotel,6374723,Двухместный номер Standard с видом на озеро (2 отдельные кровати) (тип кровати может измениться),3202402000D,1,4,2 отдельные кровати,"[""2 отдельные кровати""]","[""twin""]","[{""bed"": ""single"", ""count"": 2}]",2,7124.00,7124.00,https://ostrovok.ru/hotel/russia/western_siberia_irkutsk_oblast_multi/mid6374723/dream_of_baikal_hotel
dream_of_baikal_hotel,6374723,Люкс с балконом,5002000001,1,3,,,"[""nobedding""]",,1,7718.00,7718.00,https://ostrovok.ru/hotel/russia/western_siberia_irkutsk_oblast_multi/mid6374723/dream_of_baikal_hotel
baza_otdykha_olkhon,11256148,Трёхместный номер Standard (3 отдельные кровати),3202003,4,7,3 отдельные кровати,"[""3 отдельные кровати""]","[""nobedding""]","[{""bed"": ""single"", ""count"": 3}]",3,4936.00,6500.00,https://ostrovok.ru/hotel/russia/western_siberia_irkutsk_oblast_multi/mid11256148/baza_otdykha_olkhon
baza_otdykha_olkhon,11256148,Двухместный номер Economy (2 отдельные кровати),3102402,2,2,2 отдельные кровати,"[""2 отдельные кровати""]","[""twin""]","[{""bed"": ""single"", ""count"": 2}]",2,4936.00,5000.00,https://ostrovok.ru/hotel/russia/western_siberia_irkutsk_oblast_multi/mid11256148/baza_otdykha_olkhon
baza_otdykha_olkhon,11256148,Трёхместный номер Superior,3502003,2,4,,,"[""nobedding""]",,3,5429.00,5500.00,https://ostrovok.ru/hotel/russia/western_siberia_irkutsk_oblast_multi/mid11256148/baza_otdykha_olkhon
aristokrat_hotel,8745188,Одноместный номер Economy (односпальная кровать),3102001,2,4,односпальная кровать,"[""односпальная кровать""]","[""nobedding""]","[{""bed"": ""single"", ""count"": 1}]",1,5100.00,5100.00,https://ostrovok.ru/hotel/russia/western_siberia_irkutsk_oblast_multi/mid8745188/aristokrat_hotel
aristokrat_hotel,8745188,Двухместный номер Standard с видом на город (2 отдельные кровати),32024020005,2,2,2 отдельные кровати,"[""2 отдельные кровати""]","[""twin""]","[{""bed"": ""single"", ""count"": 2}]",2,6100.00,6100.00,https://ostrovok.ru/hotel/russia/western_siberia_irkutsk_oblast_multi/mid8745188/aristokrat_hotel
aristokrat_hotel,8745188,Двухместный номер Standard с видом на город (двуспальная кровать),32023020005,2,2,двуспальная кровать,"[""двуспальная кровать""]","[""double""]","[{""bed"": ""double"", ""count"": 1}]",2,6100.00,6100.00,https://ostrovok.ru/hotel/russia/western_siberia_irkutsk_oblast_multi/mid8745188/aristokrat_hotel
aristokrat_hotel,8745188,Двухместный номер Superior с видом на город (2 отдельные кровати),35024020005,2,3,2 отдельные кровати,"[""2 отдельные кровати""]","[""twin""]","[{""bed"": ""single"", ""count"": 2}]",2,6300.00,6300.00,https://ostrovok.ru/hotel/russia/western_siberia_irkutsk_oblast_multi/mid8745188/aristokrat_hotel
aristokrat_hotel,8745188,Двухместный номер Superior с видом на город (двуспальная кровать),35023020005,2,3,двуспальная кровать,"[""двуспальная кровать""]","[""double""]","[{""bed"": ""double"", ""count"": 1}]",2,6300.00,6300.00,https://ostrovok.ru/hotel/russia/western_siberia_irkutsk_oblast_multi/mid8745188/aristokrat_hotel
miniotel_medveditsa,10019685,Двухместный номер Standard с балконом (общая ванная комната) (2 отдельные кровати),3201402001,2,2,2 отдельные кровати,"[""2 отдельные кровати""]","[""twin""]","[{""bed"": ""single"", ""count"": 2}]",2,4660.00,4710.00,https://ostrovok.ru/hotel/russia/western_siberia_irkutsk_oblast_multi/mid10019685/miniotel_medveditsa
gostevoj_dom_na_zvezdinskoj,6827039,Двухместный номер Standard (2 отдельные кровати) (тип кровати может измениться),3202402,4,15,2 отдельные кровати,"[""2 отдельные кровати""]","[""twin""]","[{""bed"": ""single"", ""count"": 2}]",2,3750.00,4500.00,https://ostrovok.ru/hotel/russia/western_siberia_irkutsk_oblast_multi/mid6827039/gostevoj_dom_na_zvezdinskoj
gostevoj_dom_na_zvezdinskoj,6827039,Двухместный номер Standard (двуспальная кровать) (тип кровати может измениться),3202302,4,15,двуспальная кровать,"[""двуспальная кровать""]","[""double""]","[{""bed"": ""double"", ""count"": 1}]",2,3750.00,4500.00,https://ostrovok.ru/hotel/russia/western_siberia_irkutsk_oblast_multi/mid6827039/gostevoj_dom_na_zvezdinskoj
gostevoj_dom_na_zvezdinskoj,6827039,Трёхместный номер Standard,3202003,2,5,,,"[""nobedding""]",,3,4901.00,5000.00,https://ostrovok.ru/hotel/russia/western_siberia_irkutsk_oblast_multi/mid6827039/gostevoj_dom_na_zvezdinskoj
armat_hotel,8755884,Двухместный номер Стандарт 1-й категории (2 отдельные кровати),3302402,4,20,2 отдельные кровати,"[""2 отдельные кровати""]","[""twin""]","[{""bed"": ""single"", ""count"": 2}]",2,5200.00,6200.00,https://ostrovok.ru/hotel/russia/western_siberia_irkutsk_oblast_multi/mid8755884/armat_hotel
armat_hotel,8755884,Двухместный номер Стандарт 1-й категории (двуспальная кровать),3302302,4,20,двуспальная кровать,"[""двуспальная кровать""]","[""double""]","[{""bed"": ""double"", ""count"": 1}]",2,5200.00,6200.00,https://ostrovok.ru/hotel/russia/western_siberia_irkutsk_oblast_multi/mid8755884/armat_hotel
armat_hotel,8755884,Одноместный номер 1-й категории (односпальная кровать),3202001,4,1,односпальная кровать,"[""односпальная кровать""]","[""nobedding""]","[{""bed"": ""single"", ""count"": 1}]",1,5700.00,6400.00,https://ostrovok.ru/hotel/russia/western_siberia_irkutsk_oblast_multi/mid8755884/armat_hotel
armat_hotel,8755884,Номер Семейный с красивым видом из окна (двуспальная кровать),3902000000U,8,1,двуспальная кровать,"[""двуспальная кровать""]","[""double""]","[{""bed"": ""double"", ""count"": 1}]",2,7400.00,8100.00,https://ostrovok.ru/hotel/russia/western_siberia_irkutsk_oblast_multi/mid8755884/armat_hotel
armat_hotel,8755884,Двухместный номер Special 1-й категории (двуспальная кровать),3B02302,4,1,двуспальная кровать,"[""двуспальная кровать""]","[""double""]","[{""bed"": ""double"", ""count"": 1}]",2,7900.00,8600.00,https://ostrovok.ru/hotel/russia/western_siberia_irkutsk_oblast_multi/mid8755884/armat_hotel
armat_hotel,8755884,Двухместный полулюкс (2 отдельные кровати),4002402,4,9,2 отдельные кровати,"[""2 отдельные кровати""]","[""twin""]","[{""bed"": ""single"", ""count"": 2}]",2,7900.00,8600.00,https://ostrovok.ru/hotel/russia/western_siberia_irkutsk_oblast_multi/mid8755884/armat_hotel
armat_hotel,8755884,Двухместный номер Special 1-й категории (2 отдельные кровати),3B02402,4,1,2 отдельные кровати,"[""2 отдельные кровати""]","[""twin""]","[{""bed"": ""single"", ""count"": 2}]",2,7900.00,8600.00,https://ostrovok.ru/hotel/russia/western_siberia_irkutsk_oblast_multi/mid8755884/armat_hotel
armat_hotel,8755884,Двухместный полулюкс (двуспальная кровать),4002302,4,9,двуспальная кровать,"[""двуспальная кровать""]","[""double""]","[{""bed"": ""double"", ""count"": 1}]",2,7900.00,8600.00,https://ostrovok.ru/hotel/russia/western_siberia_irkutsk_oblast_multi/mid8755884/armat_hotel
armat_hotel,8755884,Двухместный люкс (2 отдельные кровати),5002402,2,1,2 отдельные кровати,"[""2 отдельные кровати""]","[""twin""]","[{""bed"": ""single"", ""count"": 2}]",2,11000.00,11000.00,https://ostrovok.ru/hotel/russia/western_siberia_irkutsk_oblast_multi/mid8755884/armat_hotel
armat_hotel,8755884,Двухместный люкс (двуспальная кровать),5002302,2,1,двуспальная кровать,"[""двуспальная кровать""]","[""double""]","[{""bed"": ""double"", ""count"": 1}]",2,11000.00,11000.00,https://ostrovok.ru/hotel/russia/western_siberia_irkutsk_oblast_multi/mid8755884/armat_hotel
miniotel_serdtse_baykala,11310800,Двухместный коттедж с красивым видом из окна (двуспальная кровать) (терраса),9002302000U,2,3,двуспальная кровать,"[""двуспальная кровать""]","[""double""]","[{""bed"": ""double"", ""count"": 1}]",2,12369.00,12500.00,https://ostrovok.ru/hotel/russia/western_siberia_irkutsk_oblast_multi/mid11310800/miniotel_serdtse_baykala
gostevoj_dom_otdyih_na_bajkale,10014826,Четырёхместный номер Economy (общая ванная комната) (5 отдельных кроватей),3101004,1,1,5 отдельных кроватей,"[""5 отдельных кроватей""]","[""nobedding""]","[{""bed"": ""single"", ""count"": 5}]",4,2972.00,2972.00,https://ostrovok.ru/hotel/russia/western_siberia_irkutsk_oblast_multi/mid10014826/gostevoj_dom_otdyih_na_bajkale
gostevoj_dom_otdyih_na_bajkale,10014826,Двухместный номер Standard (общая ванная комната) (2 отдельные кровати),3201402,1,3,2 отдельные кровати,"[""2 отдельные кровати""]","[""twin""]","[{""bed"": ""single"", ""count"": 2}]",2,2972.00,2972.00,https://ostrovok.ru/hotel/russia/western_siberia_irkutsk_oblast_multi/mid10014826/gostevoj_dom_otdyih_na_bajkale
gostevoj_dom_otdyih_na_bajkale,10014826,Номер Standard (3 отдельные кровати и диван),3202,1,2,3 отдельные кровати и диван,"[""3 отдельные кровати"", ""диван""]","[""sofa-bed""]","[{""bed"": ""single"", ""count"": 3}, {""bed"": ""sofa-bed"", ""count"": 1}]",1,3962.00,3962.00,https://ostrovok.ru/hotel/russia/western_siberia_irkutsk_oblast_multi/mid10014826/gostevoj_dom_otdyih_na_bajkale
gostevoj_dom_otdyih_na_bajkale,10014826,Двухместный номер Standard (2 отдельные кровати),3202402,1,3,2 отдельные кровати,"[""2 отдельные кровати""]","[""twin""]","[{""bed"": ""single"", ""count"": 2}]",2,3962.00,3962.00,https://ostrovok.ru/hotel/russia/western_siberia_irkutsk_oblast_multi/mid10014826/gostevoj_dom_otdyih_na_bajkale
gostevoj_dom_otdyih_na_bajkale,10014826,Апартаменты с 2 комнатами (внешняя собственная ванная комната),600300002,1,1,,,"[""nobedding""]",,1,4953.00,4953.00,https://ostrovok.ru/hotel/russia/western_siberia_irkutsk_oblast_multi/mid10014826/gostevoj_dom_otdyih_na_bajkale
gostevoj_dom_otdyih_na_bajkale,10014826,Коттедж (общая ванная комната),9001,2,1,,,"[""nobedding""]",,1,56468.00,59440.00,https://ostrovok.ru/hotel/russia/western_siberia_irkutsk_oblast_multi/mid10014826/gostevoj_dom_otdyih_na_bajkale
less_guest_house,11308288,Двухместный номер Standard с видом на горы (2 отдельные кровати),3202402000F,2,1,2 отдельные кровати,"[""2 отдельные кровати""]","[""twin""]","[{""bed"": ""single"", ""count"": 2}]",2,9796.00,9900.00,https://ostrovok.ru/hotel/russia/western_siberia_irkutsk_oblast_multi/mid11308288/less_guest_house
less_guest_house,11308288,Двухместный номер Standard с красивым видом из окна (двуспальная кровать) (кровать king size),3202302000U,2,4,двуспальная кровать,"[""двуспальная кровать""]","[""double""]","[{""bed"": ""double"", ""count"": 1}]",2,9796.00,9900.00,https://ostrovok.ru/hotel/russia/western_siberia_irkutsk_oblast_multi/mid11308288/less_guest_house
less_guest_house,11308288,VIP дом,9002,1,1,,,"[""nobedding""]",,1,24738.00,24738.00,https://ostrovok.ru/hotel/russia/western_siberia_irkutsk_oblast_multi/mid11308288/less_guest_house
smart_hotel_kdo_irkutsk_hotel,10153381,Кровать в общем номере (общая ванная комната) (4 кровати),1001,3,2,,,"[""nobedding""]",,1,1800.00,2296.00,https://ostrovok.ru/hotel/russia/western_siberia_irkutsk_oblast_multi/mid10153381/smart_hotel_kdo_irkutsk_hotel
smart_hotel_kdo_irkutsk_hotel,10153381,Двухместный номер Economy с красивым видом из окна (общая ванная комната) (двуспальная кровать),3101302000U,2,1,двуспальная кровать,"[""двуспальная кровать""]","[""double""]","[{""bed"": ""double"", ""count"": 1}]",2,3483.00,3520.00,https://ostrovok.ru/hotel/russia/western_siberia_irkutsk_oblast_multi/mid10153381/smart_hotel_kdo_irkutsk_hotel
guesthouse_dudeevukh,10367494,Двухместный номер Standard (двуспальная кровать),3202302,1,1,двуспальная кровать,"[""двуспальная кровать""]","[""double""]","[{""bed"": ""double"", ""count"": 1}]",2,3463.00,3463.00,https://ostrovok.ru/hotel/russia/western_siberia_irkutsk_oblast_multi/mid10367494/guesthouse_dudeevukh
guesthouse_dudeevukh,10367494,Трёхместный номер Standard (3 отдельные кровати),3202003,1,1,3 отдельные кровати,"[""3 отдельные кровати""]","[""nobedding""]","[{""bed"": ""single"", ""count"": 3}]",3,4452.00,4452.00,https://ostrovok.ru/hotel/russia/western_siberia_irkutsk_oblast_multi/mid10367494/guesthouse_dudeevukh
kupechesky_dvor_hotel,8059354,Двухместный номер Standard Мансарда (двуспальная кровать),320230200004,2,1,двуспальная кровать,"[""двуспальная кровать""]","[""double""]","[{""bed"": ""double"", ""count"": 1}]",2,6922.00,7000.00,https://ostrovok.ru/hotel/russia/western_siberia_irkutsk_oblast_multi/mid8059354/kupechesky_dvor_hotel
kupechesky_dvor_hotel,8059354,Двухместный номер Standard Мансарда (2 отдельные кровати),320240200004,2,1,2 отдельные кровати,"[""2 отдельные кровати""]","[""twin""]","[{""bed"": ""single"", ""count"": 2}]",2,6922.00,7000.00,https://ostrovok.ru/hotel/russia/western_siberia_irkutsk_oblast_multi/mid8059354/kupechesky_dvor_hotel
kupechesky_dvor_hotel,8059354,Двухместный номер Standard с видом на город (2 отдельные кровати),32024020005,2,3,2 отдельные кровати,"[""2 отдельные кровати""]","[""twin""]","[{""bed"": ""single"", ""count"": 2}]",2,7416.00,7500.00,https://ostrovok.ru/hotel/russia/western_siberia_irkutsk_oblast_multi/mid8059354/kupechesky_dvor_hotel
kupechesky_dvor_hotel,8059354,Двухместный номер Standard с видом на город (двуспальная кровать),32023020005,2,3,двуспальная кровать,"[""двуспальная кровать""]","[""double""]","[{""bed"": ""double"", ""count"": 1}]",2,7416.00,7500.00,https://ostrovok.ru/hotel/russia/western_siberia_irkutsk_oblast_multi/mid8059354/kupechesky_dvor_hotel
kupechesky_dvor_hotel,8059354,Двухместный полулюкс Мансарда (двуспальная кровать),400230200004,2,2,двуспальная кровать,"[""двуспальная кровать""]","[""double""]","[{""bed"": ""double"", ""count"": 1}]",2,8899.00,9000.00,https://ostrovok.ru/hotel/russia/western_siberia_irkutsk_oblast_multi/mid8059354/kupechesky_dvor_hotel
kupechesky_dvor_hotel,8059354,Двухместный полулюкс с видом на город (двуспальная кровать) (кровать king size),40023020005,2,2,двуспальная кровать,"[""двуспальная кровать""]","[""double""]","[{""bed"": ""double"", ""count"": 1}]",2,10383.00,10500.00,https://ostrovok.ru/hotel/russia/western_siberia_irkutsk_oblast_multi/mid8059354/kupechesky_dvor_hotel
kupechesky_dvor_hotel,8059354,Двухместный полулюкс с балконом и с видом на город (двуспальная кровать),40023020015,2,1,двуспальная кровать,"[""двуспальная кровать""]","[""double""]","[{""bed"": ""double"", ""count"": 1}]",2,11767.00,11900.00,https://ostrovok.ru/hotel/russia/western_siberia_irkutsk_oblast_multi/mid8059354/kupechesky_dvor_hotel
hotel_dacha_baikaleco,10010618,Бунгало (двуспальная кровать),A002,2,3,двуспальная кровать,"[""двуспальная кровать""]","[""double""]","[{""bed"": ""double"", ""count"": 1}]",2,9600.00,9600.00,https://ostrovok.ru/hotel/russia/western_siberia_irkutsk_oblast_multi/mid10010618/hotel_dacha_baikaleco
hotel_dacha_baikaleco,10010618,Барнхаус (2 отдельные кровати),9002,2,2,2 отдельные кровати,"[""2 отдельные кровати""]","[""twin""]","[{""bed"": ""single"", ""count"": 2}]",2,13600.00,13600.00,https://ostrovok.ru/hotel/russia/western_siberia_irkutsk_oblast_multi/mid10010618/hotel_dacha_baikaleco
domik_na_kholme_guest_house,13329776,Семейный коттедж с балконом (двуспальная кровать и диван),9002010001,1,1,двуспальная кровать и диван,"[""двуспальная кровать"", ""диван""]","[""double""]","[{""bed"": ""double"", ""count"": 1}, {""bed"": ""sofa-bed"", ""count"": 1}]",3,16920.00,16920.00,https://ostrovok.ru/hotel/russia/western_siberia_irkutsk_oblast_multi/mid13329776/domik_na_kholme_guest_house
krestovaya_pad_hotel,7784565,Двухместный номер Стандарт (2 отдельные кровати),3202402,1,1,2 отдельные кровати,"[""2 отдельные кровати""]","[""twin""]","[{""bed"": ""single"", ""count"": 2}]",2,9500.00,9500.00,https://ostrovok.ru/hotel/russia/western_siberia_irkutsk_oblast_multi/mid7784565/krestovaya_pad_hotel
krestovaya_pad_hotel,7784565,Двухместный номер Улучшенный Стандарт (2 отдельные кровати),3502402,1,1,2 отдельные кровати,"[""2 отдельные кровати""]","[""twin""]","[{""bed"": ""single"", ""count"": 2}]",2,10900.00,10900.00,https://ostrovok.ru/hotel/russia/western_siberia_irkutsk_oblast_multi/mid7784565/krestovaya_pad_hotel
krestovaya_pad_hotel,7784565,Двухместный Джуниор Сюит (2 отдельные кровати),4002402,1,1,2 отдельные кровати,"[""2 отдельные кровати""]","[""twin""]","[{""bed"": ""single"", ""count"": 2}]",2,11500.00,11500.00,https://ostrovok.ru/hotel/russia/western_siberia_irkutsk_oblast_multi/mid7784565/krestovaya_pad_hotel
krestovaya_pad_hotel,7784565,Двухместный Джуниор Сюит (двуспальная кровать),4002302,1,1,двуспальная кровать,"[""двуспальная кровать""]","[""double""]","[{""bed"": ""double"", ""count"": 1}]",2,11500.00,11500.00,https://ostrovok.ru/hotel/russia/western_siberia_irkutsk_oblast_multi/mid7784565/krestovaya_pad_hotel
krestovaya_pad_hotel,7784565,Двухместный номер Делюкс (2 отдельные кровати),3602402,1,1,2 отдельные кровати,"[""2 отдельные кровати""]","[""twin""]","[{""bed"": ""single"", ""count"": 2}]",2,13500.00,13500.00,https://ostrovok.ru/hotel/russia/western_siberia_irkutsk_oblast_multi/mid7784565/krestovaya_pad_hotel
krestovaya_pad_hotel,7784565,Двухместный номер Делюкс (двуспальная кровать),3602302,1,1,двуспальная кровать,"[""двуспальная кровать""]","[""double""]","[{""bed"": ""double"", ""count"": 1}]",2,13500.00,13500.00,https://ostrovok.ru/hotel/russia/western_siberia_irkutsk_oblast_multi/mid7784565/krestovaya_pad_hotel
krestovaya_pad_hotel,7784565,Четырёхместный номер Стандарт с 2 комнатами (2 отдельные кровати и двуспальная кровать),320200402,1,1,2 отдельные кровати и двуспальная кровать,"[""2 отдельные кровати"", ""двуспальная кровать""]","[""double""]","[{""bed"": ""double"", ""count"": 1}, {""bed"": ""single"", ""count"": 2}]",4,17000.00,17000.00,https://ostrovok.ru/hotel/russia/western_siberia_irkutsk_oblast_multi/mid7784565/krestovaya_pad_hotel
krestovaya_pad_hotel,7784565,Двухместный люкс с кухней с балконом и с красивым видом из окна (двуспальная кровать) (кухня),5302302001U,1,1,двуспальная кровать,"[""двуспальная кровать""]","[""double""]","[{""bed"": ""double"", ""count"": 1}]",2,18000.00,18000.00,https://ostrovok.ru/hotel/russia/western_siberia_irkutsk_oblast_multi/mid7784565/krestovaya_pad_hotel
krestovaya_pad_hotel,7784565,VIP Коттедж с балконом и с красивым видом из окна,9002000001U,1,1,,,"[""nobedding""]",,1,48000.00,48000.00,https://ostrovok.ru/hotel/russia/western_siberia_irkutsk_oblast_multi/mid7784565/krestovaya_pad_hotel
olkhon_inn,10005431,Двухместный номер Economy (2 отдельные кровати),3102402,1,15,2 отдельные кровати,"[""2 отдельные кровати""]","[""twin""]","[{""bed"": ""single"", ""count"": 2}]",2,5700.00,5700.00,https://ostrovok.ru/hotel/russia/western_siberia_irkutsk_oblast_multi/mid10005431/olkhon_inn
olkhon_inn,10005431,Двухместный номер Standard (2 отдельные кровати),3202402,1,21,2 отдельные кровати,"[""2 отдельные кровати""]","[""twin""]","[{""bed"": ""single"", ""count"": 2}]",2,6650.00,6650.00,https://ostrovok.ru/hotel/russia/western_siberia_irkutsk_oblast_multi/mid10005431/olkhon_inn
yolochka,9992200,Номер Standard (общая ванная комната) (2 отдельные кровати),3201,2,1,2 отдельные кровати,"[""2 отдельные кровати""]","[""twin""]","[{""bed"": ""single"", ""count"": 2}]",2,4000.00,6000.00,https://ostrovok.ru/hotel/russia/western_siberia_irkutsk_oblast_multi/mid9992200/yolochka
yolochka,9992200,Двухместный номер Economy (общая ванная комната) (2 отдельные кровати),3101402,1,1,2 отдельные кровати,"[""2 отдельные кровати""]","[""twin""]","[{""bed"": ""single"", ""count"": 2}]",2,4000.00,4000.00,https://ostrovok.ru/hotel/russia/western_siberia_irkutsk_oblast_multi/mid9992200/yolochka
yolochka,9992200,Трёхместный номер Economy (общая ванная комната) (в дополнительном здании),3101003,1,1,,,"[""nobedding""]",,3,4767.00,4767.00,https://ostrovok.ru/hotel/russia/western_siberia_irkutsk_oblast_multi/mid9992200/yolochka
yolochka,9992200,Двухместный номер Standard (2 отдельные кровати),3202402,1,1,2 отдельные кровати,"[""2 отдельные кровати""]","[""twin""]","[{""bed"": ""single"", ""count"": 2}]",2,5500.00,5500.00,https://ostrovok.ru/hotel/russia/western_siberia_irkutsk_oblast_multi/mid9992200/yolochka
yolochka,9992200,Трёхместный номер Standard (общая ванная комната),3201003,2,1,,,"[""nobedding""]",,3,6000.00,6356.00,https://ostrovok.ru/hotel/russia/western_siberia_irkutsk_oblast_multi/mid9992200/yolochka
yolochka,9992200,Трёхместный номер Standard (в главном здании),3202003,1,1,,,"[""nobedding""]",,3,6356.00,6356.00,https://ostrovok.ru/hotel/russia/western_siberia_irkutsk_oblast_multi/mid9992200/yolochka
yolochka,9992200,Номер Standard (в дополнительном здании),3202,2,1,,,"[""nobedding""]",,1,6356.00,7500.00,https://ostrovok.ru/hotel/russia/western_siberia_irkutsk_oblast_multi/mid9992200/yolochka
yolochka,9992200,"Двухместный номер Standard (двуспальная кровать) (тип кровати может измениться, в дополнительном здании)",3202302,1,1,двуспальная кровать,"[""двуспальная кровать""]","[""double""]","[{""bed"": ""double"", ""count"": 1}]",2,7945.00,7945.00,https://ostrovok.ru/hotel/russia/western_siberia_irkutsk_oblast_multi/mid9992200/yolochka
yolochka,9992200,Коттедж (в дополнительном здании),9002,2,1,,,"[""nobedding""]",,1,14831.00,15000.00,https://ostrovok.ru/hotel/russia/western_siberia_irkutsk_oblast_multi/mid9992200/yolochka
taiga_2,6923154,Двухместный номер Standard с видом на город (двуспальная кровать),32023020005,2,46,двуспальная кровать,"[""двуспальная кровать""]","[""double""]","[{""bed"": ""double"", ""count"": 1}]",2,5531.00,6469.00,https://ostrovok.ru/hotel/russia/western_siberia_irkutsk_oblast_multi/mid6923154/taiga_2
taiga_2,6923154,Номер Superior с видом на город (двуспальная кровать),35020000005,2,34,двуспальная кровать,"[""двуспальная кровать""]","[""double""]","[{""bed"": ""double"", ""count"": 1}]",2,6660.00,7598.00,https://ostrovok.ru/hotel/russia/western_siberia_irkutsk_oblast_multi/mid6923154/taiga_2
taiga_2,6923154,Люкс с красивым видом из окна (двуспальная кровать),5002000000U,2,2,двуспальная кровать,"[""двуспальная кровать""]","[""double""]","[{""bed"": ""double"", ""count"": 1}]",2,10611.00,11549.00,https://ostrovok.ru/hotel/russia/western_siberia_irkutsk_oblast_multi/mid6923154/taiga_2
taiga_2,6923154,Апартаменты с красивым видом из окна (двуспальная кровать и диван) (джакузи),6002000000U,5,1,двуспальная кровать и диван,"[""двуспальная кровать"", ""диван""]","[""double""]","[{""bed"": ""double"", ""count"": 1}, {""bed"": ""sofa-bed"", ""count"": 1}]",3,16029.00,19425.00,https://ostrovok.ru/hotel/russia/western_siberia_irkutsk_oblast_multi/mid6923154/taiga_2
gostevoy_dom_briz_3,10622187,Двухместный номер Standard (2 отдельные кровати),3202402,1,8,2 отдельные кровати,"[""2 отдельные кровати""]","[""twin""]","[{""bed"": ""single"", ""count"": 2}]",2,4452.00,4452.00,https://ostrovok.ru/hotel/russia/western_siberia_irkutsk_oblast_multi/mid10622187/gostevoy_dom_briz_3
gostevoy_dom_briz_3,10622187,Трёхместный номер Economy с балконом (3 отдельные кровати),3102003001,1,4,3 отдельные кровати,"[""3 отдельные кровати""]","[""nobedding""]","[{""bed"": ""single"", ""count"": 3}]",3,5442.00,5442.00,https://ostrovok.ru/hotel/russia/western_siberia_irkutsk_oblast_multi/mid10622187/gostevoy_dom_briz_3
momant_house_recreation_camp,13350897,Двухместный номер Standard с балконом (двуспальная кровать) (кровать queen size),3202302001,1,1,двуспальная кровать,"[""двуспальная кровать""]","[""double""]","[{""bed"": ""double"", ""count"": 1}]",2,5937.00,5937.00,https://ostrovok.ru/hotel/russia/western_siberia_irkutsk_oblast_multi/mid13350897/momant_house_recreation_camp
momant_house_recreation_camp,13350897,Четырёхместный номер Superior,3502004,1,2,,,"[""nobedding""]",,4,7916.00,7916.00,https://ostrovok.ru/hotel/russia/western_siberia_irkutsk_oblast_multi/mid13350897/momant_house_recreation_camp
hotel_olimpiada,10440808,"Кровать в общем номере (общая ванная комната) (без окна, 4 кровати)",1001,8,12,,,"[""nobedding""]",,1,800.00,4767.00,https://ostrovok.ru/hotel/russia/western_siberia_irkutsk_oblast_multi/mid10440808/hotel_olimpiada
hotel_olimpiada,10440808,Одноместный номер + Standard (общая ванная комната),3201011,2,2,,,"[""nobedding""]",,1,1700.00,1800.00,https://ostrovok.ru/hotel/russia/western_siberia_irkutsk_oblast_multi/mid10440808/hotel_olimpiada
hotel_olimpiada,10440808,Двухместный номер + Comfort (двуспальная кровать),3302312,2,2,двуспальная кровать,"[""двуспальная кровать""]","[""double""]","[{""bed"": ""double"", ""count"": 1}]",2,3500.00,3707.00,https://ostrovok.ru/hotel/russia/western_siberia_irkutsk_oblast_multi/mid10440808/hotel_olimpiada
hotel_olimpiada,10440808,Двухместный люкс (двуспальная кровать),5002302,2,1,двуспальная кровать,"[""двуспальная кровать""]","[""double""]","[{""bed"": ""double"", ""count"": 1}]",2,5500.00,5826.00,https://ostrovok.ru/hotel/russia/western_siberia_irkutsk_oblast_multi/mid10440808/hotel_olimpiada
hotel_olimpiada,10440808,Люкс семейный,5B02,2,1,,,"[""nobedding""]",,3,6000.00,6356.00,https://ostrovok.ru/hotel/russia/western_siberia_irkutsk_oblast_multi/mid10440808/hotel_olimpiada
gostinitsa_akademicheskaya,8438905,Одноместный номер Economy (односпальная кровать),3102001,2,2,односпальная кровать,"[""односпальная кровать""]","[""nobedding""]","[{""bed"": ""single"", ""count"": 1}]",1,4400.00,4400.00,https://ostrovok.ru/hotel/russia/western_siberia_irkutsk_oblast_multi/mid8438905/gostinitsa_akademicheskaya
gostinitsa_akademicheskaya,8438905,Двухместный номер Standard (2 отдельные кровати),3202402,2,9,2 отдельные кровати,"[""2 отдельные кровати""]","[""twin""]","[{""bed"": ""single"", ""count"": 2}]",2,5000.00,5000.00,https://ostrovok.ru/hotel/russia/western_siberia_irkutsk_oblast_multi/mid8438905/gostinitsa_akademicheskaya
baza_otdykha_village_hvoy,11339142,Двухместный номер Standard (двуспальная кровать),3202302,2,1,двуспальная кровать,"[""двуспальная кровать""]","[""double""]","[{""bed"": ""double"", ""count"": 1}]",2,9341.00,9440.00,https://ostrovok.ru/hotel/russia/western_siberia_irkutsk_oblast_multi/mid11339142/baza_otdykha_village_hvoy
baza_otdykha_village_hvoy,11339142,Семейный номер Classic,3B0201,2,2,,,"[""nobedding""]",,3,16346.00,16520.00,https://ostrovok.ru/hotel/russia/western_siberia_irkutsk_oblast_multi/mid11339142/baza_otdykha_village_hvoy
baza_otdykha_village_hvoy,11339142,Люкс Дуплекс,500200000002,2,1,,,"[""nobedding""]",,1,18682.00,18880.00,https://ostrovok.ru/hotel/russia/western_siberia_irkutsk_oblast_multi/mid11339142/baza_otdykha_village_hvoy
baza_otdykha_village_hvoy,11339142,Апартаменты Дуплекс,600200000002,2,2,,,"[""nobedding""]",,1,21017.00,21240.00,https://ostrovok.ru/hotel/russia/western_siberia_irkutsk_oblast_multi/mid11339142/baza_otdykha_village_hvoy
hotel_baikal_best_edelweiss,9991110,Двухместный номер Эконом Стандарт (двуспальная кровать),3102302,2,1,двуспальная кровать,"[""двуспальная кровать""]","[""double""]","[{""bed"": ""double"", ""count"": 1}]",2,6431.00,6756.00,https://ostrovok.ru/hotel/russia/western_siberia_irkutsk_oblast_multi/mid9991110/hotel_baikal_best_edelweiss
hotel_baikal_best_edelweiss,9991110,Двухместный номер (2 отдельные кровати),3202402,1,1,2 отдельные кровати,"[""2 отдельные кровати""]","[""twin""]","[{""bed"": ""single"", ""count"": 2}]",2,6926.00,6926.00,https://ostrovok.ru/hotel/russia/western_siberia_irkutsk_oblast_multi/mid9991110/hotel_baikal_best_edelweiss
hotel_baikal_best_edelweiss,9991110,Двухместный номер с диваном (2 отдельные кровати),32024021,1,3,2 отдельные кровати,"[""2 отдельные кровати""]","[""twin""]","[{""bed"": ""single"", ""count"": 2}]",2,6926.00,6926.00,https://ostrovok.ru/hotel/russia/western_siberia_irkutsk_oblast_multi/mid9991110/hotel_baikal_best_edelweiss
hotel_baikal_best_edelweiss,9991110,Трёхместный номер (3 отдельные кровати),3202003,1,1,3 отдельные кровати,"[""3 отдельные кровати""]","[""nobedding""]","[{""bed"": ""single"", ""count"": 3}]",3,7916.00,7916.00,https://ostrovok.ru/hotel/russia/western_siberia_irkutsk_oblast_multi/mid9991110/hotel_baikal_best_edelweiss
hotel_baikal_best_edelweiss,9991110,Четырёхместный номер семейный с 2 комнатами (2 отдельные кровати и двуспальная кровать),320201402,1,1,2 отдельные кровати и двуспальная кровать,"[""2 отдельные кровати"", ""двуспальная кровать""]","[""double""]","[{""bed"": ""double"", ""count"": 1}, {""bed"": ""single"", ""count"": 2}]",4,10093.00,10093.00,https://ostrovok.ru/hotel/russia/western_siberia_irkutsk_oblast_multi/mid9991110/hotel_baikal_best_edelweiss
hotel_baikal_best_edelweiss,9991110,Пятиместный номер семейный с 2 комнатами,320201502,1,1,,,"[""nobedding""]",,3,11379.00,11379.00,https://ostrovok.ru/hotel/russia/western_siberia_irkutsk_oblast_multi/mid9991110/hotel_baikal_best_edelweiss
hotel_baikal_best_edelweiss,9991110,"Двухместный люкс с диваном c 1 комнатой (двуспальная кровать) (тип кровати может измениться, в главном здании)",500230211,1,1,двуспальная кровать,"[""двуспальная кровать""]","[""double""]","[{""bed"": ""double"", ""count"": 1}]",2,13514.00,13514.00,https://ostrovok.ru/hotel/russia/western_siberia_irkutsk_oblast_multi/mid9991110/hotel_baikal_best_edelweiss
luna_hotel_9,9752435,Одноместный номер Standard,3202001,2,1,,,"[""nobedding""]",,1,3000.00,3250.00,https://ostrovok.ru/hotel/russia/western_siberia_irkutsk_oblast_multi/mid9752435/luna_hotel_9
luna_hotel_9,9752435,Двухместный номер Economy (общая ванная комната) (2 отдельные кровати),3101402,2,2,2 отдельные кровати,"[""2 отдельные кровати""]","[""twin""]","[{""bed"": ""single"", ""count"": 2}]",2,3000.00,3250.00,https://ostrovok.ru/hotel/russia/western_siberia_irkutsk_oblast_multi/mid9752435/luna_hotel_9
luna_hotel_9,9752435,Одноместный номер Comfort,3302001,1,1,,,"[""nobedding""]",,1,3300.00,3300.00,https://ostrovok.ru/hotel/russia/western_siberia_irkutsk_oblast_multi/mid9752435/luna_hotel_9
luna_hotel_9,9752435,Двухместный номер Comfort с видом на город (двуспальная кровать),33023020005,1,1,двуспальная кровать,"[""двуспальная кровать""]","[""double""]","[{""bed"": ""double"", ""count"": 1}]",2,3600.00,3600.00,https://ostrovok.ru/hotel/russia/western_siberia_irkutsk_oblast_multi/mid9752435/luna_hotel_9
luna_hotel_9,9752435,Двухместный номер Standard (2 отдельные кровати),3202402,2,1,2 отдельные кровати,"[""2 отдельные кровати""]","[""twin""]","[{""bed"": ""single"", ""count"": 2}]",2,3600.00,3850.00,https://ostrovok.ru/hotel/russia/western_siberia_irkutsk_oblast_multi/mid9752435/luna_hotel_9
baza_otdykha_akvamarin,10016038,Двухместный номер Standard (2 отдельные кровати),3202402,1,4,2 отдельные кровати,"[""2 отдельные кровати""]","[""twin""]","[{""bed"": ""single"", ""count"": 2}]",2,8114.00,8114.00,https://ostrovok.ru/hotel/russia/western_siberia_irkutsk_oblast_multi/mid10016038/baza_otdykha_akvamarin
baza_otdykha_akvamarin,10016038,Двухместный номер Standard (двуспальная кровать),3202302,1,4,двуспальная кровать,"[""двуспальная кровать""]","[""double""]","[{""bed"": ""double"", ""count"": 1}]",2,8114.00,8114.00,https://ostrovok.ru/hotel/russia/western_siberia_irkutsk_oblast_multi/mid10016038/baza_otdykha_akvamarin
baza_otdykha_akvamarin,10016038,Двухместный номер Comfort с балконом (2 отдельные кровати),3302402001,1,2,2 отдельные кровати,"[""2 отдельные кровати""]","[""twin""]","[{""bed"": ""single"", ""count"": 2}]",2,9202.00,9202.00,https://ostrovok.ru/hotel/russia/western_siberia_irkutsk_oblast_multi/mid10016038/baza_otdykha_akvamarin
baza_otdykha_akvamarin,10016038,Двухместный номер Comfort с балконом (двуспальная кровать),3302302001,1,2,двуспальная кровать,"[""двуспальная кровать""]","[""double""]","[{""bed"": ""double"", ""count"": 1}]",2,9202.00,9202.00,https://ostrovok.ru/hotel/russia/western_siberia_irkutsk_oblast_multi/mid10016038/baza_otdykha_akvamarin
baza_otdykha_akvamarin,10016038,Семейный номер Standard (3 отдельные кровати),320201,2,1,3 отдельные кровати,"[""3 отдельные кровати""]","[""nobedding""]","[{""bed"": ""single"", ""count"": 3}]",3,9796.00,9796.00,https://ostrovok.ru/hotel/russia/western_siberia_irkutsk_oblast_multi/mid10016038/baza_otdykha_akvamarin
baza_otdykha_akvamarin,10016038,Коттедж (двуспальная кровать и диван) (с сауной),9002,2,1,двуспальная кровать и диван,"[""двуспальная кровать"", ""диван""]","[""double""]","[{""bed"": ""double"", ""count"": 1}, {""bed"": ""sofa-bed"", ""count"": 1}]",3,23747.00,24330.00,https://ostrovok.ru/hotel/russia/western_siberia_irkutsk_oblast_multi/mid10016038/baza_otdykha_akvamarin
tri_kita_2,9824733,Семейный номер Standard (общая ванная комната),320101,4,1,,,"[""nobedding""]",,3,2947.00,3700.00,https://ostrovok.ru/hotel/russia/western_siberia_irkutsk_oblast_multi/mid9824733/tri_kita_2
tri_kita_2,9824733,Двухместный номер Comfort (двуспальная кровать),3302302,4,1,двуспальная кровать,"[""двуспальная кровать""]","[""double""]","[{""bed"": ""double"", ""count"": 1}]",2,4127.00,4900.00,https://ostrovok.ru/hotel/russia/western_siberia_irkutsk_oblast_multi/mid9824733/tri_kita_2
tri_kita_2,9824733,Двухместный номер Comfort (2 отдельные кровати),3302402,4,1,2 отдельные кровати,"[""2 отдельные кровати""]","[""twin""]","[{""bed"": ""single"", ""count"": 2}]",2,4127.00,4900.00,https://ostrovok.ru/hotel/russia/western_siberia_irkutsk_oblast_multi/mid9824733/tri_kita_2
tri_kita_2,9824733,Четырёхместный семейный люкс (двуспальная кровать и двухъярусная кровать),5002014,4,1,двуспальная кровать и двухъярусная кровать,"[""двуспальная кровать"", ""двухъярусная кровать""]","[""bunk-bed""]","[{""bed"": ""double"", ""count"": 1}, {""bed"": ""bunk-bed"", ""count"": 1}]",2,5208.00,6000.00,https://ostrovok.ru/hotel/russia/western_siberia_irkutsk_oblast_multi/mid9824733/tri_kita_2
tri_kita_2,9824733,Люкс,5002,4,1,,,"[""nobedding""]",,1,5797.00,6600.00,https://ostrovok.ru/hotel/russia/western_siberia_irkutsk_oblast_multi/mid9824733/tri_kita_2
tri_kita_2,9824733,Двухместный Делюкс (двуспальная кровать),4002302,4,1,двуспальная кровать,"[""двуспальная кровать""]","[""double""]","[{""bed"": ""double"", ""count"": 1}]",2,6878.00,7700.00,https://ostrovok.ru/hotel/russia/western_siberia_irkutsk_oblast_multi/mid9824733/tri_kita_2
dom_baykal_guest_house,10151922,"Четырёхместный семейный номер Superior с видом на город (2 отдельные кровати, двуспальная кровать и диван)",35020140005,2,1,"2 отдельные кровати, двуспальная кровать и диван","[""2 отдельные кровати"", ""двуспальная кровать"", ""диван""]","[""double""]","[{""bed"": ""double"", ""count"": 1}, {""bed"": ""single"", ""count"": 2}, {""bed"": ""sofa-bed"", ""count"": 1}]",5,5937.00,6000.00,https://ostrovok.ru/hotel/russia/western_siberia_irkutsk_oblast_multi/mid10151922/dom_baykal_guest_house
gostevoy_dom_holiday_park_on_olkhon,10014649,Двухместный номер Standard (2 отдельные кровати),3202402,2,3,2 отдельные кровати,"[""2 отдельные кровати""]","[""twin""]","[{""bed"": ""single"", ""count"": 2}]",2,3944.00,3990.00,https://ostrovok.ru/hotel/russia/western_siberia_irkutsk_oblast_multi/mid10014649/gostevoy_dom_holiday_park_on_olkhon
gostevoy_dom_holiday_park_on_olkhon,10014649,Двухместный номер Superior (2 отдельные кровати),3502402,2,1,2 отдельные кровати,"[""2 отдельные кровати""]","[""twin""]","[{""bed"": ""single"", ""count"": 2}]",2,5447.00,5510.00,https://ostrovok.ru/hotel/russia/western_siberia_irkutsk_oblast_multi/mid10014649/gostevoy_dom_holiday_park_on_olkhon
flagman_hotel,7725500,Двухместный номер Deluxe с красивым видом из окна (двуспальная кровать),3602302000U,4,2,двуспальная кровать,"[""двуспальная кровать""]","[""double""]","[{""bed"": ""double"", ""count"": 1}]",2,8500.00,10100.00,https://ostrovok.ru/hotel/russia/western_siberia_irkutsk_oblast_multi/mid7725500/flagman_hotel
flagman_hotel,7725500,Четырёхместный семейный номер Standard с красивым видом из окна (2 отдельные кровати и двуспальная кровать),3202014000U,12,1,2 отдельные кровати и двуспальная кровать,"[""2 отдельные кровати"", ""двуспальная кровать""]","[""double""]","[{""bed"": ""double"", ""count"": 1}, {""bed"": ""single"", ""count"": 2}]",4,14000.00,16600.00,https://ostrovok.ru/hotel/russia/western_siberia_irkutsk_oblast_multi/mid7725500/flagman_hotel
marx_hotel,8662194,Двухместный номер Standard (2 отдельные кровати),3202402,1,1,2 отдельные кровати,"[""2 отдельные кровати""]","[""twin""]","[{""bed"": ""single"", ""count"": 2}]",2,6000.00,6000.00,https://ostrovok.ru/hotel/russia/western_siberia_irkutsk_oblast_multi/mid8662194/marx_hotel
marx_hotel,8662194,Двухместный номер Superior (2 отдельные кровати),3502402,1,1,2 отдельные кровати,"[""2 отдельные кровати""]","[""twin""]","[{""bed"": ""single"", ""count"": 2}]",2,6700.00,6700.00,https://ostrovok.ru/hotel/russia/western_siberia_irkutsk_oblast_multi/mid8662194/marx_hotel
vostochnaia,8682955,Одноместный номер Standard (односпальная кровать),3202001,2,4,односпальная кровать,"[""односпальная кровать""]","[""nobedding""]","[{""bed"": ""single"", ""count"": 1}]",1,4200.00,4750.00,https://ostrovok.ru/hotel/russia/western_siberia_irkutsk_oblast_multi/mid8682955/vostochnaia
vostochnaia,8682955,Двухместный номер Standard (двуспальная кровать),3202302,2,4,двуспальная кровать,"[""двуспальная кровать""]","[""double""]","[{""bed"": ""double"", ""count"": 1}]",2,4600.00,5150.00,https://ostrovok.ru/hotel/russia/western_siberia_irkutsk_oblast_multi/mid8682955/vostochnaia
vostochnaia,8682955,Двухместный номер Standard (2 отдельные кровати),3202402,2,8,2 отдельные кровати,"[""2 отдельные кровати""]","[""twin""]","[{""bed"": ""single"", ""count"": 2}]",2,5600.00,6700.00,https://ostrovok.ru/hotel/russia/western_siberia_irkutsk_oblast_multi/mid8682955/vostochnaia
vostochnaia,8682955,Трёхместный номер Standard (3 отдельные кровати),3202003,2,3,3 отдельные кровати,"[""3 отдельные кровати""]","[""nobedding""]","[{""bed"": ""single"", ""count"": 3}]",3,6300.00,7950.00,https://ostrovok.ru/hotel/russia/western_siberia_irkutsk_oblast_multi/mid8682955/vostochnaia
vostochnaia,8682955,Двухместный полулюкс (двуспальная кровать),4002302,2,4,двуспальная кровать,"[""двуспальная кровать""]","[""double""]","[{""bed"": ""double"", ""count"": 1}]",2,6500.00,7000.00,https://ostrovok.ru/hotel/russia/western_siberia_irkutsk_oblast_multi/mid8682955/vostochnaia
vostochnaia,8682955,Двухместный люкс (двуспальная кровать),5002302,1,1,двуспальная кровать,"[""двуспальная кровать""]","[""double""]","[{""bed"": ""double"", ""count"": 1}]",2,7500.00,7500.00,https://ostrovok.ru/hotel/russia/western_siberia_irkutsk_oblast_multi/mid8682955/vostochnaia
alpari,7776573,Двухместный номер Standard с видом на город (двуспальная кровать),32023020005,2,3,двуспальная кровать,"[""двуспальная кровать""]","[""double""]","[{""bed"": ""double"", ""count"": 1}]",2,2373.00,2400.00,https://ostrovok.ru/hotel/russia/western_siberia_irkutsk_oblast_multi/mid7776573/alpari
alpari,7776573,Двухместный номер Standard с видом на город (2 отдельные кровати),32024020005,2,1,2 отдельные кровати,"[""2 отдельные кровати""]","[""twin""]","[{""bed"": ""single"", ""count"": 2}]",2,2373.00,2400.00,https://ostrovok.ru/hotel/russia/western_siberia_irkutsk_oblast_multi/mid7776573/alpari
tochka_baykala_hotel,11328622,Полулюкс,4002,1,11,,,"[""nobedding""]",,1,7000.00,7000.00,https://ostrovok.ru/hotel/russia/western_siberia_irkutsk_oblast_multi/mid11328622/tochka_baykala_hotel
tochka_baykala_hotel,11328622,Люкс,5002,1,2,,,"[""nobedding""]",,1,10000.00,10000.00,https://ostrovok.ru/hotel/russia/western_siberia_irkutsk_oblast_multi/mid11328622/tochka_baykala_hotel
hotel_yubileinaya__2,6433819,Одноместный номер Standard,3202001,3,1,,,"[""nobedding""]",,1,2415.00,2500.00,https://ostrovok.ru/hotel/russia/western_siberia_irkutsk_oblast_multi/mid6433819/hotel_yubileinaya__2
hotel_yubileinaya__2,6433819,Одноместный номер Standard с балконом,3202001001,3,1,,,"[""nobedding""]",,1,2606.00,2700.00,https://ostrovok.ru/hotel/russia/western_siberia_irkutsk_oblast_multi/mid6433819/hotel_yubileinaya__2
hotel_yubileinaya__2,6433819,Двухместный номер Standard (двуспальная кровать),3202302,4,1,двуспальная кровать,"[""двуспальная кровать""]","[""double""]","[{""bed"": ""double"", ""count"": 1}]",2,2894.00,3000.00,https://ostrovok.ru/hotel/russia/western_siberia_irkutsk_oblast_multi/mid6433819/hotel_yubileinaya__2
hotel_yubileinaya__2,6433819,Двухместный номер Standard (2 отдельные кровати),3202402,2,11,2 отдельные кровати,"[""2 отдельные кровати""]","[""twin""]","[{""bed"": ""single"", ""count"": 2}]",2,2932.00,3000.00,https://ostrovok.ru/hotel/russia/western_siberia_irkutsk_oblast_multi/mid6433819/hotel_yubileinaya__2
hotel_yubileinaya__2,6433819,Двухместный номер Standard с балконом (двуспальная кровать),3202302001,3,1,двуспальная кровать,"[""двуспальная кровать""]","[""double""]","[{""bed"": ""double"", ""count"": 1}]",2,3084.00,3200.00,https://ostrovok.ru/hotel/russia/western_siberia_irkutsk_oblast_multi/mid6433819/hotel_yubileinaya__2
hotel_yubileinaya__2,6433819,Двухместный номер Comfort (двуспальная кровать),3302302,3,1,двуспальная кровать,"[""двуспальная кровать""]","[""double""]","[{""bed"": ""double"", ""count"": 1}]",2,3371.00,3500.00,https://ostrovok.ru/hotel/russia/western_siberia_irkutsk_oblast_multi/mid6433819/hotel_yubileinaya__2
hotel_gostinitsa_dinamo,10295894,Кровать в общем номере (общая ванная комната) (3 кровати),1001,4,3,,,"[""nobedding""]",,1,1128.00,1200.00,https://ostrovok.ru/hotel/russia/western_siberia_irkutsk_oblast_multi/mid10295894/hotel_gostinitsa_dinamo
hotel_gostinitsa_dinamo,10295894,Двухместный номер Standard (общая ванная комната) (2 отдельные кровати),3201402,4,7,2 отдельные кровати,"[""2 отдельные кровати""]","[""twin""]","[{""bed"": ""single"", ""count"": 2}]",2,2255.00,2350.00,https://ostrovok.ru/hotel/russia/western_siberia_irkutsk_oblast_multi/mid10295894/hotel_gostinitsa_dinamo
hotel_gostinitsa_dinamo,10295894,Двухместный номер Comfort (общая ванная комната) (2 отдельные кровати),3301402,2,7,2 отдельные кровати,"[""2 отдельные кровати""]","[""twin""]","[{""bed"": ""single"", ""count"": 2}]",2,2820.00,2850.00,https://ostrovok.ru/hotel/russia/western_siberia_irkutsk_oblast_multi/mid10295894/hotel_gostinitsa_dinamo
hotel_gostinitsa_dinamo,10295894,Двухместный люкс c 1 комнатой (двуспальная кровать),500230201,2,1,двуспальная кровать,"[""двуспальная кровать""]","[""double""]","[{""bed"": ""double"", ""count"": 1}]",2,3562.00,3600.00,https://ostrovok.ru/hotel/russia/western_siberia_irkutsk_oblast_multi/mid10295894/hotel_gostinitsa_dinamo
artrezidentsiya_port_olhon,10004854,Двухместный номер Standard с видом на внутренний двор (2 отдельные кровати),32024020006,1,9,2 отдельные кровати,"[""2 отдельные кровати""]","[""twin""]","[{""bed"": ""single"", ""count"": 2}]",2,16000.00,16000.00,https://ostrovok.ru/hotel/russia/western_siberia_irkutsk_oblast_multi/mid10004854/artrezidentsiya_port_olhon
artrezidentsiya_port_olhon,10004854,Двухместный номер Superior с видом на внутренний двор (двуспальная кровать),35023020006,1,4,двуспальная кровать,"[""двуспальная кровать""]","[""double""]","[{""bed"": ""double"", ""count"": 1}]",2,16500.00,16500.00,https://ostrovok.ru/hotel/russia/western_siberia_irkutsk_oblast_multi/mid10004854/artrezidentsiya_port_olhon
artrezidentsiya_port_olhon,10004854,Двухместный номер Deluxe с видом на внутренний двор (2 отдельные кровати),36024020006,1,2,2 отдельные кровати,"[""2 отдельные кровати""]","[""twin""]","[{""bed"": ""single"", ""count"": 2}]",2,18000.00,18000.00,https://ostrovok.ru/hotel/russia/western_siberia_irkutsk_oblast_multi/mid10004854/artrezidentsiya_port_olhon
artrezidentsiya_port_olhon,10004854,Двухместный номер Deluxe (двуспальная кровать),3602302,1,1,двуспальная кровать,"[""двуспальная кровать""]","[""double""]","[{""bed"": ""double"", ""count"": 1}]",2,18000.00,18000.00,https://ostrovok.ru/hotel/russia/western_siberia_irkutsk_oblast_multi/mid10004854/artrezidentsiya_port_olhon
artrezidentsiya_port_olhon,10004854,Трёхместный номер Standard с балконом (двуспальная кровать и односпальная кровать),3202003001,1,1,двуспальная кровать и односпальная кровать,"[""двуспальная кровать"", ""односпальная кровать""]","[""double""]","[{""bed"": ""double"", ""count"": 1}, {""bed"": ""single"", ""count"": 1}]",2,27000.00,27000.00,https://ostrovok.ru/hotel/russia/western_siberia_irkutsk_oblast_multi/mid10004854/artrezidentsiya_port_olhon
artrezidentsiya_port_olhon,10004854,Двухместный семейный номер Deluxe с красивым видом из окна (2 отдельные кровати) (терраса),3602412000U,1,4,2 отдельные кровати,"[""2 отдельные кровати""]","[""twin""]","[{""bed"": ""single"", ""count"": 2}]",2,40000.00,40000.00,https://ostrovok.ru/hotel/russia/western_siberia_irkutsk_oblast_multi/mid10004854/artrezidentsiya_port_olhon
artrezidentsiya_port_olhon,10004854,Двухместная студия с красивым видом из окна (двуспальная кровать) (терраса),7002302000U,1,4,двуспальная кровать,"[""двуспальная кровать""]","[""double""]","[{""bed"": ""double"", ""count"": 1}]",2,50000.00,50000.00,https://ostrovok.ru/hotel/russia/western_siberia_irkutsk_oblast_multi/mid10004854/artrezidentsiya_port_olhon
artrezidentsiya_port_olhon,10004854,Апартаменты с красивым видом из окна (2 двуспальные кровати и 2 отдельные кровати),6002000000U,1,1,2 двуспальные кровати и 2 отдельные кровати,"[""2 двуспальные кровати"", ""2 отдельные кровати""]","[""twin""]","[{""bed"": ""double"", ""count"": 2}, {""bed"": ""single"", ""count"": 2}]",4,72000.00,72000.00,https://ostrovok.ru/hotel/russia/western_siberia_irkutsk_oblast_multi/mid10004854/artrezidentsiya_port_olhon
gostinitsa_undina,9079103,Номер Плюс Стандартный с видом на горы (2 отдельные кровати),3202000100F,1,16,2 отдельные кровати,"[""2 отдельные кровати""]","[""twin""]","[{""bed"": ""single"", ""count"": 2}]",2,8905.00,8905.00,https://ostrovok.ru/hotel/russia/western_siberia_irkutsk_oblast_multi/mid9079103/gostinitsa_undina
gostinitsa_undina,9079103,Номер Стандартный (2 отдельные кровати),3202,1,3,2 отдельные кровати,"[""2 отдельные кровати""]","[""twin""]","[{""bed"": ""single"", ""count"": 2}]",2,8905.00,8905.00,https://ostrovok.ru/hotel/russia/western_siberia_irkutsk_oblast_multi/mid9079103/gostinitsa_undina
gostinitsa_undina,9079103,Полулюкс (двуспальная кровать),4002,1,1,двуспальная кровать,"[""двуспальная кровать""]","[""double""]","[{""bed"": ""double"", ""count"": 1}]",2,21373.00,21373.00,https://ostrovok.ru/hotel/russia/western_siberia_irkutsk_oblast_multi/mid9079103/gostinitsa_undina
gostinitsa_undina,9079103,Люкс (двуспальная кровать),5002,1,1,двуспальная кровать,"[""двуспальная кровать""]","[""double""]","[{""bed"": ""double"", ""count"": 1}]",2,27310.00,27310.00,https://ostrovok.ru/hotel/russia/western_siberia_irkutsk_oblast_multi/mid9079103/gostinitsa_undina
ozerny_tulun_sports_complex_na_karbysheva_185_apartment,13430623,Двухместный номер Standard с балконом (двуспальная кровать),3202302001,2,1,двуспальная кровать,"[""двуспальная кровать""]","[""double""]","[{""bed"": ""double"", ""count"": 1}]",2,3560.00,3600.00,https://ostrovok.ru/hotel/russia/western_siberia_irkutsk_oblast_multi/mid13430623/ozerny_tulun_sports_complex_na_karbysheva_185_apartment
gostevoi_dom_margobai,8735570,Кровать в общем номере (общая ванная комната) (3 кровати),1001,5,6,,,"[""nobedding""]",,1,1877.00,4967.00,https://ostrovok.ru/hotel/russia/western_siberia_irkutsk_oblast_multi/mid8735570/gostevoi_dom_margobai
gostevoi_dom_margobai,8735570,Двухместный номер Economy (общая ванная комната) (2 отдельные кровати),3101402,5,6,2 отдельные кровати,"[""2 отдельные кровати""]","[""twin""]","[{""bed"": ""single"", ""count"": 2}]",2,4742.00,7983.00,https://ostrovok.ru/hotel/russia/western_siberia_irkutsk_oblast_multi/mid8735570/gostevoi_dom_margobai
gostevoi_dom_margobai,8735570,Семейный номер Economy (общая ванная комната) (двуспальная кровать и односпальная кровать),310101,1,1,двуспальная кровать и односпальная кровать,"[""двуспальная кровать"", ""односпальная кровать""]","[""double""]","[{""bed"": ""double"", ""count"": 1}, {""bed"": ""single"", ""count"": 1}]",2,4742.00,4742.00,https://ostrovok.ru/hotel/russia/western_siberia_irkutsk_oblast_multi/mid8735570/gostevoi_dom_margobai
gostevoi_dom_margobai,8735570,Двухместный номер Economy (общая ванная комната) (двуспальная кровать),3101302,5,1,двуспальная кровать,"[""двуспальная кровать""]","[""double""]","[{""bed"": ""double"", ""count"": 1}]",2,4742.00,7983.00,https://ostrovok.ru/hotel/russia/western_siberia_irkutsk_oblast_multi/mid8735570/gostevoi_dom_margobai
gostevoi_dom_margobai,8735570,Трёхместный номер Economy (общая ванная комната) (двуспальная кровать и односпальная кровать),3101003,10,1,двуспальная кровать и односпальная кровать,"[""двуспальная кровать"", ""односпальная кровать""]","[""double""]","[{""bed"": ""double"", ""count"": 1}, {""bed"": ""single"", ""count"": 1}]",2,4747.00,9070.00,https://ostrovok.ru/hotel/russia/western_siberia_irkutsk_oblast_multi/mid8735570/gostevoi_dom_margobai
gostevoi_dom_margobai,8735570,Двухместный номер Standard (2 отдельные кровати),3202402,5,1,2 отдельные кровати,"[""2 отдельные кровати""]","[""twin""]","[{""bed"": ""single"", ""count"": 2}]",2,6816.00,10083.00,https://ostrovok.ru/hotel/russia/western_siberia_irkutsk_oblast_multi/mid8735570/gostevoi_dom_margobai
gostevoi_dom_margobai,8735570,Двухместный номер Standard (двуспальная кровать),3202302,5,3,двуспальная кровать,"[""двуспальная кровать""]","[""double""]","[{""bed"": ""double"", ""count"": 1}]",2,6816.00,10083.00,https://ostrovok.ru/hotel/russia/western_siberia_irkutsk_oblast_multi/mid8735570/gostevoi_dom_margobai
gostevoi_dom_margobai,8735570,Двухместный люкс (двуспальная кровать),5002302,5,3,двуспальная кровать,"[""двуспальная кровать""]","[""double""]","[{""bed"": ""double"", ""count"": 1}]",2,8101.00,11413.00,https://ostrovok.ru/hotel/russia/western_siberia_irkutsk_oblast_multi/mid8735570/gostevoi_dom_margobai
dauria_hotel_2,7685971,Двухместный номер Standard (2 отдельные кровати),3202402,1,11,2 отдельные кровати,"[""2 отдельные кровати""]","[""twin""]","[{""bed"": ""single"", ""count"": 2}]",2,6500.00,6500.00,https://ostrovok.ru/hotel/russia/western_siberia_irkutsk_oblast_multi/mid7685971/dauria_hotel_2
dauria_hotel_2,7685971,Двухместный номер Standard (двуспальная кровать),3202302,1,11,двуспальная кровать,"[""двуспальная кровать""]","[""double""]","[{""bed"": ""double"", ""count"": 1}]",2,6500.00,6500.00,https://ostrovok.ru/hotel/russia/western_siberia_irkutsk_oblast_multi/mid7685971/dauria_hotel_2
dauria_hotel_2,7685971,Двухместный номер Superior (2 отдельные кровати),3502402,1,1,2 отдельные кровати,"[""2 отдельные кровати""]","[""twin""]","[{""bed"": ""single"", ""count"": 2}]",2,7500.00,7500.00,https://ostrovok.ru/hotel/russia/western_siberia_irkutsk_oblast_multi/mid7685971/dauria_hotel_2
dauria_hotel_2,7685971,Двухместный номер Superior (двуспальная кровать),3502302,1,1,двуспальная кровать,"[""двуспальная кровать""]","[""double""]","[{""bed"": ""double"", ""count"": 1}]",2,7500.00,7500.00,https://ostrovok.ru/hotel/russia/western_siberia_irkutsk_oblast_multi/mid7685971/dauria_hotel_2
dauria_hotel_2,7685971,Апартаменты (2 отдельные кровати и двуспальная кровать),6002,2,1,2 отдельные кровати и двуспальная кровать,"[""2 отдельные кровати"", ""двуспальная кровать""]","[""double""]","[{""bed"": ""double"", ""count"": 1}, {""bed"": ""single"", ""count"": 2}]",4,14000.00,14000.00,https://ostrovok.ru/hotel/russia/western_siberia_irkutsk_oblast_multi/mid7685971/dauria_hotel_2
meridian_7,6297237,Одноместный номер Standard Plus (односпальная кровать),3B02001,1,8,односпальная кровать,"[""односпальная кровать""]","[""nobedding""]","[{""bed"": ""single"", ""count"": 1}]",1,4200.00,4200.00,https://ostrovok.ru/hotel/russia/western_siberia_irkutsk_oblast_multi/mid6297237/meridian_7
meridian_7,6297237,Двухместный номер Comfort (двуспальная кровать) (тип кровати может измениться),3302302,3,7,двуспальная кровать,"[""двуспальная кровать""]","[""double""]","[{""bed"": ""double"", ""count"": 1}]",2,5000.00,5201.00,https://ostrovok.ru/hotel/russia/western_siberia_irkutsk_oblast_multi/mid6297237/meridian_7
meridian_7,6297237,Двухместный полулюкс (двуспальная кровать) (тип кровати может измениться),4002302,1,2,двуспальная кровать,"[""двуспальная кровать""]","[""double""]","[{""bed"": ""double"", ""count"": 1}]",2,6600.00,6600.00,https://ostrovok.ru/hotel/russia/western_siberia_irkutsk_oblast_multi/mid6297237/meridian_7
meridian_7,6297237,Двухместный люкс (двуспальная кровать) (тип кровати может измениться),5002302,3,4,двуспальная кровать,"[""двуспальная кровать""]","[""double""]","[{""bed"": ""double"", ""count"": 1}]",2,6600.00,6856.00,https://ostrovok.ru/hotel/russia/western_siberia_irkutsk_oblast_multi/mid6297237/meridian_7
meridian_7,6297237,Номер VIP (двуспальная кровать),3602,1,1,двуспальная кровать,"[""двуспальная кровать""]","[""double""]","[{""bed"": ""double"", ""count"": 1}]",2,8000.00,8000.00,https://ostrovok.ru/hotel/russia/western_siberia_irkutsk_oblast_multi/mid6297237/meridian_7
hotel_angara,6715745,Двухместный номер Standard (двуспальная кровать),3202302,2,3,двуспальная кровать,"[""двуспальная кровать""]","[""double""]","[{""bed"": ""double"", ""count"": 1}]",2,4000.00,4000.00,https://ostrovok.ru/hotel/russia/western_siberia_irkutsk_oblast_multi/mid6715745/hotel_angara
hotel_angara,6715745,Двухместный номер Deluxe (двуспальная кровать),3602302,2,7,двуспальная кровать,"[""двуспальная кровать""]","[""double""]","[{""bed"": ""double"", ""count"": 1}]",2,4500.00,4500.00,https://ostrovok.ru/hotel/russia/western_siberia_irkutsk_oblast_multi/mid6715745/hotel_angara
hotel_angara,6715745,Двухместный номер Deluxe (2 отдельные кровати),3602402,2,1,2 отдельные кровати,"[""2 отдельные кровати""]","[""twin""]","[{""bed"": ""single"", ""count"": 2}]",2,4500.00,4500.00,https://ostrovok.ru/hotel/russia/western_siberia_irkutsk_oblast_multi/mid6715745/hotel_angara
hotel_angara,6715745,Двухместный полулюкс (двуспальная кровать),4002302,2,2,двуспальная кровать,"[""двуспальная кровать""]","[""double""]","[{""bed"": ""double"", ""count"": 1}]",2,5500.00,5500.00,https://ostrovok.ru/hotel/russia/western_siberia_irkutsk_oblast_multi/mid6715745/hotel_angara
hotel_angara,6715745,Четырёхместный семейный номер Standard (2 отдельные кровати и двуспальная кровать),3202714,2,2,2 отдельные кровати и двуспальная кровать,"[""2 отдельные кровати"", ""двуспальная кровать""]","[""double""]","[{""bed"": ""double"", ""count"": 1}, {""bed"": ""single"", ""count"": 2}]",4,6000.00,6000.00,https://ostrovok.ru/hotel/russia/western_siberia_irkutsk_oblast_multi/mid6715745/hotel_angara
hotel_angara,6715745,Двухместный люкс (двуспальная кровать),5002302,2,1,двуспальная кровать,"[""двуспальная кровать""]","[""double""]","[{""bed"": ""double"", ""count"": 1}]",2,6000.00,6000.00,https://ostrovok.ru/hotel/russia/western_siberia_irkutsk_oblast_multi/mid6715745/hotel_angara
hotel_angara,6715745,Двухместный люкс c 1 комнатой (двуспальная кровать),500230201,2,1,двуспальная кровать,"[""двуспальная кровать""]","[""double""]","[{""bed"": ""double"", ""count"": 1}]",2,7000.00,7000.00,https://ostrovok.ru/hotel/russia/western_siberia_irkutsk_oblast_multi/mid6715745/hotel_angara
flagman_hotel_4,9081483,Двухместный номер Standard (2 отдельные кровати),3202402,2,2,2 отдельные кровати,"[""2 отдельные кровати""]","[""twin""]","[{""bed"": ""single"", ""count"": 2}]",2,6000.00,6000.00,https://ostrovok.ru/hotel/russia/western_siberia_irkutsk_oblast_multi/mid9081483/flagman_hotel_4
flagman_hotel_4,9081483,Одноместный номер Comfort,3302001,2,2,,,"[""nobedding""]",,1,6500.00,6500.00,https://ostrovok.ru/hotel/russia/western_siberia_irkutsk_oblast_multi/mid9081483/flagman_hotel_4
flagman_hotel_4,9081483,Люкс (двуспальная кровать),5002,2,1,двуспальная кровать,"[""двуспальная кровать""]","[""double""]","[{""bed"": ""double"", ""count"": 1}]",2,7000.00,7000.00,https://ostrovok.ru/hotel/russia/western_siberia_irkutsk_oblast_multi/mid9081483/flagman_hotel_4
aura_living_quarters,13743326,Люкс с балконом и с красивым видом из окна (2 отдельные кровати),5002000001U,1,5,2 отдельные кровати,"[""2 отдельные кровати""]","[""twin""]","[{""bed"": ""single"", ""count"": 2}]",2,5838.00,5838.00,https://ostrovok.ru/hotel/russia/western_siberia_irkutsk_oblast_multi/mid13743326/aura_living_quarters
solnechny_guest_house_7,13112614,Двухместный номер Economy (общая ванная комната) (двуспальная кровать),3101302,1,2,двуспальная кровать,"[""двуспальная кровать""]","[""double""]","[{""bed"": ""double"", ""count"": 1}]",2,1182.00,1182.00,https://ostrovok.ru/hotel/russia/western_siberia_irkutsk_oblast_multi/mid13112614/solnechny_guest_house_7
lada_8,8878913,Трёхместный номер Economy (общая ванная комната),3101003,6,2,,,"[""nobedding""]",,3,4600.00,11600.00,https://ostrovok.ru/hotel/russia/western_siberia_irkutsk_oblast_multi/mid8878913/lada_8
lada_8,8878913,Номер Economy Мансарда с видом на озеро (общая ванная комната),3101000000D4,2,5,,,"[""nobedding""]",,1,4600.00,7000.00,https://ostrovok.ru/hotel/russia/western_siberia_irkutsk_oblast_multi/mid8878913/lada_8
lada_8,8878913,Двухместный номер Standard с красивым видом из окна (2 отдельные кровати),3202402000U,2,3,2 отдельные кровати,"[""2 отдельные кровати""]","[""twin""]","[{""bed"": ""single"", ""count"": 2}]",2,7200.00,9600.00,https://ostrovok.ru/hotel/russia/western_siberia_irkutsk_oblast_multi/mid8878913/lada_8
lada_8,8878913,Одноместный номер Standard с видом на парк (односпальная кровать),3202001000I,2,1,односпальная кровать,"[""односпальная кровать""]","[""nobedding""]","[{""bed"": ""single"", ""count"": 1}]",1,7200.00,9600.00,https://ostrovok.ru/hotel/russia/western_siberia_irkutsk_oblast_multi/mid8878913/lada_8
lada_8,8878913,Двухместный номер Comfort Мансарда с красивым видом из окна (двуспальная кровать),3302302000U4,2,2,двуспальная кровать,"[""двуспальная кровать""]","[""double""]","[{""bed"": ""double"", ""count"": 1}]",2,7800.00,10300.00,https://ostrovok.ru/hotel/russia/western_siberia_irkutsk_oblast_multi/mid8878913/lada_8
lada_8,8878913,Двухместный номер Comfort Мансарда с красивым видом из окна (2 отдельные кровати),3302402000U4,2,2,2 отдельные кровати,"[""2 отдельные кровати""]","[""twin""]","[{""bed"": ""single"", ""count"": 2}]",2,7800.00,10300.00,https://ostrovok.ru/hotel/russia/western_siberia_irkutsk_oblast_multi/mid8878913/lada_8
green_hotel_,6518006,Двухместный номер Standard (двуспальная кровать),3202302,7,8,двуспальная кровать,"[""двуспальная кровать""]","[""double""]","[{""bed"": ""double"", ""count"": 1}]",2,3514.00,3950.00,https://ostrovok.ru/hotel/russia/western_siberia_irkutsk_oblast_multi/mid6518006/green_hotel_
green_hotel_,6518006,Двухместный номер Standard (2 отдельные кровати),3202402,7,3,2 отдельные кровати,"[""2 отдельные кровати""]","[""twin""]","[{""bed"": ""single"", ""count"": 2}]",2,3514.00,3950.00,https://ostrovok.ru/hotel/russia/western_siberia_irkutsk_oblast_multi/mid6518006/green_hotel_
green_hotel_,6518006,Одноместный номер Economy,3102001,6,1,,,"[""nobedding""]",,1,3810.00,5250.00,https://ostrovok.ru/hotel/russia/western_siberia_irkutsk_oblast_multi/mid6518006/green_hotel_
green_hotel_,6518006,Кровать в общем номере (общая ванная комната) (двуспальная кровать и диван),1001,4,2,двуспальная кровать и диван,"[""двуспальная кровать"", ""диван""]","[""double""]","[{""bed"": ""double"", ""count"": 1}, {""bed"": ""sofa-bed"", ""count"": 1}]",3,4733.00,5050.00,https://ostrovok.ru/hotel/russia/western_siberia_irkutsk_oblast_multi/mid6518006/green_hotel_
green_hotel_,6518006,Двухместный семейный номер Standard (двуспальная кровать),3202312,2,2,двуспальная кровать,"[""двуспальная кровать""]","[""double""]","[{""bed"": ""double"", ""count"": 1}]",2,5070.00,5371.00,https://ostrovok.ru/hotel/russia/western_siberia_irkutsk_oblast_multi/mid6518006/green_hotel_
green_hotel_,6518006,Двухместный полулюкс (двуспальная кровать),4002302,7,1,двуспальная кровать,"[""двуспальная кровать""]","[""double""]","[{""bed"": ""double"", ""count"": 1}]",2,5201.00,5750.00,https://ostrovok.ru/hotel/russia/western_siberia_irkutsk_oblast_multi/mid6518006/green_hotel_
green_hotel_,6518006,Двухместный люкс (двуспальная кровать),5002302,7,1,двуспальная кровать,"[""двуспальная кровать""]","[""double""]","[{""bed"": ""double"", ""count"": 1}]",2,5670.00,6250.00,https://ostrovok.ru/hotel/russia/western_siberia_irkutsk_oblast_multi/mid6518006/green_hotel_
gostinitsa_ustilim,7026078,Одноместный номер Эконом (общая ванная комната),3101001,4,1,,,"[""nobedding""]",,1,1160.00,10338.00,https://ostrovok.ru/hotel/russia/western_siberia_irkutsk_oblast_multi/mid7026078/gostinitsa_ustilim
gostinitsa_ustilim,7026078,Одноместный номер Стандарт (односпальная кровать),3202001,3,3,односпальная кровать,"[""односпальная кровать""]","[""nobedding""]","[{""bed"": ""single"", ""count"": 1}]",1,4000.00,4544.00,https://ostrovok.ru/hotel/russia/western_siberia_irkutsk_oblast_multi/mid7026078/gostinitsa_ustilim
gostinitsa_ustilim,7026078,Одноместный номер Улучшенный стандарт,3502001,3,4,,,"[""nobedding""]",,1,4600.00,5227.00,https://ostrovok.ru/hotel/russia/western_siberia_irkutsk_oblast_multi/mid7026078/gostinitsa_ustilim
gostinitsa_ustilim,7026078,Одноместный номер Комфорт,3302001,3,13,,,"[""nobedding""]",,1,5300.00,6022.00,https://ostrovok.ru/hotel/russia/western_siberia_irkutsk_oblast_multi/mid7026078/gostinitsa_ustilim
gostinitsa_ustilim,7026078,Двухместный номер Стандарт (2 отдельные кровати),3202402,2,1,2 отдельные кровати,"[""2 отдельные кровати""]","[""twin""]","[{""bed"": ""single"", ""count"": 2}]",2,5400.00,5814.00,https://ostrovok.ru/hotel/russia/western_siberia_irkutsk_oblast_multi/mid7026078/gostinitsa_ustilim
gostinitsa_ustilim,7026078,Одноместный номер Улучшенный комфорт,3402001,6,13,,,"[""nobedding""]",,1,6000.00,8861.00,https://ostrovok.ru/hotel/russia/western_siberia_irkutsk_oblast_multi/mid7026078/gostinitsa_ustilim
gostinitsa_ustilim,7026078,Двухместный люкс (двуспальная кровать),5002302,3,3,двуспальная кровать,"[""двуспальная кровать""]","[""double""]","[{""bed"": ""double"", ""count"": 1}]",2,9100.00,10338.00,https://ostrovok.ru/hotel/russia/western_siberia_irkutsk_oblast_multi/mid7026078/gostinitsa_ustilim
gostinitsa_ustilim,7026078,Двухместный люкс Superior (двуспальная кровать),5502302,3,1,двуспальная кровать,"[""двуспальная кровать""]","[""double""]","[{""bed"": ""double"", ""count"": 1}]",2,9100.00,10338.00,https://ostrovok.ru/hotel/russia/western_siberia_irkutsk_oblast_multi/mid7026078/gostinitsa_ustilim
aerobratsk,10899814,Кровать в общем номере (общая ванная комната) (3 кровати),1001,4,3,,,"[""nobedding""]",,1,890.00,1700.00,https://ostrovok.ru/hotel/russia/western_siberia_irkutsk_oblast_multi/mid10899814/aerobratsk
aerobratsk,10899814,Одноместный номер Standard,3202001,2,5,,,"[""nobedding""]",,1,3463.00,3500.00,https://ostrovok.ru/hotel/russia/western_siberia_irkutsk_oblast_multi/mid10899814/aerobratsk
minihotel_panda,6479321,Двухместный номер Superior (двуспальная кровать),3502302,1,1,двуспальная кровать,"[""двуспальная кровать""]","[""double""]","[{""bed"": ""double"", ""count"": 1}]",2,4500.00,4500.00,https://ostrovok.ru/hotel/russia/western_siberia_irkutsk_oblast_multi/mid6479321/minihotel_panda
planeta_9,8850641,Двухместный номер Standard (2 отдельные кровати),3202402,4,3,2 отдельные кровати,"[""2 отдельные кровати""]","[""twin""]","[{""bed"": ""single"", ""count"": 2}]",2,2969.00,3220.00,https://ostrovok.ru/hotel/russia/western_siberia_irkutsk_oblast_multi/mid8850641/planeta_9
planeta_9,8850641,Двухместный номер Standard (двуспальная кровать),3202302,4,3,двуспальная кровать,"[""двуспальная кровать""]","[""double""]","[{""bed"": ""double"", ""count"": 1}]",2,2969.00,3220.00,https://ostrovok.ru/hotel/russia/western_siberia_irkutsk_oblast_multi/mid8850641/planeta_9
planeta_9,8850641,Двухместный полулюкс (двуспальная кровать),4002302,4,3,двуспальная кровать,"[""двуспальная кровать""]","[""double""]","[{""bed"": ""double"", ""count"": 1}]",2,3465.00,3715.00,https://ostrovok.ru/hotel/russia/western_siberia_irkutsk_oblast_multi/mid8850641/planeta_9
planeta_9,8850641,Двухместный люкс (двуспальная кровать),5002302,4,2,двуспальная кровать,"[""двуспальная кровать""]","[""double""]","[{""bed"": ""double"", ""count"": 1}]",2,4949.00,5200.00,https://ostrovok.ru/hotel/russia/western_siberia_irkutsk_oblast_multi/mid8850641/planeta_9
profsoyuznaya_hotel_4,13870224,Апартаменты c 1 комнатой с видом на внутренний двор (2 отдельные кровати),60020000106,4,68,2 отдельные кровати,"[""2 отдельные кровати""]","[""twin""]","[{""bed"": ""single"", ""count"": 2}]",2,3196.00,3400.00,https://ostrovok.ru/hotel/russia/western_siberia_irkutsk_oblast_multi/mid13870224/profsoyuznaya_hotel_4
hotel_aziyayevropa,13393268,Двухместный номер Economy (2 отдельные кровати) (без окна),3102402,1,2,2 отдельные кровати,"[""2 отдельные кровати""]","[""twin""]","[{""bed"": ""single"", ""count"": 2}]",2,3956.00,3956.00,https://ostrovok.ru/hotel/russia/western_siberia_irkutsk_oblast_multi/mid13393268/hotel_aziyayevropa
hotel_aziyayevropa,13393268,Двухместный номер Standard (2 отдельные кровати),3202402,1,5,2 отдельные кровати,"[""2 отдельные кровати""]","[""twin""]","[{""bed"": ""single"", ""count"": 2}]",2,5193.00,5193.00,https://ostrovok.ru/hotel/russia/western_siberia_irkutsk_oblast_multi/mid13393268/hotel_aziyayevropa
hotel_aziyayevropa,13393268,Двухместный номер Standard (двуспальная кровать),3202302,1,1,двуспальная кровать,"[""двуспальная кровать""]","[""double""]","[{""bed"": ""double"", ""count"": 1}]",2,5193.00,5193.00,https://ostrovok.ru/hotel/russia/western_siberia_irkutsk_oblast_multi/mid13393268/hotel_aziyayevropa
hotel_aziyayevropa,13393268,Двухместный номер Superior (двуспальная кровать),3502302,1,3,двуспальная кровать,"[""двуспальная кровать""]","[""double""]","[{""bed"": ""double"", ""count"": 1}]",2,7171.00,7171.00,https://ostrovok.ru/hotel/russia/western_siberia_irkutsk_oblast_multi/mid13393268/hotel_aziyayevropa
hotel_aziyayevropa,13393268,Двухместный номер Superior (2 отдельные кровати),3502402,1,3,2 отдельные кровати,"[""2 отдельные кровати""]","[""twin""]","[{""bed"": ""single"", ""count"": 2}]",2,7171.00,7171.00,https://ostrovok.ru/hotel/russia/western_siberia_irkutsk_oblast_multi/mid13393268/hotel_aziyayevropa
beliy_sobol_parkhotel,8571122,Коттедж Prestige,9G02,2,1,,,"[""nobedding""]",,1,35000.00,35000.00,https://ostrovok.ru/hotel/russia/western_siberia_irkutsk_oblast_multi/mid8571122/beliy_sobol_parkhotel
oktyabrskaya_minihotel,8751925,Двухместный номер Standard (2 отдельные кровати) (в главном здании),3202402,2,3,2 отдельные кровати,"[""2 отдельные кровати""]","[""twin""]","[{""bed"": ""single"", ""count"": 2}]",2,1500.00,1589.00,https://ostrovok.ru/hotel/russia/western_siberia_irkutsk_oblast_multi/mid8751925/oktyabrskaya_minihotel
oktyabrskaya_minihotel,8751925,Двухместный номер Standard (двуспальная кровать) (в главном здании),3202302,2,1,двуспальная кровать,"[""двуспальная кровать""]","[""double""]","[{""bed"": ""double"", ""count"": 1}]",2,1500.00,1589.00,https://ostrovok.ru/hotel/russia/western_siberia_irkutsk_oblast_multi/mid8751925/oktyabrskaya_minihotel
oktyabrskaya_minihotel,8751925,Кровать в общем номере (общая ванная комната) (в главном здании),1001,2,1,,,"[""nobedding""]",,1,3000.00,3178.00,https://ostrovok.ru/hotel/russia/western_siberia_irkutsk_oblast_multi/mid8751925/oktyabrskaya_minihotel
hotel_soyuz_2,8662950,Двухместный номер Standard (двуспальная кровать),3202302,2,24,двуспальная кровать,"[""двуспальная кровать""]","[""double""]","[{""bed"": ""double"", ""count"": 1}]",2,5600.00,5600.00,https://ostrovok.ru/hotel/russia/western_siberia_irkutsk_oblast_multi/mid8662950/hotel_soyuz_2
hotel_soyuz_2,8662950,Двухместный номер Standard (2 отдельные кровати),3202402,2,12,2 отдельные кровати,"[""2 отдельные кровати""]","[""twin""]","[{""bed"": ""single"", ""count"": 2}]",2,5600.00,5600.00,https://ostrovok.ru/hotel/russia/western_siberia_irkutsk_oblast_multi/mid8662950/hotel_soyuz_2
hotel_soyuz_2,8662950,Двухместный номер Superior (2 отдельные кровати),3502402,2,5,2 отдельные кровати,"[""2 отдельные кровати""]","[""twin""]","[{""bed"": ""single"", ""count"": 2}]",2,6600.00,6600.00,https://ostrovok.ru/hotel/russia/western_siberia_irkutsk_oblast_multi/mid8662950/hotel_soyuz_2
hotel_soyuz_2,8662950,Двухместный номер Superior (двуспальная кровать),3502302,2,13,двуспальная кровать,"[""двуспальная кровать""]","[""double""]","[{""bed"": ""double"", ""count"": 1}]",2,6600.00,6600.00,https://ostrovok.ru/hotel/russia/western_siberia_irkutsk_oblast_multi/mid8662950/hotel_soyuz_2
hotel_soyuz_2,8662950,Двухместный полулюкс (2 отдельные кровати),4002402,2,7,2 отдельные кровати,"[""2 отдельные кровати""]","[""twin""]","[{""bed"": ""single"", ""count"": 2}]",2,8200.00,8200.00,https://ostrovok.ru/hotel/russia/western_siberia_irkutsk_oblast_multi/mid8662950/hotel_soyuz_2
hotel_soyuz_2,8662950,Двухместный полулюкс (двуспальная кровать),4002302,2,4,двуспальная кровать,"[""двуспальная кровать""]","[""double""]","[{""bed"": ""double"", ""count"": 1}]",2,8200.00,8200.00,https://ostrovok.ru/hotel/russia/western_siberia_irkutsk_oblast_multi/mid8662950/hotel_soyuz_2
hotel_soyuz_2,8662950,Двухместный люкс (2 отдельные кровати),5002402,2,4,2 отдельные кровати,"[""2 отдельные кровати""]","[""twin""]","[{""bed"": ""single"", ""count"": 2}]",2,9300.00,9300.00,https://ostrovok.ru/hotel/russia/western_siberia_irkutsk_oblast_multi/mid8662950/hotel_soyuz_2
hotel_soyuz_2,8662950,Двухместный люкс (двуспальная кровать),5002302,2,7,двуспальная кровать,"[""двуспальная кровать""]","[""double""]","[{""bed"": ""double"", ""count"": 1}]",2,9300.00,9300.00,https://ostrovok.ru/hotel/russia/western_siberia_irkutsk_oblast_multi/mid8662950/hotel_soyuz_2
kheyvitsa_guest_house,11169967,Двухместный номер Прованс (двуспальная кровать),3802302,2,1,двуспальная кровать,"[""двуспальная кровать""]","[""double""]","[{""bed"": ""double"", ""count"": 1}]",2,5246.00,5300.00,https://ostrovok.ru/hotel/russia/western_siberia_irkutsk_oblast_multi/mid11169967/kheyvitsa_guest_house
kheyvitsa_guest_house,11169967,Двухместный номер Оливковый (двуспальная кровать),3302302,2,1,двуспальная кровать,"[""двуспальная кровать""]","[""double""]","[{""bed"": ""double"", ""count"": 1}]",2,5246.00,5300.00,https://ostrovok.ru/hotel/russia/western_siberia_irkutsk_oblast_multi/mid11169967/kheyvitsa_guest_house
kheyvitsa_guest_house,11169967,Двухместный номер Лазурный (двуспальная кровать),3402302,2,1,двуспальная кровать,"[""двуспальная кровать""]","[""double""]","[{""bed"": ""double"", ""count"": 1}]",2,5939.00,6000.00,https://ostrovok.ru/hotel/russia/western_siberia_irkutsk_oblast_multi/mid11169967/kheyvitsa_guest_house
kheyvitsa_guest_house,11169967,Двухместный полулюкс Монгольский Хан (двуспальная кровать),4A02302,1,1,двуспальная кровать,"[""двуспальная кровать""]","[""double""]","[{""bed"": ""double"", ""count"": 1}]",2,6530.00,6530.00,https://ostrovok.ru/hotel/russia/western_siberia_irkutsk_oblast_multi/mid11169967/kheyvitsa_guest_house
kheyvitsa_guest_house,11169967,Двухместный полулюкс Царские палаты (двуспальная кровать),4F02302,1,1,двуспальная кровать,"[""двуспальная кровать""]","[""double""]","[{""bed"": ""double"", ""count"": 1}]",2,7223.00,7223.00,https://ostrovok.ru/hotel/russia/western_siberia_irkutsk_oblast_multi/mid11169967/kheyvitsa_guest_house
magnetit,8825582,Одноместный номер Классический (односпальная кровать),3B02001,2,5,односпальная кровать,"[""односпальная кровать""]","[""nobedding""]","[{""bed"": ""single"", ""count"": 1}]",1,2700.00,2700.00,https://ostrovok.ru/hotel/russia/western_siberia_irkutsk_oblast_multi/mid8825582/magnetit
magnetit,8825582,Одноместный номер Стандарт (односпальная кровать),3202001,2,12,односпальная кровать,"[""односпальная кровать""]","[""nobedding""]","[{""bed"": ""single"", ""count"": 1}]",1,3100.00,3100.00,https://ostrovok.ru/hotel/russia/western_siberia_irkutsk_oblast_multi/mid8825582/magnetit
magnetit,8825582,Двухместный номер Стандарт (2 отдельные кровати),3202402,2,5,2 отдельные кровати,"[""2 отдельные кровати""]","[""twin""]","[{""bed"": ""single"", ""count"": 2}]",2,4400.00,4400.00,https://ostrovok.ru/hotel/russia/western_siberia_irkutsk_oblast_multi/mid8825582/magnetit
magnetit,8825582,Полулюкс Однокомнатный (двуспальная кровать и диван),400200001,2,1,двуспальная кровать и диван,"[""двуспальная кровать"", ""диван""]","[""double""]","[{""bed"": ""double"", ""count"": 1}, {""bed"": ""sofa-bed"", ""count"": 1}]",3,4600.00,4600.00,https://ostrovok.ru/hotel/russia/western_siberia_irkutsk_oblast_multi/mid8825582/magnetit
magnetit,8825582,Двухместный люкс Двухкомнатный (двуспальная кровать),500230202,2,2,двуспальная кровать,"[""двуспальная кровать""]","[""double""]","[{""bed"": ""double"", ""count"": 1}]",2,5700.00,5700.00,https://ostrovok.ru/hotel/russia/western_siberia_irkutsk_oblast_multi/mid8825582/magnetit
magnetit,8825582,Четырёхместный номер Стандарт,3202004,2,2,,,"[""nobedding""]",,4,8000.00,8000.00,https://ostrovok.ru/hotel/russia/western_siberia_irkutsk_oblast_multi/mid8825582/magnetit
svetly_aparthotel,10360693,Двухместный номер Standard (2 отдельные кровати),3202402,2,2,2 отдельные кровати,"[""2 отдельные кровати""]","[""twin""]","[{""bed"": ""single"", ""count"": 2}]",2,4500.00,4500.00,https://ostrovok.ru/hotel/russia/western_siberia_irkutsk_oblast_multi/mid10360693/svetly_aparthotel
arena_g_irkutsk,8491921,Одноместный номер Superior (общая ванная комната),3501001,2,6,,,"[""nobedding""]",,1,3128.00,3200.00,https://ostrovok.ru/hotel/russia/western_siberia_irkutsk_oblast_multi/mid8491921/arena_g_irkutsk
arena_g_irkutsk,8491921,Двухместный номер Superior (общая ванная комната) (2 отдельные кровати),3501402,2,6,2 отдельные кровати,"[""2 отдельные кровати""]","[""twin""]","[{""bed"": ""single"", ""count"": 2}]",2,4398.00,4500.00,https://ostrovok.ru/hotel/russia/western_siberia_irkutsk_oblast_multi/mid8491921/arena_g_irkutsk
arena_g_irkutsk,8491921,Двухместный семейный номер Standard с видом на город (двуспальная кровать),32023120005,2,5,двуспальная кровать,"[""двуспальная кровать""]","[""double""]","[{""bed"": ""double"", ""count"": 1}]",2,5937.00,6000.00,https://ostrovok.ru/hotel/russia/western_siberia_irkutsk_oblast_multi/mid8491921/arena_g_irkutsk
metelitsa_6,9211770,Двухместный номер Standard с красивым видом из окна (двуспальная кровать),3202302000U,1,2,двуспальная кровать,"[""двуспальная кровать""]","[""double""]","[{""bed"": ""double"", ""count"": 1}]",2,2370.00,2370.00,https://ostrovok.ru/hotel/russia/western_siberia_irkutsk_oblast_multi/mid9211770/metelitsa_6
metelitsa_6,9211770,Двухместный полулюкс с красивым видом из окна (двуспальная кровать),4002302000U,1,1,двуспальная кровать,"[""двуспальная кровать""]","[""double""]","[{""bed"": ""double"", ""count"": 1}]",2,3358.00,3358.00,https://ostrovok.ru/hotel/russia/western_siberia_irkutsk_oblast_multi/mid9211770/metelitsa_6
hotel_gostinitsa_avtovokzal,13754102,Кровать в общем номере (общая ванная комната) (3 кровати),1001,2,6,,,"[""nobedding""]",,1,2572.00,2600.00,https://ostrovok.ru/hotel/russia/western_siberia_irkutsk_oblast_multi/mid13754102/hotel_gostinitsa_avtovokzal
hotel_gostinitsa_avtovokzal,13754102,Двухместный номер Economy (общая ванная комната) (двуспальная кровать),3101302,2,3,двуспальная кровать,"[""двуспальная кровать""]","[""double""]","[{""bed"": ""double"", ""count"": 1}]",2,3859.00,3900.00,https://ostrovok.ru/hotel/russia/western_siberia_irkutsk_oblast_multi/mid13754102/hotel_gostinitsa_avtovokzal
hotel_gostinitsa_avtovokzal,13754102,Двухместный полулюкс (2 отдельные кровати),4002402,2,1,2 отдельные кровати,"[""2 отдельные кровати""]","[""twin""]","[{""bed"": ""single"", ""count"": 2}]",2,5145.00,5200.00,https://ostrovok.ru/hotel/russia/western_siberia_irkutsk_oblast_multi/mid13754102/hotel_gostinitsa_avtovokzal
hotel_gostinitsa_avtovokzal,13754102,Двухместный номер Standard (двуспальная кровать),3202302,2,1,двуспальная кровать,"[""двуспальная кровать""]","[""double""]","[{""bed"": ""double"", ""count"": 1}]",2,5145.00,5200.00,https://ostrovok.ru/hotel/russia/western_siberia_irkutsk_oblast_multi/mid13754102/hotel_gostinitsa_avtovokzal
amurskiy,9079548,Двухместный номер Standard с видом на город (двуспальная кровать),32023020005,2,1,двуспальная кровать,"[""двуспальная кровать""]","[""double""]","[{""bed"": ""double"", ""count"": 1}]",2,19900.00,19900.00,https://ostrovok.ru/hotel/russia/western_siberia_irkutsk_oblast_multi/mid9079548/amurskiy
amurskiy,9079548,Двухместный номер Superior с видом на город (2 отдельные кровати),35024020005,2,3,2 отдельные кровати,"[""2 отдельные кровати""]","[""twin""]","[{""bed"": ""single"", ""count"": 2}]",2,24000.00,24000.00,https://ostrovok.ru/hotel/russia/western_siberia_irkutsk_oblast_multi/mid9079548/amurskiy
amurskiy,9079548,Двухместный люкс (двуспальная кровать),5002302,2,2,двуспальная кровать,"[""двуспальная кровать""]","[""double""]","[{""bed"": ""double"", ""count"": 1}]",2,31350.00,31350.00,https://ostrovok.ru/hotel/russia/western_siberia_irkutsk_oblast_multi/mid9079548/amurskiy
amurskiy,9079548,Четырёхместный семейный полулюкс с видом на город (2 отдельные кровати и двуспальная кровать),40020140005,1,1,2 отдельные кровати и двуспальная кровать,"[""2 отдельные кровати"", ""двуспальная кровать""]","[""double""]","[{""bed"": ""double"", ""count"": 1}, {""bed"": ""single"", ""count"": 2}]",4,38600.00,38600.00,https://ostrovok.ru/hotel/russia/western_siberia_irkutsk_oblast_multi/mid9079548/amurskiy
amurskiy,9079548,Четырёхместный семейный люкс с видом на город (2 отдельные кровати и двуспальная кровать),50020140005,1,1,2 отдельные кровати и двуспальная кровать,"[""2 отдельные кровати"", ""двуспальная кровать""]","[""double""]","[{""bed"": ""double"", ""count"": 1}, {""bed"": ""single"", ""count"": 2}]",4,48400.00,48400.00,https://ostrovok.ru/hotel/russia/western_siberia_irkutsk_oblast_multi/mid9079548/amurskiy
hotel_khotej,13330760,Двухместный номер Standard (2 отдельные кровати),3202402,1,21,2 отдельные кровати,"[""2 отдельные кровати""]","[""twin""]","[{""bed"": ""single"", ""count"": 2}]",2,8050.00,8050.00,https://ostrovok.ru/hotel/russia/western_siberia_irkutsk_oblast_multi/mid13330760/hotel_khotej
hostel_katrin_2,11309585,Кровать в общем номере (женский номер) (общая ванная комната) (4 двухъярусные кровати) (8 кроватей),10217,1,8,4 двухъярусные кровати,"[""4 двухъярусные кровати""]","[""nobedding""]","[{""bed"": ""bunk-bed"", ""count"": 4}]",1,1548.00,1548.00,https://ostrovok.ru/hotel/russia/western_siberia_irkutsk_oblast_multi/mid11309585/hostel_katrin_2
hostel_katrin_2,11309585,Кровать в общем номере (мужской номер) (общая ванная комната) (2 двухъярусные кровати) (4 кровати),10117,1,5,2 двухъярусные кровати,"[""2 двухъярусные кровати""]","[""nobedding""]","[{""bed"": ""bunk-bed"", ""count"": 2}]",1,1548.00,1548.00,https://ostrovok.ru/hotel/russia/western_siberia_irkutsk_oblast_multi/mid11309585/hostel_katrin_2
tsentr_otdykha_dashi,8138887,Двухместный номер Economy с балконом (двуспальная кровать),3102302001,2,2,двуспальная кровать,"[""двуспальная кровать""]","[""double""]","[{""bed"": ""double"", ""count"": 1}]",2,10360.00,10470.00,https://ostrovok.ru/hotel/russia/western_siberia_irkutsk_oblast_multi/mid8138887/tsentr_otdykha_dashi
tsentr_otdykha_dashi,8138887,Двухместный номер Standard с видом на озеро (двуспальная кровать),3202302000D,2,5,двуспальная кровать,"[""двуспальная кровать""]","[""double""]","[{""bed"": ""double"", ""count"": 1}]",2,11725.00,11850.00,https://ostrovok.ru/hotel/russia/western_siberia_irkutsk_oblast_multi/mid8138887/tsentr_otdykha_dashi
tsentr_otdykha_dashi,8138887,Четырёхместный семейный номер Standard с 3 комнатами с балконом и с красивым видом из окна (2 отдельные кровати и двуспальная кровать),3202014031U,2,2,2 отдельные кровати и двуспальная кровать,"[""2 отдельные кровати"", ""двуспальная кровать""]","[""double""]","[{""bed"": ""double"", ""count"": 1}, {""bed"": ""single"", ""count"": 2}]",4,18207.00,18400.00,https://ostrovok.ru/hotel/russia/western_siberia_irkutsk_oblast_multi/mid8138887/tsentr_otdykha_dashi
tsentr_otdykha_dashi,8138887,Двухместный люкс с балконом и с видом на озеро (двуспальная кровать),5002302001D,2,2,двуспальная кровать,"[""двуспальная кровать""]","[""double""]","[{""bed"": ""double"", ""count"": 1}]",2,22076.00,22310.00,https://ostrovok.ru/hotel/russia/western_siberia_irkutsk_oblast_multi/mid8138887/tsentr_otdykha_dashi
hotel_complex_baikalov_ostrog,8027714,Номер Классический Стандарт с красивым видом из окна (2 отдельные кровати),3B02000000U,4,22,2 отдельные кровати,"[""2 отдельные кровати""]","[""twin""]","[{""bed"": ""single"", ""count"": 2}]",2,9975.00,9975.00,https://ostrovok.ru/hotel/russia/western_siberia_irkutsk_oblast_multi/mid8027714/hotel_complex_baikalov_ostrog
hotel_complex_baikalov_ostrog,8027714,Номер Стандарт с красивым видом из окна (двуспальная кровать),3202000000U,4,38,двуспальная кровать,"[""двуспальная кровать""]","[""double""]","[{""bed"": ""double"", ""count"": 1}]",2,9975.00,9975.00,https://ostrovok.ru/hotel/russia/western_siberia_irkutsk_oblast_multi/mid8027714/hotel_complex_baikalov_ostrog
hotel_complex_baikalov_ostrog,8027714,Люкс с красивым видом из окна (двуспальная кровать),5002000000U,2,4,двуспальная кровать,"[""двуспальная кровать""]","[""double""]","[{""bed"": ""double"", ""count"": 1}]",2,17100.00,17100.00,https://ostrovok.ru/hotel/russia/western_siberia_irkutsk_oblast_multi/mid8027714/hotel_complex_baikalov_ostrog
hotel_complex_baikalov_ostrog,8027714,Апартаменты с красивым видом из окна (3 дивана),6002000000U,4,1,3 дивана,"[""3 дивана""]","[""nobedding""]","[{""bed"": ""sofa-bed"", ""count"": 3}]",1,34200.00,34200.00,https://ostrovok.ru/hotel/russia/western_siberia_irkutsk_oblast_multi/mid8027714/hotel_complex_baikalov_ostrog
bely_bereg,10844916,Шестиместный семейный коттедж (3 двуспальные кровати),9002016,4,1,3 двуспальные кровати,"[""3 двуспальные кровати""]","[""nobedding""]","[{""bed"": ""double"", ""count"": 3}]",2,8550.00,9500.00,https://ostrovok.ru/hotel/russia/western_siberia_irkutsk_oblast_multi/mid10844916/bely_bereg
yupiter,9987415,Двухместный номер Standard (2 отдельные кровати),3202402,2,1,2 отдельные кровати,"[""2 отдельные кровати""]","[""twin""]","[{""bed"": ""single"", ""count"": 2}]",2,3000.00,3300.00,https://ostrovok.ru/hotel/russia/western_siberia_irkutsk_oblast_multi/mid9987415/yupiter
yupiter,9987415,Двухместный номер Superior (двуспальная кровать),3502302,2,2,двуспальная кровать,"[""двуспальная кровать""]","[""double""]","[{""bed"": ""double"", ""count"": 1}]",2,3000.00,3300.00,https://ostrovok.ru/hotel/russia/western_siberia_irkutsk_oblast_multi/mid9987415/yupiter
lenatour,8752255,Трёхместный номер Standard (общая ванная комната) (3 отдельные кровати),3201003,4,1,3 отдельные кровати,"[""3 отдельные кровати""]","[""nobedding""]","[{""bed"": ""single"", ""count"": 3}]",3,5992.00,6659.00,https://ostrovok.ru/hotel/russia/western_siberia_irkutsk_oblast_multi/mid8752255/lenatour
lenatour,8752255,Четырёхместный номер Standard (общая ванная комната) (4 отдельные кровати),3201004,3,1,4 отдельные кровати,"[""4 отдельные кровати""]","[""nobedding""]","[{""bed"": ""single"", ""count"": 4}]",4,7990.00,8878.00,https://ostrovok.ru/hotel/russia/western_siberia_irkutsk_oblast_multi/mid8752255/lenatour
hotel_pushkin_2,6932873,Двухместный номер Стандарт (двуспальная кровать) (кровать queen size),3202302,4,4,двуспальная кровать,"[""двуспальная кровать""]","[""double""]","[{""bed"": ""double"", ""count"": 1}]",2,7814.00,9700.00,https://ostrovok.ru/hotel/russia/western_siberia_irkutsk_oblast_multi/mid6932873/hotel_pushkin_2
hotel_pushkin_2,6932873,Двухместный номер Стандарт Улучшенный (двуспальная кровать),3502302,4,5,двуспальная кровать,"[""двуспальная кровать""]","[""double""]","[{""bed"": ""double"", ""count"": 1}]",2,9693.00,11600.00,https://ostrovok.ru/hotel/russia/western_siberia_irkutsk_oblast_multi/mid6932873/hotel_pushkin_2
hotel_pushkin_2,6932873,Двухместный номер Стандарт Улучшенный (2 отдельные кровати),3502402,2,5,2 отдельные кровати,"[""2 отдельные кровати""]","[""twin""]","[{""bed"": ""single"", ""count"": 2}]",2,9693.00,9800.00,https://ostrovok.ru/hotel/russia/western_siberia_irkutsk_oblast_multi/mid6932873/hotel_pushkin_2
hotel_pushkin_2,6932873,Двухместная Номер Студио (двуспальная кровать) (кровать queen size),7002302,4,5,двуспальная кровать,"[""двуспальная кровать""]","[""double""]","[{""bed"": ""double"", ""count"": 1}]",2,11375.00,13300.00,https://ostrovok.ru/hotel/russia/western_siberia_irkutsk_oblast_multi/mid6932873/hotel_pushkin_2
hotel_pushkin_2,6932873,Двухместный номер Делюкс (двуспальная кровать) (кровать queen size),3602302,3,4,двуспальная кровать,"[""двуспальная кровать""]","[""double""]","[{""bed"": ""double"", ""count"": 1}]",2,13353.00,15300.00,https://ostrovok.ru/hotel/russia/western_siberia_irkutsk_oblast_multi/mid6932873/hotel_pushkin_2
hotel_pushkin_2,6932873,Двухместный номер Делюкс Премиум (двуспальная кровать) (кровать queen size),3A02302,3,2,двуспальная кровать,"[""двуспальная кровать""]","[""double""]","[{""bed"": ""double"", ""count"": 1}]",2,16320.00,18300.00,https://ostrovok.ru/hotel/russia/western_siberia_irkutsk_oblast_multi/mid6932873/hotel_pushkin_2
recreation_centre_baikal_rainbow,6341048,Двухместный номер Standard (2 отдельные кровати),3202402,1,1,2 отдельные кровати,"[""2 отдельные кровати""]","[""twin""]","[{""bed"": ""single"", ""count"": 2}]",2,8047.00,8047.00,https://ostrovok.ru/hotel/russia/western_siberia_irkutsk_oblast_multi/mid6341048/recreation_centre_baikal_rainbow
recreation_centre_baikal_rainbow,6341048,Двухместный номер Comfort (двуспальная кровать),3302302,2,3,двуспальная кровать,"[""двуспальная кровать""]","[""double""]","[{""bed"": ""double"", ""count"": 1}]",2,12674.00,13489.00,https://ostrovok.ru/hotel/russia/western_siberia_irkutsk_oblast_multi/mid6341048/recreation_centre_baikal_rainbow
recreation_centre_baikal_rainbow,6341048,Трёхместный номер Superior с балконом и с красивым видом из окна,3502003001U,1,1,,,"[""nobedding""]",,3,12975.00,12975.00,https://ostrovok.ru/hotel/russia/western_siberia_irkutsk_oblast_multi/mid6341048/recreation_centre_baikal_rainbow
recreation_centre_baikal_rainbow,6341048,Апартаменты (2 отдельные кровати и двуспальная кровать),6002,2,1,2 отдельные кровати и двуспальная кровать,"[""2 отдельные кровати"", ""двуспальная кровать""]","[""double""]","[{""bed"": ""double"", ""count"": 1}, {""bed"": ""single"", ""count"": 2}]",4,24300.00,24442.00,https://ostrovok.ru/hotel/russia/western_siberia_irkutsk_oblast_multi/mid6341048/recreation_centre_baikal_rainbow
katantsa_hotel,13328659,Двухместный номер Standard (2 отдельные кровати),3202402,1,5,2 отдельные кровати,"[""2 отдельные кровати""]","[""twin""]","[{""bed"": ""single"", ""count"": 2}]",2,4500.00,4500.00,https://ostrovok.ru/hotel/russia/western_siberia_irkutsk_oblast_multi/mid13328659/katantsa_hotel
katantsa_hotel,13328659,Двухместный номер Standard (двуспальная кровать),3202302,1,5,двуспальная кровать,"[""двуспальная кровать""]","[""double""]","[{""bed"": ""double"", ""count"": 1}]",2,4500.00,4500.00,https://ostrovok.ru/hotel/russia/western_siberia_irkutsk_oblast_multi/mid13328659/katantsa_hotel
katantsa_hotel,13328659,Двухместный номер Comfort (двуспальная кровать),3302302,1,4,двуспальная кровать,"[""двуспальная кровать""]","[""double""]","[{""bed"": ""double"", ""count"": 1}]",2,4500.00,4500.00,https://ostrovok.ru/hotel/russia/western_siberia_irkutsk_oblast_multi/mid13328659/katantsa_hotel
katantsa_hotel,13328659,Двухместный номер Classic (двуспальная кровать),3B02302,1,1,двуспальная кровать,"[""двуспальная кровать""]","[""double""]","[{""bed"": ""double"", ""count"": 1}]",2,5000.00,5000.00,https://ostrovok.ru/hotel/russia/western_siberia_irkutsk_oblast_multi/mid13328659/katantsa_hotel
katantsa_hotel,13328659,Двухместный люкс Comfort (двуспальная кровать),5302302,1,1,двуспальная кровать,"[""двуспальная кровать""]","[""double""]","[{""bed"": ""double"", ""count"": 1}]",2,7000.00,7000.00,https://ostrovok.ru/hotel/russia/western_siberia_irkutsk_oblast_multi/mid13328659/katantsa_hotel
hotel_rodina_grand_hotel_spa_irkutsk_5,11200427,Двухместный Модерн Супериор (двуспальная кровать) (кровать king size),A502302,2,7,двуспальная кровать,"[""двуспальная кровать""]","[""double""]","[{""bed"": ""double"", ""count"": 1}]",2,46000.00,46000.00,https://ostrovok.ru/hotel/russia/western_siberia_irkutsk_oblast_multi/mid11200427/hotel_rodina_grand_hotel_spa_irkutsk_5
hotel_rodina_grand_hotel_spa_irkutsk_5,11200427,Двухместный Нордик Супериор с красивым видом из окна (2 отдельные кровати),8502402000U,2,3,2 отдельные кровати,"[""2 отдельные кровати""]","[""twin""]","[{""bed"": ""single"", ""count"": 2}]",2,46000.00,46000.00,https://ostrovok.ru/hotel/russia/western_siberia_irkutsk_oblast_multi/mid11200427/hotel_rodina_grand_hotel_spa_irkutsk_5
hotel_rodina_grand_hotel_spa_irkutsk_5,11200427,Двухместный Классик Супериор с красивым видом из окна (2 отдельные кровати),9502402000U,2,4,2 отдельные кровати,"[""2 отдельные кровати""]","[""twin""]","[{""bed"": ""single"", ""count"": 2}]",2,46000.00,46000.00,https://ostrovok.ru/hotel/russia/western_siberia_irkutsk_oblast_multi/mid11200427/hotel_rodina_grand_hotel_spa_irkutsk_5
hotel_rodina_grand_hotel_spa_irkutsk_5,11200427,Двухместный Классик Супериор с красивым видом из окна (двуспальная кровать),9502302000U,2,4,двуспальная кровать,"[""двуспальная кровать""]","[""double""]","[{""bed"": ""double"", ""count"": 1}]",2,46000.00,46000.00,https://ostrovok.ru/hotel/russia/western_siberia_irkutsk_oblast_multi/mid11200427/hotel_rodina_grand_hotel_spa_irkutsk_5
hotel_rodina_grand_hotel_spa_irkutsk_5,11200427,Двухместный Нордик Супериор с красивым видом из окна (двуспальная кровать),8502302000U,2,3,двуспальная кровать,"[""двуспальная кровать""]","[""double""]","[{""bed"": ""double"", ""count"": 1}]",2,46000.00,46000.00,https://ostrovok.ru/hotel/russia/western_siberia_irkutsk_oblast_multi/mid11200427/hotel_rodina_grand_hotel_spa_irkutsk_5
hotel_rodina_grand_hotel_spa_irkutsk_5,11200427,Двухместный Нордик Делюкс с красивым видом из окна (двуспальная кровать) (кровать king size),8602302000U,2,1,двуспальная кровать,"[""двуспальная кровать""]","[""double""]","[{""bed"": ""double"", ""count"": 1}]",2,50000.00,50000.00,https://ostrovok.ru/hotel/russia/western_siberia_irkutsk_oblast_multi/mid11200427/hotel_rodina_grand_hotel_spa_irkutsk_5
hotel_rodina_grand_hotel_spa_irkutsk_5,11200427,Двухместный Модерн Делюкс с красивым видом из окна (двуспальная кровать) (кровать king size),A602302000U,2,2,двуспальная кровать,"[""двуспальная кровать""]","[""double""]","[{""bed"": ""double"", ""count"": 1}]",2,50000.00,50000.00,https://ostrovok.ru/hotel/russia/western_siberia_irkutsk_oblast_multi/mid11200427/hotel_rodina_grand_hotel_spa_irkutsk_5
hotel_rodina_grand_hotel_spa_irkutsk_5,11200427,Двухместный джуниор сьют с красивым видом из окна (двуспальная кровать),4002302000U,2,1,двуспальная кровать,"[""двуспальная кровать""]","[""double""]","[{""bed"": ""double"", ""count"": 1}]",2,62000.00,62000.00,https://ostrovok.ru/hotel/russia/western_siberia_irkutsk_oblast_multi/mid11200427/hotel_rodina_grand_hotel_spa_irkutsk_5
hotel_rodina_grand_hotel_spa_irkutsk_5,11200427,Двухместные апартаменты Авангард с красивым видом из окна (двуспальная кровать),6B02302000U,2,1,двуспальная кровать,"[""двуспальная кровать""]","[""double""]","[{""bed"": ""double"", ""count"": 1}]",2,77000.00,77000.00,https://ostrovok.ru/hotel/russia/western_siberia_irkutsk_oblast_multi/mid11200427/hotel_rodina_grand_hotel_spa_irkutsk_5
hotel_rodina_grand_hotel_spa_irkutsk_5,11200427,Двухместный люкс Президентский с красивым видом из окна (двуспальная кровать),5902302000U,2,1,двуспальная кровать,"[""двуспальная кровать""]","[""double""]","[{""bed"": ""double"", ""count"": 1}]",2,200000.00,200000.00,https://ostrovok.ru/hotel/russia/western_siberia_irkutsk_oblast_multi/mid11200427/hotel_rodina_grand_hotel_spa_irkutsk_5
v_derevne_guest_house,11341246,Шестиместный номер Standard с видом на горы (двуспальная кровать) (внешняя собственная ванная комната),3203006000F,3,3,двуспальная кровать,"[""двуспальная кровать""]","[""double""]","[{""bed"": ""double"", ""count"": 1}]",2,2844.00,2844.00,https://ostrovok.ru/hotel/russia/western_siberia_irkutsk_oblast_multi/mid11341246/v_derevne_guest_house
shelest,8664834,Двухместный номер Standard с красивым видом из окна (2 отдельные кровати),3202402000U,2,2,2 отдельные кровати,"[""2 отдельные кровати""]","[""twin""]","[{""bed"": ""single"", ""count"": 2}]",2,4908.00,4960.00,https://ostrovok.ru/hotel/russia/western_siberia_irkutsk_oblast_multi/mid8664834/shelest
shelest,8664834,Двухместный номер Standard с красивым видом из окна (двуспальная кровать),3202302000U,2,3,двуспальная кровать,"[""двуспальная кровать""]","[""double""]","[{""bed"": ""double"", ""count"": 1}]",2,4908.00,4960.00,https://ostrovok.ru/hotel/russia/western_siberia_irkutsk_oblast_multi/mid8664834/shelest
v_samom_tsentre_irkutska_minihotel,10664878,Четырёхместный номер Economy с видом на город (терраса),31020040005,2,1,,,"[""nobedding""]",,4,5040.00,5040.00,https://ostrovok.ru/hotel/russia/western_siberia_irkutsk_oblast_multi/mid10664878/v_samom_tsentre_irkutska_minihotel
irkutsk_city_lodge,7729360,Двухместный номер Economy (2 отдельные кровати) (без окна),3102402,2,1,2 отдельные кровати,"[""2 отдельные кровати""]","[""twin""]","[{""bed"": ""single"", ""count"": 2}]",2,3763.00,4258.00,https://ostrovok.ru/hotel/russia/western_siberia_irkutsk_oblast_multi/mid7729360/irkutsk_city_lodge
irkutsk_city_lodge,7729360,Двухместный номер Superior с видом на город (двуспальная кровать),35023020005,2,1,двуспальная кровать,"[""двуспальная кровать""]","[""double""]","[{""bed"": ""double"", ""count"": 1}]",2,4258.00,4951.00,https://ostrovok.ru/hotel/russia/western_siberia_irkutsk_oblast_multi/mid7729360/irkutsk_city_lodge
gostevoy_dom_chilla_villa_baikal,10373429,Семейный коттедж,900201,1,1,,,"[""nobedding""]",,3,14142.00,14142.00,https://ostrovok.ru/hotel/russia/western_siberia_irkutsk_oblast_multi/mid10373429/gostevoy_dom_chilla_villa_baikal
lazurny_bereg_hotel_,7797591,Одноместный номер Standard (односпальная кровать),3202201,2,1,односпальная кровать,"[""односпальная кровать""]","[""nobedding""]","[{""bed"": ""single"", ""count"": 1}]",1,3900.00,3900.00,https://ostrovok.ru/hotel/russia/western_siberia_irkutsk_oblast_multi/mid7797591/lazurny_bereg_hotel_
lazurny_bereg_hotel_,7797591,Двухместный номер Standard (двуспальная кровать),3202302,2,3,двуспальная кровать,"[""двуспальная кровать""]","[""double""]","[{""bed"": ""double"", ""count"": 1}]",2,5200.00,5200.00,https://ostrovok.ru/hotel/russia/western_siberia_irkutsk_oblast_multi/mid7797591/lazurny_bereg_hotel_
lazurny_bereg_hotel_,7797591,Двухместный номер Standard (2 отдельные кровати),3202402,2,1,2 отдельные кровати,"[""2 отдельные кровати""]","[""twin""]","[{""bed"": ""single"", ""count"": 2}]",2,5200.00,5200.00,https://ostrovok.ru/hotel/russia/western_siberia_irkutsk_oblast_multi/mid7797591/lazurny_bereg_hotel_
lazurny_bereg_hotel_,7797591,Двухместный номер Superior (двуспальная кровать),3502302,2,2,двуспальная кровать,"[""двуспальная кровать""]","[""double""]","[{""bed"": ""double"", ""count"": 1}]",2,6000.00,6000.00,https://ostrovok.ru/hotel/russia/western_siberia_irkutsk_oblast_multi/mid7797591/lazurny_bereg_hotel_
hotel_shishki,13113638,Номер Standard (двуспальная кровать),3202,1,1,двуспальная кровать,"[""двуспальная кровать""]","[""double""]","[{""bed"": ""double"", ""count"": 1}]",2,12385.00,12385.00,https://ostrovok.ru/hotel/russia/western_siberia_irkutsk_oblast_multi/mid13113638/hotel_shishki
hotel_shishki,13113638,Номер Classic,3B02,1,1,,,"[""nobedding""]",,1,13084.00,13084.00,https://ostrovok.ru/hotel/russia/western_siberia_irkutsk_oblast_multi/mid13113638/hotel_shishki
hotel_shishki,13113638,Номер Comfort,3302,1,1,,,"[""nobedding""]",,1,15182.00,15182.00,https://ostrovok.ru/hotel/russia/western_siberia_irkutsk_oblast_multi/mid13113638/hotel_shishki
camping_yelochka_kempinghotel,13868693,Двухместный коттедж № 12 (двуспальная кровать),9A02302,1,5,двуспальная кровать,"[""двуспальная кровать""]","[""double""]","[{""bed"": ""double"", ""count"": 1}]",2,6274.00,6274.00,https://ostrovok.ru/hotel/russia/western_siberia_irkutsk_oblast_multi/mid13868693/camping_yelochka_kempinghotel
camping_yelochka_kempinghotel,13868693,Коттедж № 6 с 2 комнатами (2 двуспальные кровати),950200002,1,1,2 двуспальные кровати,"[""2 двуспальные кровати""]","[""nobedding""]","[{""bed"": ""double"", ""count"": 2}]",2,12065.00,12065.00,https://ostrovok.ru/hotel/russia/western_siberia_irkutsk_oblast_multi/mid13868693/camping_yelochka_kempinghotel
u_lukomorya_4,10009441,Двухместный номер Superior (двуспальная кровать),3502302,1,2,двуспальная кровать,"[""двуспальная кровать""]","[""double""]","[{""bed"": ""double"", ""count"": 1}]",2,9103.00,9103.00,https://ostrovok.ru/hotel/russia/western_siberia_irkutsk_oblast_multi/mid10009441/u_lukomorya_4
u_lukomorya_4,10009441,Номер Superior (2 отдельные кровати),3502,2,7,2 отдельные кровати,"[""2 отдельные кровати""]","[""twin""]","[{""bed"": ""single"", ""count"": 2}]",2,9103.00,9103.00,https://ostrovok.ru/hotel/russia/western_siberia_irkutsk_oblast_multi/mid10009441/u_lukomorya_4
guest_house_vremena_goda,6511529,Двухместный номер Standard (2 отдельные кровати),3202402,1,4,2 отдельные кровати,"[""2 отдельные кровати""]","[""twin""]","[{""bed"": ""single"", ""count"": 2}]",2,5100.00,5100.00,https://ostrovok.ru/hotel/russia/western_siberia_irkutsk_oblast_multi/mid6511529/guest_house_vremena_goda
guest_house_vremena_goda,6511529,Двухместная студия (2 отдельные кровати),7002402,1,1,2 отдельные кровати,"[""2 отдельные кровати""]","[""twin""]","[{""bed"": ""single"", ""count"": 2}]",2,5600.00,5600.00,https://ostrovok.ru/hotel/russia/western_siberia_irkutsk_oblast_multi/mid6511529/guest_house_vremena_goda
guest_house_vremena_goda,6511529,Двухместная студия (двуспальная кровать),7002302,1,1,двуспальная кровать,"[""двуспальная кровать""]","[""double""]","[{""bed"": ""double"", ""count"": 1}]",2,6250.00,6250.00,https://ostrovok.ru/hotel/russia/western_siberia_irkutsk_oblast_multi/mid6511529/guest_house_vremena_goda
guest_house_vremena_goda,6511529,Двухместный люкс (двуспальная кровать),5002302,1,1,двуспальная кровать,"[""двуспальная кровать""]","[""double""]","[{""bed"": ""double"", ""count"": 1}]",2,7800.00,7800.00,https://ostrovok.ru/hotel/russia/western_siberia_irkutsk_oblast_multi/mid6511529/guest_house_vremena_goda
legend_of_baikal,7776712,Двухместный номер Standard (2 отдельные кровати),3202402,2,4,2 отдельные кровати,"[""2 отдельные кровати""]","[""twin""]","[{""bed"": ""single"", ""count"": 2}]",2,9375.00,9375.00,https://ostrovok.ru/hotel/russia/western_siberia_irkutsk_oblast_multi/mid7776712/legend_of_baikal
legend_of_baikal,7776712,Двухместный номер Superior с балконом и с видом на море (двуспальная кровать),3502302001O,2,1,двуспальная кровать,"[""двуспальная кровать""]","[""double""]","[{""bed"": ""double"", ""count"": 1}]",2,10625.00,10625.00,https://ostrovok.ru/hotel/russia/western_siberia_irkutsk_oblast_multi/mid7776712/legend_of_baikal
legend_of_baikal,7776712,Двухместный номер Superior с балконом и с видом на море (2 отдельные кровати),3502402001O,2,2,2 отдельные кровати,"[""2 отдельные кровати""]","[""twin""]","[{""bed"": ""single"", ""count"": 2}]",2,10625.00,10625.00,https://ostrovok.ru/hotel/russia/western_siberia_irkutsk_oblast_multi/mid7776712/legend_of_baikal
legend_of_baikal,7776712,Двухместный номер Standard (двуспальная кровать),3202302,2,1,двуспальная кровать,"[""двуспальная кровать""]","[""double""]","[{""bed"": ""double"", ""count"": 1}]",2,10625.00,10625.00,https://ostrovok.ru/hotel/russia/western_siberia_irkutsk_oblast_multi/mid7776712/legend_of_baikal
legend_of_baikal,7776712,Студия с балконом и с красивым видом из окна (2 отдельные кровати),7002000001U,4,4,2 отдельные кровати,"[""2 отдельные кровати""]","[""twin""]","[{""bed"": ""single"", ""count"": 2}]",2,13125.00,13125.00,https://ostrovok.ru/hotel/russia/western_siberia_irkutsk_oblast_multi/mid7776712/legend_of_baikal
apartments_viking_khaus,13097492,Четырёхместные апартаменты Дуплекс с 2 комнатами с видом на внутренний двор (2 двуспальные кровати) (терраса),600200402062,2,1,2 двуспальные кровати,"[""2 двуспальные кровати""]","[""nobedding""]","[{""bed"": ""double"", ""count"": 2}]",2,19790.00,20000.00,https://ostrovok.ru/hotel/russia/western_siberia_irkutsk_oblast_multi/mid13097492/apartments_viking_khaus
bajkalskie_sezonyi,9992857,Двухместный номер Standard (двуспальная кровать),3202302,2,3,двуспальная кровать,"[""двуспальная кровать""]","[""double""]","[{""bed"": ""double"", ""count"": 1}]",2,12467.00,12600.00,https://ostrovok.ru/hotel/russia/western_siberia_irkutsk_oblast_multi/mid9992857/bajkalskie_sezonyi
bajkalskie_sezonyi,9992857,Двухместное бунгало (2 отдельные кровати),A002402,2,1,2 отдельные кровати,"[""2 отдельные кровати""]","[""twin""]","[{""bed"": ""single"", ""count"": 2}]",2,21373.00,21600.00,https://ostrovok.ru/hotel/russia/western_siberia_irkutsk_oblast_multi/mid9992857/bajkalskie_sezonyi
bajkalskie_sezonyi,9992857,Двухместное бунгало (двуспальная кровать),A002302,2,1,двуспальная кровать,"[""двуспальная кровать""]","[""double""]","[{""bed"": ""double"", ""count"": 1}]",2,21373.00,21600.00,https://ostrovok.ru/hotel/russia/western_siberia_irkutsk_oblast_multi/mid9992857/bajkalskie_sezonyi
bajkalskie_sezonyi,9992857,Коттедж (двуспальная кровать и односпальная кровать),9002,2,1,двуспальная кровать и односпальная кровать,"[""двуспальная кровать"", ""односпальная кровать""]","[""double""]","[{""bed"": ""double"", ""count"": 1}, {""bed"": ""single"", ""count"": 1}]",2,24342.00,24600.00,https://ostrovok.ru/hotel/russia/western_siberia_irkutsk_oblast_multi/mid9992857/bajkalskie_sezonyi
royal_hotel_33,6362904,Одноместный номер Standard,3202001,2,2,,,"[""nobedding""]",,1,3913.00,4501.00,https://ostrovok.ru/hotel/russia/western_siberia_irkutsk_oblast_multi/mid6362904/royal_hotel_33
royal_hotel_33,6362904,Двухместный номер Standard с видом на город (2 отдельные кровати),32024020005,2,6,2 отдельные кровати,"[""2 отдельные кровати""]","[""twin""]","[{""bed"": ""single"", ""count"": 2}]",2,4358.00,4953.00,https://ostrovok.ru/hotel/russia/western_siberia_irkutsk_oblast_multi/mid6362904/royal_hotel_33
royal_hotel_33,6362904,Двухместный номер Standard с видом на город (двуспальная кровать),32023020005,2,12,двуспальная кровать,"[""двуспальная кровать""]","[""double""]","[{""bed"": ""double"", ""count"": 1}]",2,5151.00,5745.00,https://ostrovok.ru/hotel/russia/western_siberia_irkutsk_oblast_multi/mid6362904/royal_hotel_33
royal_hotel_33,6362904,Двухместный полулюкс (двуспальная кровать),4002302,2,1,двуспальная кровать,"[""двуспальная кровать""]","[""double""]","[{""bed"": ""double"", ""count"": 1}]",2,6538.00,7132.00,https://ostrovok.ru/hotel/russia/western_siberia_irkutsk_oblast_multi/mid6362904/royal_hotel_33
royal_hotel_33,6362904,Апартаменты с видом на город,60020000005,5,2,,,"[""nobedding""]",,1,8609.00,9426.00,https://ostrovok.ru/hotel/russia/western_siberia_irkutsk_oblast_multi/mid6362904/royal_hotel_33
baykal_khan_hotel_olkhon,6848973,Двухместный номер Standard с балконом и с красивым видом из окна (двуспальная кровать),3202302001U,2,6,двуспальная кровать,"[""двуспальная кровать""]","[""double""]","[{""bed"": ""double"", ""count"": 1}]",2,14589.00,14750.00,https://ostrovok.ru/hotel/russia/western_siberia_irkutsk_oblast_multi/mid6848973/baykal_khan_hotel_olkhon
baykal_khan_hotel_olkhon,6848973,Двухместный номер Standard с балконом и с красивым видом из окна (2 отдельные кровати),3202402001U,2,21,2 отдельные кровати,"[""2 отдельные кровати""]","[""twin""]","[{""bed"": ""single"", ""count"": 2}]",2,14589.00,14750.00,https://ostrovok.ru/hotel/russia/western_siberia_irkutsk_oblast_multi/mid6848973/baykal_khan_hotel_olkhon
baykal_khan_hotel_olkhon,6848973,Двухместный номер Superior с балконом и с красивым видом из окна (двуспальная кровать),3502302001U,2,1,двуспальная кровать,"[""двуспальная кровать""]","[""double""]","[{""bed"": ""double"", ""count"": 1}]",2,16924.00,17110.00,https://ostrovok.ru/hotel/russia/western_siberia_irkutsk_oblast_multi/mid6848973/baykal_khan_hotel_olkhon
baykal_khan_hotel_olkhon,6848973,Двухместный номер Superior с балконом и с красивым видом из окна (2 отдельные кровати),3502402001U,2,2,2 отдельные кровати,"[""2 отдельные кровати""]","[""twin""]","[{""bed"": ""single"", ""count"": 2}]",2,16924.00,17110.00,https://ostrovok.ru/hotel/russia/western_siberia_irkutsk_oblast_multi/mid6848973/baykal_khan_hotel_olkhon
eko_baikalwood_hotel,8737003,Двухместный номер Standard с видом на внутренний двор (2 отдельные кровати),32024020006,1,1,2 отдельные кровати,"[""2 отдельные кровати""]","[""twin""]","[{""bed"": ""single"", ""count"": 2}]",2,10925.00,10925.00,https://ostrovok.ru/hotel/russia/western_siberia_irkutsk_oblast_multi/mid8737003/eko_baikalwood_hotel
eko_baikalwood_hotel,8737003,Двухместный номер Standard с видом на внутренний двор (двуспальная кровать),32023020006,1,1,двуспальная кровать,"[""двуспальная кровать""]","[""double""]","[{""bed"": ""double"", ""count"": 1}]",2,10925.00,10925.00,https://ostrovok.ru/hotel/russia/western_siberia_irkutsk_oblast_multi/mid8737003/eko_baikalwood_hotel
eko_baikalwood_hotel,8737003,Двухместный номер Deluxe с видом на озеро (двуспальная кровать),3602302000D,1,2,двуспальная кровать,"[""двуспальная кровать""]","[""double""]","[{""bed"": ""double"", ""count"": 1}]",2,16675.00,16675.00,https://ostrovok.ru/hotel/russia/western_siberia_irkutsk_oblast_multi/mid8737003/eko_baikalwood_hotel
eko_baikalwood_hotel,8737003,Двухместный номер Deluxe с видом на озеро (2 отдельные кровати),3602402000D,1,2,2 отдельные кровати,"[""2 отдельные кровати""]","[""twin""]","[{""bed"": ""single"", ""count"": 2}]",2,16675.00,16675.00,https://ostrovok.ru/hotel/russia/western_siberia_irkutsk_oblast_multi/mid8737003/eko_baikalwood_hotel
eko_baikalwood_hotel,8737003,Двухместный полулюкс с видом на озеро (двуспальная кровать),4002302000D,1,24,двуспальная кровать,"[""двуспальная кровать""]","[""double""]","[{""bed"": ""double"", ""count"": 1}]",2,16675.00,16675.00,https://ostrovok.ru/hotel/russia/western_siberia_irkutsk_oblast_multi/mid8737003/eko_baikalwood_hotel
eko_baikalwood_hotel,8737003,Двухместный полулюкс с видом на озеро (2 отдельные кровати),4002402000D,1,24,2 отдельные кровати,"[""2 отдельные кровати""]","[""twin""]","[{""bed"": ""single"", ""count"": 2}]",2,16675.00,16675.00,https://ostrovok.ru/hotel/russia/western_siberia_irkutsk_oblast_multi/mid8737003/eko_baikalwood_hotel
eko_baikalwood_hotel,8737003,Двухместный люкс с балконом и с видом на озеро (двуспальная кровать),5002302001D,1,8,двуспальная кровать,"[""двуспальная кровать""]","[""double""]","[{""bed"": ""double"", ""count"": 1}]",2,17825.00,17825.00,https://ostrovok.ru/hotel/russia/western_siberia_irkutsk_oblast_multi/mid8737003/eko_baikalwood_hotel
eko_baikalwood_hotel,8737003,Двухместный люкс с балконом и с видом на озеро (2 отдельные кровати),5002402001D,1,8,2 отдельные кровати,"[""2 отдельные кровати""]","[""twin""]","[{""bed"": ""single"", ""count"": 2}]",2,17825.00,17825.00,https://ostrovok.ru/hotel/russia/western_siberia_irkutsk_oblast_multi/mid8737003/eko_baikalwood_hotel
rodnye_berega_holiday_park_,6513363,Номер Standard (двухъярусная кровать и односпальная кровать),3202,2,2,двухъярусная кровать и односпальная кровать,"[""двухъярусная кровать"", ""односпальная кровать""]","[""bunk-bed""]","[{""bed"": ""single"", ""count"": 1}, {""bed"": ""bunk-bed"", ""count"": 1}]",1,10000.00,10000.00,https://ostrovok.ru/hotel/russia/western_siberia_irkutsk_oblast_multi/mid6513363/rodnye_berega_holiday_park_
rodnye_berega_holiday_park_,6513363,Апартаменты c 1 комнатой,600200001,2,1,,,"[""nobedding""]",,1,20000.00,30000.00,https://ostrovok.ru/hotel/russia/western_siberia_irkutsk_oblast_multi/mid6513363/rodnye_berega_holiday_park_
hotel_barguzin,10012829,Трёхместный номер Superior,3502003,2,2,,,"[""nobedding""]",,3,7916.00,8000.00,https://ostrovok.ru/hotel/russia/western_siberia_irkutsk_oblast_multi/mid10012829/hotel_barguzin
hotel_barguzin,10012829,Трёхместный номер Standard,3202003,2,2,,,"[""nobedding""]",,3,7916.00,8000.00,https://ostrovok.ru/hotel/russia/western_siberia_irkutsk_oblast_multi/mid10012829/hotel_barguzin
hotel_barguzin,10012829,Четырёхместный номер Standard,3202004,2,2,,,"[""nobedding""]",,4,9895.00,10000.00,https://ostrovok.ru/hotel/russia/western_siberia_irkutsk_oblast_multi/mid10012829/hotel_barguzin
hotel_barguzin,10012829,Одноместный семейный номер Standard,3202011,2,2,,,"[""nobedding""]",,3,9895.00,10000.00,https://ostrovok.ru/hotel/russia/western_siberia_irkutsk_oblast_multi/mid10012829/hotel_barguzin
arena_on_sverdlov,10153554,Номер Economy,3102,8,4,,,"[""nobedding""]",,1,3166.00,7700.00,https://ostrovok.ru/hotel/russia/western_siberia_irkutsk_oblast_multi/mid10153554/arena_on_sverdlov
arena_on_sverdlov,10153554,Одноместный номер Economy (односпальная кровать) (в дополнительном здании),3102201,2,4,односпальная кровать,"[""односпальная кровать""]","[""nobedding""]","[{""bed"": ""single"", ""count"": 1}]",1,3168.00,3200.00,https://ostrovok.ru/hotel/russia/western_siberia_irkutsk_oblast_multi/mid10153554/arena_on_sverdlov
arena_on_sverdlov,10153554,Двухместный номер Economy (2 отдельные кровати),3102402,4,6,2 отдельные кровати,"[""2 отдельные кровати""]","[""twin""]","[{""bed"": ""single"", ""count"": 2}]",2,4452.00,4500.00,https://ostrovok.ru/hotel/russia/western_siberia_irkutsk_oblast_multi/mid10153554/arena_on_sverdlov
arena_on_sverdlov,10153554,Трёхместный номер Economy,3102003,2,3,,,"[""nobedding""]",,3,5937.00,6000.00,https://ostrovok.ru/hotel/russia/western_siberia_irkutsk_oblast_multi/mid10153554/arena_on_sverdlov
pribaikalskaya_hotel,10457093,Одноместный номер Standard,3202001,1,3,,,"[""nobedding""]",,1,3960.00,3960.00,https://ostrovok.ru/hotel/russia/western_siberia_irkutsk_oblast_multi/mid10457093/pribaikalskaya_hotel
pribaikalskaya_hotel,10457093,Двухместный номер Standard (2 отдельные кровати),3202402,1,3,2 отдельные кровати,"[""2 отдельные кровати""]","[""twin""]","[{""bed"": ""single"", ""count"": 2}]",2,7054.00,7054.00,https://ostrovok.ru/hotel/russia/western_siberia_irkutsk_oblast_multi/mid10457093/pribaikalskaya_hotel
pribaikalskaya_hotel,10457093,Трёхместный полулюкс,4002003,1,1,,,"[""nobedding""]",,3,10419.00,10419.00,https://ostrovok.ru/hotel/russia/western_siberia_irkutsk_oblast_multi/mid10457093/pribaikalskaya_hotel
olkhon_house_guest_family_house,11278129,Номер Standard (4 отдельные кровати),3202,1,1,4 отдельные кровати,"[""4 отдельные кровати""]","[""nobedding""]","[{""bed"": ""single"", ""count"": 4}]",1,4947.00,4947.00,https://ostrovok.ru/hotel/russia/western_siberia_irkutsk_oblast_multi/mid11278129/olkhon_house_guest_family_house
olkhon_house_guest_family_house,11278129,Двухместный номер Standard (двуспальная кровать),3202302,1,1,двуспальная кровать,"[""двуспальная кровать""]","[""double""]","[{""bed"": ""double"", ""count"": 1}]",2,4947.00,4947.00,https://ostrovok.ru/hotel/russia/western_siberia_irkutsk_oblast_multi/mid11278129/olkhon_house_guest_family_house
olkhon_house_guest_family_house,11278129,Семейный номер Standard (двуспальная кровать и односпальная кровать),320201,1,1,двуспальная кровать и односпальная кровать,"[""двуспальная кровать"", ""односпальная кровать""]","[""double""]","[{""bed"": ""double"", ""count"": 1}, {""bed"": ""single"", ""count"": 1}]",2,5442.00,5442.00,https://ostrovok.ru/hotel/russia/western_siberia_irkutsk_oblast_multi/mid11278129/olkhon_house_guest_family_house
olkhon_house_guest_family_house,11278129,Студия с видом на внутренний двор (двуспальная кровать),70020000006,1,1,двуспальная кровать,"[""двуспальная кровать""]","[""double""]","[{""bed"": ""double"", ""count"": 1}]",2,5937.00,5937.00,https://ostrovok.ru/hotel/russia/western_siberia_irkutsk_oblast_multi/mid11278129/olkhon_house_guest_family_house
trakstop_38_2,10669986,Двухместный номер Superior с красивым видом из окна (2 отдельные кровати),3502402000U,1,7,2 отдельные кровати,"[""2 отдельные кровати""]","[""twin""]","[{""bed"": ""single"", ""count"": 2}]",2,5194.00,5194.00,https://ostrovok.ru/hotel/russia/western_siberia_irkutsk_oblast_multi/mid10669986/trakstop_38_2
trakstop_38_2,10669986,Люкс с 2 комнатами (двуспальная кровать и диван),500200002,2,1,двуспальная кровать и диван,"[""двуспальная кровать"", ""диван""]","[""double""]","[{""bed"": ""double"", ""count"": 1}, {""bed"": ""sofa-bed"", ""count"": 1}]",3,9647.00,9653.00,https://ostrovok.ru/hotel/russia/western_siberia_irkutsk_oblast_multi/mid10669986/trakstop_38_2
khoromy_recreation_camp,13284761,Двухместный номер Standard (2 отдельные кровати),3202402,1,16,2 отдельные кровати,"[""2 отдельные кровати""]","[""twin""]","[{""bed"": ""single"", ""count"": 2}]",2,4000.00,4000.00,https://ostrovok.ru/hotel/russia/western_siberia_irkutsk_oblast_multi/mid13284761/khoromy_recreation_camp
khoromy_recreation_camp,13284761,Люкс с балконом,5002000001,1,9,,,"[""nobedding""]",,1,5000.00,5000.00,https://ostrovok.ru/hotel/russia/western_siberia_irkutsk_oblast_multi/mid13284761/khoromy_recreation_camp
khoromy_recreation_camp,13284761,Двухместные апартаменты с 2 комнатами (двуспальная кровать),600230202,1,3,двуспальная кровать,"[""двуспальная кровать""]","[""double""]","[{""bed"": ""double"", ""count"": 1}]",2,6000.00,6000.00,https://ostrovok.ru/hotel/russia/western_siberia_irkutsk_oblast_multi/mid13284761/khoromy_recreation_camp
mir_baykala_hotel,10219071,Шале,B002,1,16,,,"[""nobedding""]",,1,13853.00,13853.00,https://ostrovok.ru/hotel/russia/western_siberia_irkutsk_oblast_multi/mid10219071/mir_baykala_hotel
mir_baykala_hotel,10219071,Двухместный номер Superior (2 отдельные кровати) (в дополнительном здании),3502402,1,16,2 отдельные кровати,"[""2 отдельные кровати""]","[""twin""]","[{""bed"": ""single"", ""count"": 2}]",2,13860.00,13860.00,https://ostrovok.ru/hotel/russia/western_siberia_irkutsk_oblast_multi/mid10219071/mir_baykala_hotel
mir_baykala_hotel,10219071,Люкс,5002,1,5,,,"[""nobedding""]",,1,15832.00,15832.00,https://ostrovok.ru/hotel/russia/western_siberia_irkutsk_oblast_multi/mid10219071/mir_baykala_hotel
mir_baykala_hotel,10219071,"Двухместный коттедж Premium (двуспальная кровать) (тип кровати может измениться, в дополнительном здании)",9A02302,1,1,двуспальная кровать,"[""двуспальная кровать""]","[""double""]","[{""bed"": ""double"", ""count"": 1}]",2,17819.00,17819.00,https://ostrovok.ru/hotel/russia/western_siberia_irkutsk_oblast_multi/mid10219071/mir_baykala_hotel
lakeplacebaykal_living_quarters,13935081,Двухместный номер Comfort с балконом и с видом на озеро (двуспальная кровать) (тип кровати может измениться),3302302001D,1,2,двуспальная кровать,"[""двуспальная кровать""]","[""double""]","[{""bed"": ""double"", ""count"": 1}]",2,7916.00,7916.00,https://ostrovok.ru/hotel/russia/western_siberia_irkutsk_oblast_multi/mid13935081/lakeplacebaykal_living_quarters
lakeplacebaykal_living_quarters,13935081,Двухместный номер Comfort с балконом и с видом на озеро (2 отдельные кровати) (тип кровати может измениться),3302402001D,1,2,2 отдельные кровати,"[""2 отдельные кровати""]","[""twin""]","[{""bed"": ""single"", ""count"": 2}]",2,7916.00,7916.00,https://ostrovok.ru/hotel/russia/western_siberia_irkutsk_oblast_multi/mid13935081/lakeplacebaykal_living_quarters
baykkalina_guest_house,10011069,Коттедж Comfort,9302,2,1,,,"[""nobedding""]",,1,7916.00,8000.00,https://ostrovok.ru/hotel/russia/western_siberia_irkutsk_oblast_multi/mid10011069/baykkalina_guest_house
aleksandrovskij_dvor,10010389,Номер Standard (2 отдельные кровати и двуспальная кровать),3202,2,3,2 отдельные кровати и двуспальная кровать,"[""2 отдельные кровати"", ""двуспальная кровать""]","[""double""]","[{""bed"": ""double"", ""count"": 1}, {""bed"": ""single"", ""count"": 2}]",4,6827.00,6900.00,https://ostrovok.ru/hotel/russia/western_siberia_irkutsk_oblast_multi/mid10010389/aleksandrovskij_dvor
komilfo_2,9768630,Номер № 13 Двухкомнатный (двуспальная кровать),3B0200002,2,1,двуспальная кровать,"[""двуспальная кровать""]","[""double""]","[{""bed"": ""double"", ""count"": 1}]",2,3459.00,3500.00,https://ostrovok.ru/hotel/russia/western_siberia_irkutsk_oblast_multi/mid9768630/komilfo_2
komilfo_2,9768630,Номер Однокомнатный № 14,3202,2,1,,,"[""nobedding""]",,1,3500.00,3703.00,https://ostrovok.ru/hotel/russia/western_siberia_irkutsk_oblast_multi/mid9768630/komilfo_2
komilfo_2,9768630,Номер № 4 Трехкомнатный (двуспальная кровать и односпальная кровать),360200003,2,1,двуспальная кровать и односпальная кровать,"[""двуспальная кровать"", ""односпальная кровать""]","[""double""]","[{""bed"": ""double"", ""count"": 1}, {""bed"": ""single"", ""count"": 1}]",2,4941.00,5000.00,https://ostrovok.ru/hotel/russia/western_siberia_irkutsk_oblast_multi/mid9768630/komilfo_2
v_gostyakh_u_dubrovskikh_guest_house,13286418,"Семейный коттедж с балконом (2 отдельные кровати, двуспальная кровать и диван)",9002010001,1,1,"2 отдельные кровати, двуспальная кровать и диван","[""2 отдельные кровати"", ""двуспальная кровать"", ""диван""]","[""double""]","[{""bed"": ""double"", ""count"": 1}, {""bed"": ""single"", ""count"": 2}, {""bed"": ""sofa-bed"", ""count"": 1}]",5,19790.00,19790.00,https://ostrovok.ru/hotel/russia/western_siberia_irkutsk_oblast_multi/mid13286418/v_gostyakh_u_dubrovskikh_guest_house
dlya_kompanii_guest_house,13288614,Коттедж с видом на озеро (6 отдельных кроватей и диван) (терраса),9002000000D,2,1,6 отдельных кроватей и диван,"[""6 отдельных кроватей"", ""диван""]","[""sofa-bed""]","[{""bed"": ""single"", ""count"": 6}, {""bed"": ""sofa-bed"", ""count"": 1}]",1,35622.00,36000.00,https://ostrovok.ru/hotel/russia/western_siberia_irkutsk_oblast_multi/mid13288614/dlya_kompanii_guest_house
na_beregu_baykala_guest_house,13299718,Коттедж (2 отдельные кровати и диван) (кухня),9002,2,1,2 отдельные кровати и диван,"[""2 отдельные кровати"", ""диван""]","[""sofa-bed""]","[{""bed"": ""single"", ""count"": 2}, {""bed"": ""sofa-bed"", ""count"": 1}]",3,7421.00,7500.00,https://ostrovok.ru/hotel/russia/western_siberia_irkutsk_oblast_multi/mid13299718/na_beregu_baykala_guest_house
baikalov_ostrog,8850693,Двухместный номер Standard (двуспальная кровать) (тип кровати может измениться),3202302,1,22,двуспальная кровать,"[""двуспальная кровать""]","[""double""]","[{""bed"": ""double"", ""count"": 1}]",2,11490.00,11490.00,https://ostrovok.ru/hotel/russia/western_siberia_irkutsk_oblast_multi/mid8850693/baikalov_ostrog
baikalov_ostrog,8850693,Двухместный номер Standard (2 отдельные кровати),3202402,1,38,2 отдельные кровати,"[""2 отдельные кровати""]","[""twin""]","[{""bed"": ""single"", ""count"": 2}]",2,11490.00,11490.00,https://ostrovok.ru/hotel/russia/western_siberia_irkutsk_oblast_multi/mid8850693/baikalov_ostrog
baikalov_ostrog,8850693,С 3 комнатами,0,1,5,,,"[""nobedding""]",,1,18055.00,18055.00,https://ostrovok.ru/hotel/russia/western_siberia_irkutsk_oblast_multi/mid8850693/baikalov_ostrog
baikalov_ostrog,8850693,Люкс с 2 комнатами,500200002,1,4,,,"[""nobedding""]",,1,19697.00,19697.00,https://ostrovok.ru/hotel/russia/western_siberia_irkutsk_oblast_multi/mid8850693/baikalov_ostrog
baikalov_ostrog,8850693,Люкс с 3 комнатами,500200003,1,1,,,"[""nobedding""]",,1,39394.00,39394.00,https://ostrovok.ru/hotel/russia/western_siberia_irkutsk_oblast_multi/mid8850693/baikalov_ostrog
rezidentsii_rodina_irkutsk,13678434,Дом Курбатова Superior Classic с видом на город (2 отдельные кровати),95020000005,6,11,2 отдельные кровати,"[""2 отдельные кровати""]","[""twin""]","[{""bed"": ""single"", ""count"": 2}]",2,23800.00,28000.00,https://ostrovok.ru/hotel/russia/western_siberia_irkutsk_oblast_multi/mid13678434/rezidentsii_rodina_irkutsk
rezidentsii_rodina_irkutsk,13678434,Дом Курбатова Deluxe Classic с видом на город (двуспальная кровать),96020000005,3,3,двуспальная кровать,"[""двуспальная кровать""]","[""double""]","[{""bed"": ""double"", ""count"": 1}]",2,27625.00,32500.00,https://ostrovok.ru/hotel/russia/western_siberia_irkutsk_oblast_multi/mid13678434/rezidentsii_rodina_irkutsk
rezidentsii_rodina_irkutsk,13678434,Апартаменты Дом Русанова с видом на внутренний двор (двуспальная кровать),60020000006,2,1,двуспальная кровать,"[""двуспальная кровать""]","[""double""]","[{""bed"": ""double"", ""count"": 1}]",2,58000.00,58000.00,https://ostrovok.ru/hotel/russia/western_siberia_irkutsk_oblast_multi/mid13678434/rezidentsii_rodina_irkutsk
glempingotel_yolki_recreation_camp,13723450,"Шале с 2 комнатами с красивым видом из окна (2 отдельные кровати, двуспальная кровать и диван)",B002000020U,1,2,"2 отдельные кровати, двуспальная кровать и диван","[""2 отдельные кровати"", ""двуспальная кровать"", ""диван""]","[""double""]","[{""bed"": ""double"", ""count"": 1}, {""bed"": ""single"", ""count"": 2}, {""bed"": ""sofa-bed"", ""count"": 1}]",5,14842.00,14842.00,https://ostrovok.ru/hotel/russia/western_siberia_irkutsk_oblast_multi/mid13723450/glempingotel_yolki_recreation_camp
glempingotel_yolki_recreation_camp,13723450,"Шале с 2 комнатами с видом на внутренний двор (2 отдельные кровати, двуспальная кровать и диван)",B0020000206,1,2,"2 отдельные кровати, двуспальная кровать и диван","[""2 отдельные кровати"", ""двуспальная кровать"", ""диван""]","[""double""]","[{""bed"": ""double"", ""count"": 1}, {""bed"": ""single"", ""count"": 2}, {""bed"": ""sofa-bed"", ""count"": 1}]",5,14842.00,14842.00,https://ostrovok.ru/hotel/russia/western_siberia_irkutsk_oblast_multi/mid13723450/glempingotel_yolki_recreation_camp
maksi_hotel,13793223,Номер Standard (2 отдельные кровати),3202,2,2,2 отдельные кровати,"[""2 отдельные кровати""]","[""twin""]","[{""bed"": ""single"", ""count"": 2}]",2,3463.00,3500.00,https://ostrovok.ru/hotel/russia/western_siberia_irkutsk_oblast_multi/mid13793223/maksi_hotel
hotel_arakhis,13963961,Номер Economy с видом на город (двуспальная кровать),31020000005,4,2,двуспальная кровать,"[""двуспальная кровать""]","[""double""]","[{""bed"": ""double"", ""count"": 1}]",2,3462.00,3500.00,https://ostrovok.ru/hotel/russia/western_siberia_irkutsk_oblast_multi/mid13963961/hotel_arakhis
hotel_arakhis,13963961,Номер Standard с видом на город (2 отдельные кровати),32020000005,6,3,2 отдельные кровати,"[""2 отдельные кровати""]","[""twin""]","[{""bed"": ""single"", ""count"": 2}]",2,4040.00,4300.00,https://ostrovok.ru/hotel/russia/western_siberia_irkutsk_oblast_multi/mid13963961/hotel_arakhis
hotel_arakhis,13963961,Семейный номер Standard с видом на город (2 отдельные кровати и двуспальная кровать),32020100005,6,1,2 отдельные кровати и двуспальная кровать,"[""2 отдельные кровати"", ""двуспальная кровать""]","[""double""]","[{""bed"": ""double"", ""count"": 1}, {""bed"": ""single"", ""count"": 2}]",4,6107.00,6500.00,https://ostrovok.ru/hotel/russia/western_siberia_irkutsk_oblast_multi/mid13963961/hotel_arakhis
living_quarters_uyutnye_dlya_dvoikh,13970207,Номер Standard с видом на город (двуспальная кровать),32020000005,1,5,двуспальная кровать,"[""двуспальная кровать""]","[""double""]","[{""bed"": ""double"", ""count"": 1}]",2,2011.00,2011.00,https://ostrovok.ru/hotel/russia/western_siberia_irkutsk_oblast_multi/mid13970207/living_quarters_uyutnye_dlya_dvoikh
