ota_hotel_id,master_id,room_name,rg_hash,count_rg_hash,allotment,bedding_type,beds,bedding_data,multi_bed_data,capacity,price_rub_min,price_rub_max,url
taiga_2,6923154,Двухместный номер Standard с видом на город (двуспальная кровать),32023020005,2,29,двуспальная кровать,"[""двуспальная кровать""]","[""double""]","[{""bed"": ""double"", ""count"": 1}]",2,5531.00,6469.00,https://ostrovok.ru/hotel/russia/western_siberia_irkutsk_oblast_multi/mid6923154/taiga_2
taiga_2,6923154,Номер Superior с видом на город,35020000005,2,26,,,"[""nobedding""]",,1,6660.00,7598.00,https://ostrovok.ru/hotel/russia/western_siberia_irkutsk_oblast_multi/mid6923154/taiga_2
taiga_2,6923154,Люкс с красивым видом из окна,5002000000U,2,5,,,"[""nobedding""]",,1,10611.00,11549.00,https://ostrovok.ru/hotel/russia/western_siberia_irkutsk_oblast_multi/mid6923154/taiga_2
angara_hotel,7806182,Одноместный номер Стандарт,3202001,4,4,,,"[""nobedding""]",,1,5190.00,5500.00,https://ostrovok.ru/hotel/russia/western_siberia_irkutsk_oblast_multi/mid7806182/angara_hotel
angara_hotel,7806182,Одноместный номер Стандарт +,3402001,4,1,,,"[""nobedding""]",,1,5685.00,6000.00,https://ostrovok.ru/hotel/russia/western_siberia_irkutsk_oblast_multi/mid7806182/angara_hotel
angara_hotel,7806182,Двухместный номер Стандарт (2 отдельные кровати),3202402,4,3,2 отдельные кровати,"[""2 отдельные кровати""]","[""twin""]","[{""bed"": ""single"", ""count"": 2}]",2,5981.00,7100.00,https://ostrovok.ru/hotel/russia/western_siberia_irkutsk_oblast_multi/mid7806182/angara_hotel
angara_hotel,7806182,Двухместный номер Стандарт + (двуспальная кровать),3402302,4,1,двуспальная кровать,"[""двуспальная кровать""]","[""double""]","[{""bed"": ""double"", ""count"": 1}]",2,6575.00,6900.00,https://ostrovok.ru/hotel/russia/western_siberia_irkutsk_oblast_multi/mid7806182/angara_hotel
angara_hotel,7806182,Двухместный номер Стандарт + (2 отдельные кровати),3402402,4,19,2 отдельные кровати,"[""2 отдельные кровати""]","[""twin""]","[{""bed"": ""single"", ""count"": 2}]",2,6575.00,6900.00,https://ostrovok.ru/hotel/russia/western_siberia_irkutsk_oblast_multi/mid7806182/angara_hotel
angara_hotel,7806182,Двухместный Джуниор Сюит (двуспальная кровать) (кровать queen size),4002302,4,4,двуспальная кровать,"[""двуспальная кровать""]","[""double""]","[{""bed"": ""double"", ""count"": 1}]",2,8750.00,9100.00,https://ostrovok.ru/hotel/russia/western_siberia_irkutsk_oblast_multi/mid7806182/angara_hotel
klubnyij_kvartal_apartments,9081992,Студия,7002,2,1,,,"[""nobedding""]",,1,3500.00,3500.00,https://ostrovok.ru/hotel/russia/western_siberia_irkutsk_oblast_multi/mid9081992/klubnyij_kvartal_apartments
klubnyij_kvartal_apartments,9081992,Апартаменты,6002,2,5,,,"[""nobedding""]",,1,4100.00,4100.00,https://ostrovok.ru/hotel/russia/western_siberia_irkutsk_oblast_multi/mid9081992/klubnyij_kvartal_apartments
tajga_hotel,9767827,Двухместный номер Стандартный (2 отдельные кровати),3202402,4,2,2 отдельные кровати,"[""2 отдельные кровати""]","[""twin""]","[{""bed"": ""single"", ""count"": 2}]",2,6208.00,6940.00,https://ostrovok.ru/hotel/russia/western_siberia_irkutsk_oblast_multi/mid9767827/tajga_hotel
tajga_hotel,9767827,Двухместный номер Стандартный (двуспальная кровать),3202302,4,3,двуспальная кровать,"[""двуспальная кровать""]","[""double""]","[{""bed"": ""double"", ""count"": 1}]",2,6528.00,6940.00,https://ostrovok.ru/hotel/russia/western_siberia_irkutsk_oblast_multi/mid9767827/tajga_hotel
lyuks_hotel_4,10613305,Двухместный номер Standard (двуспальная кровать) (кровать queen size),3202302,2,1,двуспальная кровать,"[""двуспальная кровать""]","[""double""]","[{""bed"": ""double"", ""count"": 1}]",2,2473.00,2500.00,https://ostrovok.ru/hotel/russia/western_siberia_irkutsk_oblast_multi/mid10613305/lyuks_hotel_4
lyuks_hotel_4,10613305,Двухместный номер Standard (2 отдельные кровати),3202402,2,3,2 отдельные кровати,"[""2 отдельные кровати""]","[""twin""]","[{""bed"": ""single"", ""count"": 2}]",2,2968.00,3000.00,https://ostrovok.ru/hotel/russia/western_siberia_irkutsk_oblast_multi/mid10613305/lyuks_hotel_4
lyuks_hotel_4,10613305,"Двухместный люкс с 2 комнатами (двуспальная кровать) (кровать queen size, диван)",500230202,2,1,двуспальная кровать,"[""двуспальная кровать""]","[""double""]","[{""bed"": ""double"", ""count"": 1}]",2,4947.00,5000.00,https://ostrovok.ru/hotel/russia/western_siberia_irkutsk_oblast_multi/mid10613305/lyuks_hotel_4
dohodnyij_dom_listratvoj_butikhotel,9024017,Одноместный номер Standard,3202001,2,6,,,"[""nobedding""]",,1,3163.50,3330.00,https://ostrovok.ru/hotel/russia/western_siberia_irkutsk_oblast_multi/mid9024017/dohodnyij_dom_listratvoj_butikhotel
dohodnyij_dom_listratvoj_butikhotel,9024017,Двухместный номер Standard (2 отдельные кровати),3202402,2,1,2 отдельные кровати,"[""2 отдельные кровати""]","[""twin""]","[{""bed"": ""single"", ""count"": 2}]",2,3690.75,3885.00,https://ostrovok.ru/hotel/russia/western_siberia_irkutsk_oblast_multi/mid9024017/dohodnyij_dom_listratvoj_butikhotel
dohodnyij_dom_listratvoj_butikhotel,9024017,Двухместный номер Standard с видом на внутренний двор (двуспальная кровать),32023020006,2,1,двуспальная кровать,"[""двуспальная кровать""]","[""double""]","[{""bed"": ""double"", ""count"": 1}]",2,3885.00,3885.00,https://ostrovok.ru/hotel/russia/western_siberia_irkutsk_oblast_multi/mid9024017/dohodnyij_dom_listratvoj_butikhotel
dohodnyij_dom_listratvoj_butikhotel,9024017,Двухместный номер Comfort (двуспальная кровать),3302302,2,1,двуспальная кровать,"[""двуспальная кровать""]","[""double""]","[{""bed"": ""double"", ""count"": 1}]",2,4218.00,4440.00,https://ostrovok.ru/hotel/russia/western_siberia_irkutsk_oblast_multi/mid9024017/dohodnyij_dom_listratvoj_butikhotel
dohodnyij_dom_listratvoj_butikhotel,9024017,Двухместный полулюкс (двуспальная кровать) (кровать king size),4002302,2,1,двуспальная кровать,"[""двуспальная кровать""]","[""double""]","[{""bed"": ""double"", ""count"": 1}]",2,4745.25,4995.00,https://ostrovok.ru/hotel/russia/western_siberia_irkutsk_oblast_multi/mid9024017/dohodnyij_dom_listratvoj_butikhotel
dohodnyij_dom_listratvoj_butikhotel,9024017,Двухместный люкс с 2 комнатами (двуспальная кровать) (диван),500230202,2,1,двуспальная кровать,"[""двуспальная кровать""]","[""double""]","[{""bed"": ""double"", ""count"": 1}]",2,5272.50,5550.00,https://ostrovok.ru/hotel/russia/western_siberia_irkutsk_oblast_multi/mid9024017/dohodnyij_dom_listratvoj_butikhotel
azimut_aeroport_irkutsk_hotel,13317260,Двухместный номер Стандарт для людей с ограниченными возможностями с видом на город (двуспальная кровать) (для гостей с ограниченными возможностями),3I023020005,4,3,двуспальная кровать,"[""двуспальная кровать""]","[""double""]","[{""bed"": ""double"", ""count"": 1}]",2,7500.00,8350.00,https://ostrovok.ru/hotel/russia/western_siberia_irkutsk_oblast_multi/mid13317260/azimut_aeroport_irkutsk_hotel
azimut_aeroport_irkutsk_hotel,13317260,Двухместный номер Standard (двуспальная кровать),3202302,4,3,двуспальная кровать,"[""двуспальная кровать""]","[""double""]","[{""bed"": ""double"", ""count"": 1}]",2,7500.00,8350.00,https://ostrovok.ru/hotel/russia/western_siberia_irkutsk_oblast_multi/mid13317260/azimut_aeroport_irkutsk_hotel
azimut_aeroport_irkutsk_hotel,13317260,Двухместный номер Standard (2 отдельные кровати),3202402,4,22,2 отдельные кровати,"[""2 отдельные кровати""]","[""twin""]","[{""bed"": ""single"", ""count"": 2}]",2,7500.00,8350.00,https://ostrovok.ru/hotel/russia/western_siberia_irkutsk_oblast_multi/mid13317260/azimut_aeroport_irkutsk_hotel
azimut_aeroport_irkutsk_hotel,13317260,Двухместный номер Superior с красивым видом из окна (двуспальная кровать),3502302000U,4,3,двуспальная кровать,"[""двуспальная кровать""]","[""double""]","[{""bed"": ""double"", ""count"": 1}]",2,8200.00,9050.00,https://ostrovok.ru/hotel/russia/western_siberia_irkutsk_oblast_multi/mid13317260/azimut_aeroport_irkutsk_hotel
azimut_aeroport_irkutsk_hotel,13317260,Двухместный люкс (двуспальная кровать) (диван),5002302,4,3,двуспальная кровать,"[""двуспальная кровать""]","[""double""]","[{""bed"": ""double"", ""count"": 1}]",2,14000.00,14850.00,https://ostrovok.ru/hotel/russia/western_siberia_irkutsk_oblast_multi/mid13317260/azimut_aeroport_irkutsk_hotel
azimut_aeroport_irkutsk_hotel,13317260,Двухместный люкс (2 отдельные кровати) (диван),5002402,4,3,2 отдельные кровати,"[""2 отдельные кровати""]","[""sofa-bed""]","[{""bed"": ""single"", ""count"": 2}]",2,14000.00,14850.00,https://ostrovok.ru/hotel/russia/western_siberia_irkutsk_oblast_multi/mid13317260/azimut_aeroport_irkutsk_hotel
otel_irkut,8348721,Одноместный номер Standard,3202001,2,1,,,"[""nobedding""]",,1,3313.00,3350.00,https://ostrovok.ru/hotel/russia/western_siberia_irkutsk_oblast_multi/mid8348721/otel_irkut
otel_irkut,8348721,Двухместный номер Standard (2 отдельные кровати),3202402,2,2,2 отдельные кровати,"[""2 отдельные кровати""]","[""twin""]","[{""bed"": ""single"", ""count"": 2}]",2,4154.00,4200.00,https://ostrovok.ru/hotel/russia/western_siberia_irkutsk_oblast_multi/mid8348721/otel_irkut
otel_irkut,8348721,Двухместный номер Standard (двуспальная кровать),3202302,2,1,двуспальная кровать,"[""двуспальная кровать""]","[""double""]","[{""bed"": ""double"", ""count"": 1}]",2,4154.00,4200.00,https://ostrovok.ru/hotel/russia/western_siberia_irkutsk_oblast_multi/mid8348721/otel_irkut
otel_irkut,8348721,Двухместный номер Superior (двуспальная кровать),3502302,2,1,двуспальная кровать,"[""двуспальная кровать""]","[""double""]","[{""bed"": ""double"", ""count"": 1}]",2,4747.00,4800.00,https://ostrovok.ru/hotel/russia/western_siberia_irkutsk_oblast_multi/mid8348721/otel_irkut
otel_irkut,8348721,Двухместный номер Superior (2 отдельные кровати),3502402,2,2,2 отдельные кровати,"[""2 отдельные кровати""]","[""twin""]","[{""bed"": ""single"", ""count"": 2}]",2,4747.00,4800.00,https://ostrovok.ru/hotel/russia/western_siberia_irkutsk_oblast_multi/mid8348721/otel_irkut
otel_irkut,8348721,Двухместный номер Standard Premium (двуспальная кровать),3A02302,2,1,двуспальная кровать,"[""двуспальная кровать""]","[""double""]","[{""bed"": ""double"", ""count"": 1}]",2,6726.00,6800.00,https://ostrovok.ru/hotel/russia/western_siberia_irkutsk_oblast_multi/mid8348721/otel_irkut
baza_otdykha_gostiny_dvor_vdokhnovenie,10438999,Двухместное бунгало с видом на внутренний двор (2 отдельные кровати) (терраса),A0024020006,1,1,2 отдельные кровати,"[""2 отдельные кровати""]","[""twin""]","[{""bed"": ""single"", ""count"": 2}]",2,6000.00,6000.00,https://ostrovok.ru/hotel/russia/western_siberia_irkutsk_oblast_multi/mid10438999/baza_otdykha_gostiny_dvor_vdokhnovenie
baza_otdykha_gostiny_dvor_vdokhnovenie,10438999,Двухместный номер Standard (2 отдельные кровати),3202402,1,5,2 отдельные кровати,"[""2 отдельные кровати""]","[""twin""]","[{""bed"": ""single"", ""count"": 2}]",2,6000.00,6000.00,https://ostrovok.ru/hotel/russia/western_siberia_irkutsk_oblast_multi/mid10438999/baza_otdykha_gostiny_dvor_vdokhnovenie
baza_otdykha_gostiny_dvor_vdokhnovenie,10438999,Люкс Premium с балконом и с красивым видом из окна,5A02000001U,1,3,,,"[""nobedding""]",,1,10000.00,10000.00,https://ostrovok.ru/hotel/russia/western_siberia_irkutsk_oblast_multi/mid10438999/baza_otdykha_gostiny_dvor_vdokhnovenie
praskovya_guest_house,9999816,Кровать в общем номере (общая ванная комната) (3 кровати),1001,4,1,,,"[""nobedding""]",,1,1781.00,5704.00,https://ostrovok.ru/hotel/russia/western_siberia_irkutsk_oblast_multi/mid9999816/praskovya_guest_house
praskovya_guest_house,9999816,Двухместный номер Economy (общая ванная комната) (2 отдельные кровати) (в главном здании),3101402,2,1,2 отдельные кровати,"[""2 отдельные кровати""]","[""twin""]","[{""bed"": ""single"", ""count"": 2}]",2,1906.00,2330.00,https://ostrovok.ru/hotel/russia/western_siberia_irkutsk_oblast_multi/mid9999816/praskovya_guest_house
praskovya_guest_house,9999816,Одноместный номер Standard,3202001,4,4,,,"[""nobedding""]",,1,3562.00,4221.00,https://ostrovok.ru/hotel/russia/western_siberia_irkutsk_oblast_multi/mid9999816/praskovya_guest_house
praskovya_guest_house,9999816,Двухместный люкс (двуспальная кровать),5002302,2,1,двуспальная кровать,"[""двуспальная кровать""]","[""double""]","[{""bed"": ""double"", ""count"": 1}]",2,4947.00,5000.00,https://ostrovok.ru/hotel/russia/western_siberia_irkutsk_oblast_multi/mid9999816/praskovya_guest_house
rus_hotel_irkutsk,7774831,Одноместный номер Standard (односпальная кровать),3202201,3,13,односпальная кровать,"[""односпальная кровать""]","[""nobedding""]","[{""bed"": ""single"", ""count"": 1}]",1,3640.00,4600.00,https://ostrovok.ru/hotel/russia/western_siberia_irkutsk_oblast_multi/mid7774831/rus_hotel_irkutsk
rus_hotel_irkutsk,7774831,Двухместный номер Standard (двуспальная кровать),3202302,3,10,двуспальная кровать,"[""двуспальная кровать""]","[""double""]","[{""bed"": ""double"", ""count"": 1}]",2,3798.00,4800.00,https://ostrovok.ru/hotel/russia/western_siberia_irkutsk_oblast_multi/mid7774831/rus_hotel_irkutsk
rus_hotel_irkutsk,7774831,Двухместный номер Standard (2 отдельные кровати),3202402,3,10,2 отдельные кровати,"[""2 отдельные кровати""]","[""twin""]","[{""bed"": ""single"", ""count"": 2}]",2,3798.00,4800.00,https://ostrovok.ru/hotel/russia/western_siberia_irkutsk_oblast_multi/mid7774831/rus_hotel_irkutsk
rus_hotel_irkutsk,7774831,Двухместный номер Comfort (2 отдельные кровати),3302402,3,1,2 отдельные кровати,"[""2 отдельные кровати""]","[""twin""]","[{""bed"": ""single"", ""count"": 2}]",2,4827.00,6100.00,https://ostrovok.ru/hotel/russia/western_siberia_irkutsk_oblast_multi/mid7774831/rus_hotel_irkutsk
rus_hotel_irkutsk,7774831,Двухместный номер Comfort (двуспальная кровать),3302302,3,1,двуспальная кровать,"[""двуспальная кровать""]","[""double""]","[{""bed"": ""double"", ""count"": 1}]",2,4827.00,6100.00,https://ostrovok.ru/hotel/russia/western_siberia_irkutsk_oblast_multi/mid7774831/rus_hotel_irkutsk
grand_baikal,8481257,Двухместный номер Standard с красивым видом из окна (2 отдельные кровати),3202402000U,2,4,2 отдельные кровати,"[""2 отдельные кровати""]","[""twin""]","[{""bed"": ""single"", ""count"": 2}]",2,5737.00,6825.00,https://ostrovok.ru/hotel/russia/western_siberia_irkutsk_oblast_multi/mid8481257/grand_baikal
grand_baikal,8481257,Двухместный номер Standard с красивым видом из окна (двуспальная кровать),3202302000U,2,4,двуспальная кровать,"[""двуспальная кровать""]","[""double""]","[{""bed"": ""double"", ""count"": 1}]",2,5737.00,6825.00,https://ostrovok.ru/hotel/russia/western_siberia_irkutsk_oblast_multi/mid8481257/grand_baikal
hotel_premium_hotel_pushkin,13310309,Двухместный номер Делюкс с красивым видом из окна (двуспальная кровать),3602302000U,3,2,двуспальная кровать,"[""двуспальная кровать""]","[""double""]","[{""bed"": ""double"", ""count"": 1}]",2,17100.00,18000.00,https://ostrovok.ru/hotel/russia/western_siberia_irkutsk_oblast_multi/mid13310309/hotel_premium_hotel_pushkin
hotel_premium_hotel_pushkin,13310309,Двухместный номер Гранд Делюкс с видом на внутренний двор (двуспальная кровать),3D023020006,3,1,двуспальная кровать,"[""двуспальная кровать""]","[""double""]","[{""bed"": ""double"", ""count"": 1}]",2,19950.00,21000.00,https://ostrovok.ru/hotel/russia/western_siberia_irkutsk_oblast_multi/mid13310309/hotel_premium_hotel_pushkin
hotel_premium_hotel_pushkin,13310309,Двухместный номер Гранд Делюкс с балконом и с видом на город (двуспальная кровать),3D023020015,3,1,двуспальная кровать,"[""двуспальная кровать""]","[""double""]","[{""bed"": ""double"", ""count"": 1}]",2,21850.00,23000.00,https://ostrovok.ru/hotel/russia/western_siberia_irkutsk_oblast_multi/mid13310309/hotel_premium_hotel_pushkin
hotel_premium_hotel_pushkin,13310309,Двухместный номер Премиум с красивым видом из окна (двуспальная кровать),3A02302000U,3,1,двуспальная кровать,"[""двуспальная кровать""]","[""double""]","[{""bed"": ""double"", ""count"": 1}]",2,24700.00,26000.00,https://ostrovok.ru/hotel/russia/western_siberia_irkutsk_oblast_multi/mid13310309/hotel_premium_hotel_pushkin
hotel_premium_hotel_pushkin,13310309,Двухместный люкс Посольский с балконом и с красивым видом из окна (двуспальная кровать),5C02302001U,3,1,двуспальная кровать,"[""двуспальная кровать""]","[""double""]","[{""bed"": ""double"", ""count"": 1}]",2,36100.00,38000.00,https://ostrovok.ru/hotel/russia/western_siberia_irkutsk_oblast_multi/mid13310309/hotel_premium_hotel_pushkin
hotel_premium_hotel_pushkin,13310309,Двухместный люкс Президентский с красивым видом из окна (двуспальная кровать),5902302000U,3,2,двуспальная кровать,"[""двуспальная кровать""]","[""double""]","[{""bed"": ""double"", ""count"": 1}]",2,45600.00,48000.00,https://ostrovok.ru/hotel/russia/western_siberia_irkutsk_oblast_multi/mid13310309/hotel_premium_hotel_pushkin
mayak_hotel_listvyanka,7816262,Двухместный Джуниор Сьют (главное здание) Улучшенный (2 отдельные кровати) (в главном здании),4502402,1,1,2 отдельные кровати,"[""2 отдельные кровати""]","[""twin""]","[{""bed"": ""single"", ""count"": 2}]",2,16864.00,16864.00,https://ostrovok.ru/hotel/russia/western_siberia_irkutsk_oblast_multi/mid7816262/mayak_hotel_listvyanka
mayak_hotel_listvyanka,7816262,Двухместный Джуниор Сьют (главное здание) Улучшенный (двуспальная кровать) (в главном здании),4502302,1,1,двуспальная кровать,"[""двуспальная кровать""]","[""double""]","[{""bed"": ""double"", ""count"": 1}]",2,16864.00,16864.00,https://ostrovok.ru/hotel/russia/western_siberia_irkutsk_oblast_multi/mid7816262/mayak_hotel_listvyanka
mayak_hotel_listvyanka,7816262,Двухместный номер Семейный (главное здание) с частичным видом на озеро (двуспальная кровать) (в главном здании),3I02302000L,1,3,двуспальная кровать,"[""двуспальная кровать""]","[""double""]","[{""bed"": ""double"", ""count"": 1}]",2,21761.00,21761.00,https://ostrovok.ru/hotel/russia/western_siberia_irkutsk_oblast_multi/mid7816262/mayak_hotel_listvyanka
mayak_hotel_listvyanka,7816262,Двухместный номер Семейный (главное здание) с частичным видом на озеро (2 отдельные кровати) (в главном здании),3I02402000L,1,3,2 отдельные кровати,"[""2 отдельные кровати""]","[""twin""]","[{""bed"": ""single"", ""count"": 2}]",2,21761.00,21761.00,https://ostrovok.ru/hotel/russia/western_siberia_irkutsk_oblast_multi/mid7816262/mayak_hotel_listvyanka
mayak_hotel_listvyanka,7816262,Двухместный Люкс (главное здание) (двуспальная кровать) (в главном здании),5002302,1,1,двуспальная кровать,"[""двуспальная кровать""]","[""double""]","[{""bed"": ""double"", ""count"": 1}]",2,38082.00,38082.00,https://ostrovok.ru/hotel/russia/western_siberia_irkutsk_oblast_multi/mid7816262/mayak_hotel_listvyanka
aristokrat_hotel,8745188,Одноместный номер Economy,3102001,2,4,,,"[""nobedding""]",,1,5100.00,5100.00,https://ostrovok.ru/hotel/russia/western_siberia_irkutsk_oblast_multi/mid8745188/aristokrat_hotel
aristokrat_hotel,8745188,Двухместный номер Standard с видом на город (2 отдельные кровати),32024020005,2,1,2 отдельные кровати,"[""2 отдельные кровати""]","[""twin""]","[{""bed"": ""single"", ""count"": 2}]",2,6100.00,6100.00,https://ostrovok.ru/hotel/russia/western_siberia_irkutsk_oblast_multi/mid8745188/aristokrat_hotel
aristokrat_hotel,8745188,Двухместный номер Standard с видом на город (двуспальная кровать),32023020005,2,1,двуспальная кровать,"[""двуспальная кровать""]","[""double""]","[{""bed"": ""double"", ""count"": 1}]",2,6100.00,6100.00,https://ostrovok.ru/hotel/russia/western_siberia_irkutsk_oblast_multi/mid8745188/aristokrat_hotel
hotel_harats_inn,13752679,Двухместный номер Standard (двуспальная кровать),3202302,2,6,двуспальная кровать,"[""двуспальная кровать""]","[""double""]","[{""bed"": ""double"", ""count"": 1}]",2,5440.00,5500.00,https://ostrovok.ru/hotel/russia/western_siberia_irkutsk_oblast_multi/mid13752679/hotel_harats_inn
hotel_harats_inn,13752679,Двухместный номер Comfort (двуспальная кровать),3302302,2,2,двуспальная кровать,"[""двуспальная кровать""]","[""double""]","[{""bed"": ""double"", ""count"": 1}]",2,6528.00,6600.00,https://ostrovok.ru/hotel/russia/western_siberia_irkutsk_oblast_multi/mid13752679/hotel_harats_inn
hotel_harats_inn,13752679,Двухместный люкс (двуспальная кровать),5002302,2,1,двуспальная кровать,"[""двуспальная кровать""]","[""double""]","[{""bed"": ""double"", ""count"": 1}]",2,7616.00,7700.00,https://ostrovok.ru/hotel/russia/western_siberia_irkutsk_oblast_multi/mid13752679/hotel_harats_inn
tikhaya_gavan_4,9989818,Трёхместный номер Superior,3502003,2,3,,,"[""nobedding""]",,3,4650.00,4700.00,https://ostrovok.ru/hotel/russia/western_siberia_irkutsk_oblast_multi/mid9989818/tikhaya_gavan_4
tikhaya_gavan_4,9989818,Двухместный номер Standard (двуспальная кровать),3202302,2,3,двуспальная кровать,"[""двуспальная кровать""]","[""double""]","[{""bed"": ""double"", ""count"": 1}]",2,4700.00,4770.00,https://ostrovok.ru/hotel/russia/western_siberia_irkutsk_oblast_multi/mid9989818/tikhaya_gavan_4
hotel_nataly_2,7776564,Двухместный номер Economy с красивым видом из окна (общая ванная комната) (2 отдельные кровати),3101402000U,1,2,2 отдельные кровати,"[""2 отдельные кровати""]","[""twin""]","[{""bed"": ""single"", ""count"": 2}]",2,3800.00,3800.00,https://ostrovok.ru/hotel/russia/western_siberia_irkutsk_oblast_multi/mid7776564/hotel_nataly_2
hotel_nataly_2,7776564,Двухместный номер Economy с красивым видом из окна (общая ванная комната) (двуспальная кровать),3101302000U,1,2,двуспальная кровать,"[""двуспальная кровать""]","[""double""]","[{""bed"": ""double"", ""count"": 1}]",2,4500.00,4500.00,https://ostrovok.ru/hotel/russia/western_siberia_irkutsk_oblast_multi/mid7776564/hotel_nataly_2
hotel_nataly_2,7776564,Апартаменты с 2 комнатами,600200002,1,1,,,"[""nobedding""]",,1,7000.00,7000.00,https://ostrovok.ru/hotel/russia/western_siberia_irkutsk_oblast_multi/mid7776564/hotel_nataly_2
miniotel_good_hotel,10013559,Двухместный номер Standard (общая ванная комната) (двуспальная кровать),3201302,1,1,двуспальная кровать,"[""двуспальная кровать""]","[""double""]","[{""bed"": ""double"", ""count"": 1}]",2,2200.00,2200.00,https://ostrovok.ru/hotel/russia/western_siberia_irkutsk_oblast_multi/mid10013559/miniotel_good_hotel
miniotel_good_hotel,10013559,Двухместный номер Superior с красивым видом из окна (двуспальная кровать),3502302000U,1,1,двуспальная кровать,"[""двуспальная кровать""]","[""double""]","[{""bed"": ""double"", ""count"": 1}]",2,2700.00,2700.00,https://ostrovok.ru/hotel/russia/western_siberia_irkutsk_oblast_multi/mid10013559/miniotel_good_hotel
vera_baikal,13308776,Двухместные апартаменты улучшенные Дуплекс (двуспальная кровать),650230200002,2,2,двуспальная кровать,"[""двуспальная кровать""]","[""double""]","[{""bed"": ""double"", ""count"": 1}]",2,10000.00,11400.00,https://ostrovok.ru/hotel/russia/western_siberia_irkutsk_oblast_multi/mid13308776/vera_baikal
atlas_hotel_3,7883850,Двухместный номер Стандарт (двуспальная кровать),3202302,2,1,двуспальная кровать,"[""двуспальная кровать""]","[""double""]","[{""bed"": ""double"", ""count"": 1}]",2,4622.40,4622.40,https://ostrovok.ru/hotel/russia/western_siberia_irkutsk_oblast_multi/mid7883850/atlas_hotel_3
atlas_hotel_3,7883850,Двухместный номер Стандарт (2 отдельные кровати),3202402,2,2,2 отдельные кровати,"[""2 отдельные кровати""]","[""twin""]","[{""bed"": ""single"", ""count"": 2}]",2,4622.40,4622.40,https://ostrovok.ru/hotel/russia/western_siberia_irkutsk_oblast_multi/mid7883850/atlas_hotel_3
atlas_hotel_3,7883850,Двухместный номер Комфoрт (двуспальная кровать),3302302,2,2,двуспальная кровать,"[""двуспальная кровать""]","[""double""]","[{""bed"": ""double"", ""count"": 1}]",2,5392.80,5392.80,https://ostrovok.ru/hotel/russia/western_siberia_irkutsk_oblast_multi/mid7883850/atlas_hotel_3
atlas_hotel_3,7883850,Трёхместный номер Классик,3B02003,2,2,,,"[""nobedding""]",,3,5392.80,5392.80,https://ostrovok.ru/hotel/russia/western_siberia_irkutsk_oblast_multi/mid7883850/atlas_hotel_3
atlas_hotel_3,7883850,Двухместный Джуниор Сюит (двуспальная кровать),4002302,2,1,двуспальная кровать,"[""двуспальная кровать""]","[""double""]","[{""bed"": ""double"", ""count"": 1}]",2,6355.80,6355.80,https://ostrovok.ru/hotel/russia/western_siberia_irkutsk_oblast_multi/mid7883850/atlas_hotel_3
atlas_hotel_3,7883850,"Джуниор Сюит с сауной (с сауной, джакузи)",4802,3,1,,,"[""nobedding""]",,1,8281.80,9202.00,https://ostrovok.ru/hotel/russia/western_siberia_irkutsk_oblast_multi/mid7883850/atlas_hotel_3
mihail_strogov,8469949,Двухместный номер Standard (2 отдельные кровати),3202402,4,1,2 отдельные кровати,"[""2 отдельные кровати""]","[""twin""]","[{""bed"": ""single"", ""count"": 2}]",2,3909.00,4500.00,https://ostrovok.ru/hotel/russia/western_siberia_irkutsk_oblast_multi/mid8469949/mihail_strogov
mihail_strogov,8469949,Двухместный номер Standard с видом на город (2 отдельные кровати),32024020005,4,1,2 отдельные кровати,"[""2 отдельные кровати""]","[""twin""]","[{""bed"": ""single"", ""count"": 2}]",2,3956.00,4500.00,https://ostrovok.ru/hotel/russia/western_siberia_irkutsk_oblast_multi/mid8469949/mihail_strogov
mihail_strogov,8469949,Студия с видом на город,70020000005,2,1,,,"[""nobedding""]",,1,6352.00,6500.00,https://ostrovok.ru/hotel/russia/western_siberia_irkutsk_oblast_multi/mid8469949/mihail_strogov
empire_hotel_3,7829344,Одноместный номер Классик М Мансарда,310200100004,2,1,,,"[""nobedding""]",,1,4900.00,4900.00,https://ostrovok.ru/hotel/russia/western_siberia_irkutsk_oblast_multi/mid7829344/empire_hotel_3
empire_hotel_3,7829344,Одноместный номер Классик,3B02001,2,1,,,"[""nobedding""]",,1,5600.00,5600.00,https://ostrovok.ru/hotel/russia/western_siberia_irkutsk_oblast_multi/mid7829344/empire_hotel_3
empire_hotel_3,7829344,Одноместный номер Комфорт,3302001,2,1,,,"[""nobedding""]",,1,6000.00,6000.00,https://ostrovok.ru/hotel/russia/western_siberia_irkutsk_oblast_multi/mid7829344/empire_hotel_3
empire_hotel_3,7829344,Двухместный джуниор сьюит (двуспальная кровать),4002302,2,1,двуспальная кровать,"[""двуспальная кровать""]","[""double""]","[{""bed"": ""double"", ""count"": 1}]",2,9700.00,9700.00,https://ostrovok.ru/hotel/russia/western_siberia_irkutsk_oblast_multi/mid7829344/empire_hotel_3
empire_hotel_3,7829344,Двухместный люкс (двуспальная кровать),5002302,2,1,двуспальная кровать,"[""двуспальная кровать""]","[""double""]","[{""bed"": ""double"", ""count"": 1}]",2,13100.00,13100.00,https://ostrovok.ru/hotel/russia/western_siberia_irkutsk_oblast_multi/mid7829344/empire_hotel_3
yakovlev_hotel,8742012,Двухместный номер Standard (2 отдельные кровати),3202402,4,4,2 отдельные кровати,"[""2 отдельные кровати""]","[""twin""]","[{""bed"": ""single"", ""count"": 2}]",2,4327.00,5750.00,https://ostrovok.ru/hotel/russia/western_siberia_irkutsk_oblast_multi/mid8742012/yakovlev_hotel
podlemorie_hotel,7679750,Двухместный номер Standard (2 отдельные кровати),3202402,2,1,2 отдельные кровати,"[""2 отдельные кровати""]","[""twin""]","[{""bed"": ""single"", ""count"": 2}]",2,7500.00,7500.00,https://ostrovok.ru/hotel/russia/western_siberia_irkutsk_oblast_multi/mid7679750/podlemorie_hotel
podlemorie_hotel,7679750,Двухместный номер Standard с видом на озеро (2 отдельные кровати),3202402000D,2,2,2 отдельные кровати,"[""2 отдельные кровати""]","[""twin""]","[{""bed"": ""single"", ""count"": 2}]",2,8000.00,8000.00,https://ostrovok.ru/hotel/russia/western_siberia_irkutsk_oblast_multi/mid7679750/podlemorie_hotel
magas,6839053,Кровать в общем номере (мужской номер) (общая ванная комната) (4 кровати),1011,2,3,,,"[""nobedding""]",,1,1780.00,1800.00,https://ostrovok.ru/hotel/russia/western_siberia_irkutsk_oblast_multi/mid6839053/magas
magas,6839053,Кровать в общем номере (женский номер) (общая ванная комната) (4 кровати),1021,2,4,,,"[""nobedding""]",,1,1780.00,1800.00,https://ostrovok.ru/hotel/russia/western_siberia_irkutsk_oblast_multi/mid6839053/magas
magas,6839053,Трёхместный номер Classic,3B02003,2,5,,,"[""nobedding""]",,3,3917.00,3960.00,https://ostrovok.ru/hotel/russia/western_siberia_irkutsk_oblast_multi/mid6839053/magas
magas,6839053,Двухместный номер Standard с видом на город (2 отдельные кровати),32024020005,2,8,2 отдельные кровати,"[""2 отдельные кровати""]","[""twin""]","[{""bed"": ""single"", ""count"": 2}]",2,3917.00,3960.00,https://ostrovok.ru/hotel/russia/western_siberia_irkutsk_oblast_multi/mid6839053/magas
magas,6839053,Двухместный полулюкс (двуспальная кровать),4002302,2,5,двуспальная кровать,"[""двуспальная кровать""]","[""double""]","[{""bed"": ""double"", ""count"": 1}]",2,4629.00,4680.00,https://ostrovok.ru/hotel/russia/western_siberia_irkutsk_oblast_multi/mid6839053/magas
hotel_olkhonhill,10219118,Двухместный номер Standard с балконом и с красивым видом из окна (2 отдельные кровати),3202402001U,1,11,2 отдельные кровати,"[""2 отдельные кровати""]","[""twin""]","[{""bed"": ""single"", ""count"": 2}]",2,6500.00,6500.00,https://ostrovok.ru/hotel/russia/western_siberia_irkutsk_oblast_multi/mid10219118/hotel_olkhonhill
hotel_olkhonhill,10219118,Двухместный номер Standard с красивым видом из окна (двуспальная кровать) (кровать king size),3202302000U,1,2,двуспальная кровать,"[""двуспальная кровать""]","[""double""]","[{""bed"": ""double"", ""count"": 1}]",2,9000.00,9000.00,https://ostrovok.ru/hotel/russia/western_siberia_irkutsk_oblast_multi/mid10219118/hotel_olkhonhill
baykal_shale_guest_house,13431413,Двухместный номер Standard c 1 комнатой с красивым видом из окна (двуспальная кровать),3202302010U,2,1,двуспальная кровать,"[""двуспальная кровать""]","[""double""]","[{""bed"": ""double"", ""count"": 1}]",2,5194.00,5250.00,https://ostrovok.ru/hotel/russia/western_siberia_irkutsk_oblast_multi/mid13431413/baykal_shale_guest_house
izumrud_hotel_7,13287135,Двухместный полулюкс c 1 комнатой (двуспальная кровать),400230201,2,2,двуспальная кровать,"[""двуспальная кровать""]","[""double""]","[{""bed"": ""double"", ""count"": 1}]",2,3463.00,3500.00,https://ostrovok.ru/hotel/russia/western_siberia_irkutsk_oblast_multi/mid13287135/izumrud_hotel_7
izumrud_hotel_7,13287135,Номер Standard,3202,2,4,,,"[""nobedding""]",,1,3707.00,4243.00,https://ostrovok.ru/hotel/russia/western_siberia_irkutsk_oblast_multi/mid13287135/izumrud_hotel_7
izumrud_hotel_7,13287135,Двухместный люкс c 1 комнатой (двуспальная кровать),500230201,2,1,двуспальная кровать,"[""двуспальная кровать""]","[""double""]","[{""bed"": ""double"", ""count"": 1}]",2,4947.00,5000.00,https://ostrovok.ru/hotel/russia/western_siberia_irkutsk_oblast_multi/mid13287135/izumrud_hotel_7
izumrud_hotel_7,13287135,Номер Superior,3502,2,1,,,"[""nobedding""]",,1,5296.00,5820.00,https://ostrovok.ru/hotel/russia/western_siberia_irkutsk_oblast_multi/mid13287135/izumrud_hotel_7
otel_tsentral,8748836,Двухместный номер Standard (2 отдельные кровати) (тип кровати может измениться),3202402,2,8,2 отдельные кровати,"[""2 отдельные кровати""]","[""twin""]","[{""bed"": ""single"", ""count"": 2}]",2,8455.00,8900.00,https://ostrovok.ru/hotel/russia/western_siberia_irkutsk_oblast_multi/mid8748836/otel_tsentral
otel_tsentral,8748836,Двухместный номер Standard (двуспальная кровать) (тип кровати может измениться),3202302,2,8,двуспальная кровать,"[""двуспальная кровать""]","[""double""]","[{""bed"": ""double"", ""count"": 1}]",2,8455.00,8900.00,https://ostrovok.ru/hotel/russia/western_siberia_irkutsk_oblast_multi/mid8748836/otel_tsentral
otel_tsentral,8748836,Двухместный номер Дизайнерский ретро (двуспальная кровать),3B02302,2,5,двуспальная кровать,"[""двуспальная кровать""]","[""double""]","[{""bed"": ""double"", ""count"": 1}]",2,8455.00,8900.00,https://ostrovok.ru/hotel/russia/western_siberia_irkutsk_oblast_multi/mid8748836/otel_tsentral
otel_tsentral,8748836,Двухместный номер Superior (двуспальная кровать),3502302,2,2,двуспальная кровать,"[""двуспальная кровать""]","[""double""]","[{""bed"": ""double"", ""count"": 1}]",2,10355.00,10900.00,https://ostrovok.ru/hotel/russia/western_siberia_irkutsk_oblast_multi/mid8748836/otel_tsentral
otel_tsentral,8748836,Двухместный номер Superior (2 отдельные кровати),3502402,2,2,2 отдельные кровати,"[""2 отдельные кровати""]","[""twin""]","[{""bed"": ""single"", ""count"": 2}]",2,10355.00,10900.00,https://ostrovok.ru/hotel/russia/western_siberia_irkutsk_oblast_multi/mid8748836/otel_tsentral
bolshoe_puteshestvie_hotel,9252749,Трёхместный номер Стандарт с видом на озеро Байкал,3202003000D,1,2,,,"[""nobedding""]",,3,3953.00,3953.00,https://ostrovok.ru/hotel/russia/western_siberia_irkutsk_oblast_multi/mid9252749/bolshoe_puteshestvie_hotel
bolshoe_puteshestvie_hotel,9252749,Номер на 1 этаже Семейный Улучшенный (терраса),35020001,1,1,,,"[""nobedding""]",,3,6918.00,6918.00,https://ostrovok.ru/hotel/russia/western_siberia_irkutsk_oblast_multi/mid9252749/bolshoe_puteshestvie_hotel
bolshoe_puteshestvie_hotel,9252749,Номер на 2 этаже Семейный Улучшенный (терраса),350201,1,1,,,"[""nobedding""]",,3,6918.00,6918.00,https://ostrovok.ru/hotel/russia/western_siberia_irkutsk_oblast_multi/mid9252749/bolshoe_puteshestvie_hotel
bolshoe_puteshestvie_hotel,9252749,Номер Семейный Комфорт,3302,1,1,,,"[""nobedding""]",,3,6922.00,6922.00,https://ostrovok.ru/hotel/russia/western_siberia_irkutsk_oblast_multi/mid9252749/bolshoe_puteshestvie_hotel
bolshoe_puteshestvie_hotel,9252749,Двухместный номер на 2 этаже Стандарт с балконом (2 отдельные кровати) (тип кровати может измениться),3202412001,1,2,2 отдельные кровати,"[""2 отдельные кровати""]","[""twin""]","[{""bed"": ""single"", ""count"": 2}]",2,7412.00,7412.00,https://ostrovok.ru/hotel/russia/western_siberia_irkutsk_oblast_multi/mid9252749/bolshoe_puteshestvie_hotel
bolshoe_puteshestvie_hotel,9252749,Двухместный номер на 2 этаже Стандарт с балконом (двуспальная кровать) (тип кровати может измениться),3202312001,1,2,двуспальная кровать,"[""двуспальная кровать""]","[""double""]","[{""bed"": ""double"", ""count"": 1}]",2,7412.00,7412.00,https://ostrovok.ru/hotel/russia/western_siberia_irkutsk_oblast_multi/mid9252749/bolshoe_puteshestvie_hotel
gostevoj_dom_na_zvezdinskoj,6827039,Двухместный номер Standard (двуспальная кровать) (тип кровати может измениться),3202302,2,15,двуспальная кровать,"[""двуспальная кровать""]","[""double""]","[{""bed"": ""double"", ""count"": 1}]",2,3787.00,3825.00,https://ostrovok.ru/hotel/russia/western_siberia_irkutsk_oblast_multi/mid6827039/gostevoj_dom_na_zvezdinskoj
gostevoj_dom_na_zvezdinskoj,6827039,Двухместный номер Standard (2 отдельные кровати) (тип кровати может измениться),3202402,2,15,2 отдельные кровати,"[""2 отдельные кровати""]","[""twin""]","[{""bed"": ""single"", ""count"": 2}]",2,3787.00,3825.00,https://ostrovok.ru/hotel/russia/western_siberia_irkutsk_oblast_multi/mid6827039/gostevoj_dom_na_zvezdinskoj
gostevoj_dom_na_zvezdinskoj,6827039,Трёхместный номер Standard,3202003,2,5,,,"[""nobedding""]",,3,4950.00,5000.00,https://ostrovok.ru/hotel/russia/western_siberia_irkutsk_oblast_multi/mid6827039/gostevoj_dom_na_zvezdinskoj
mini_hotel_vizit,13384141,Двухместный номер Standard (двуспальная кровать),3202302,2,3,двуспальная кровать,"[""двуспальная кровать""]","[""double""]","[{""bed"": ""double"", ""count"": 1}]",2,2671.00,2700.00,https://ostrovok.ru/hotel/russia/western_siberia_irkutsk_oblast_multi/mid13384141/mini_hotel_vizit
mini_hotel_vizit,13384141,Семейный люкс,500201,2,1,,,"[""nobedding""]",,3,4947.00,5000.00,https://ostrovok.ru/hotel/russia/western_siberia_irkutsk_oblast_multi/mid13384141/mini_hotel_vizit
the_sky_of_lake_baikal,13459275,Номер Standard (общая ванная комната),3201,2,1,,,"[""nobedding""]",,1,3958.00,4000.00,https://ostrovok.ru/hotel/russia/western_siberia_irkutsk_oblast_multi/mid13459275/the_sky_of_lake_baikal
olkhon_inn,10005431,Двухместный номер Economy (2 отдельные кровати),3102402,1,14,2 отдельные кровати,"[""2 отдельные кровати""]","[""twin""]","[{""bed"": ""single"", ""count"": 2}]",2,6650.00,6650.00,https://ostrovok.ru/hotel/russia/western_siberia_irkutsk_oblast_multi/mid10005431/olkhon_inn
olkhon_inn,10005431,Двухместный номер Standard (2 отдельные кровати),3202402,1,21,2 отдельные кровати,"[""2 отдельные кровати""]","[""twin""]","[{""bed"": ""single"", ""count"": 2}]",2,7600.00,7600.00,https://ostrovok.ru/hotel/russia/western_siberia_irkutsk_oblast_multi/mid10005431/olkhon_inn
nochleg_i_zavtrak_bb_shambala,10012287,Двухместный номер Standard с видом на озеро (2 отдельные кровати),3202402000D,1,4,2 отдельные кровати,"[""2 отдельные кровати""]","[""twin""]","[{""bed"": ""single"", ""count"": 2}]",2,6679.00,6679.00,https://ostrovok.ru/hotel/russia/western_siberia_irkutsk_oblast_multi/mid10012287/nochleg_i_zavtrak_bb_shambala
city_park_hotel_13,9987117,Номер Standard с красивым видом из окна,3202000000U,2,1,,,"[""nobedding""]",,1,2529.00,2565.00,https://ostrovok.ru/hotel/russia/western_siberia_irkutsk_oblast_multi/mid9987117/city_park_hotel_13
city_park_hotel_13,9987117,Полулюкс Comfort с красивым видом из окна,4302000000U,2,2,,,"[""nobedding""]",,1,2716.00,2755.00,https://ostrovok.ru/hotel/russia/western_siberia_irkutsk_oblast_multi/mid9987117/city_park_hotel_13
city_park_hotel_13,9987117,Номер Deluxe с балконом и с видом на город,36020000015,2,1,,,"[""nobedding""]",,1,2904.00,2945.00,https://ostrovok.ru/hotel/russia/western_siberia_irkutsk_oblast_multi/mid9987117/city_park_hotel_13
apartamentyi_v_irkutske,9993445,Двухместный номер Standard (общая ванная комната) (двуспальная кровать),3201302,2,1,двуспальная кровать,"[""двуспальная кровать""]","[""double""]","[{""bed"": ""double"", ""count"": 1}]",2,2077.00,2100.00,https://ostrovok.ru/hotel/russia/western_siberia_irkutsk_oblast_multi/mid9993445/apartamentyi_v_irkutske
inn_business_hall,8735100,Двухместный номер Standard с красивым видом из окна (2 отдельные кровати),3202402000U,2,3,2 отдельные кровати,"[""2 отдельные кровати""]","[""twin""]","[{""bed"": ""single"", ""count"": 2}]",2,4420.00,5050.00,https://ostrovok.ru/hotel/russia/western_siberia_irkutsk_oblast_multi/mid8735100/inn_business_hall
inn_business_hall,8735100,Двухместный номер улучшенный стандартный (2 отдельные кровати),3502402,2,2,2 отдельные кровати,"[""2 отдельные кровати""]","[""twin""]","[{""bed"": ""single"", ""count"": 2}]",2,4471.00,5260.00,https://ostrovok.ru/hotel/russia/western_siberia_irkutsk_oblast_multi/mid8735100/inn_business_hall
inn_business_hall,8735100,Двухместный люкс с видом на город (двуспальная кровать),50023020005,3,2,двуспальная кровать,"[""двуспальная кровать""]","[""double""]","[{""bed"": ""double"", ""count"": 1}]",2,7050.00,8730.00,https://ostrovok.ru/hotel/russia/western_siberia_irkutsk_oblast_multi/mid8735100/inn_business_hall
inn_business_hall,8735100,Двухместный номер Deluxe с видом на город (двуспальная кровать),36023020005,2,2,двуспальная кровать,"[""двуспальная кровать""]","[""double""]","[{""bed"": ""double"", ""count"": 1}]",2,7680.00,8100.00,https://ostrovok.ru/hotel/russia/western_siberia_irkutsk_oblast_multi/mid8735100/inn_business_hall
history_boutiquehotel,9741097,Двухместный номер Комфорт с балконом (2 отдельные кровати),3302402001,2,4,2 отдельные кровати,"[""2 отдельные кровати""]","[""twin""]","[{""bed"": ""single"", ""count"": 2}]",2,26433.75,27825.00,https://ostrovok.ru/hotel/russia/western_siberia_irkutsk_oblast_multi/mid9741097/history_boutiquehotel
history_boutiquehotel,9741097,Двухместный номер Комфорт с балконом (двуспальная кровать),3302302001,2,4,двуспальная кровать,"[""двуспальная кровать""]","[""double""]","[{""bed"": ""double"", ""count"": 1}]",2,26433.75,27825.00,https://ostrovok.ru/hotel/russia/western_siberia_irkutsk_oblast_multi/mid9741097/history_boutiquehotel
history_boutiquehotel,9741097,"Двухместный полулюкс Романтик с балконом (двуспальная кровать) (кровать king size, ванна)",4E02302001,2,1,двуспальная кровать,"[""двуспальная кровать""]","[""double""]","[{""bed"": ""double"", ""count"": 1}]",2,34413.75,36225.00,https://ostrovok.ru/hotel/russia/western_siberia_irkutsk_oblast_multi/mid9741097/history_boutiquehotel
history_boutiquehotel,9741097,Двухместный люкс Премьер с балконом (двуспальная кровать) (кровать king size),5702302001,2,1,двуспальная кровать,"[""двуспальная кровать""]","[""double""]","[{""bed"": ""double"", ""count"": 1}]",2,40398.75,42525.00,https://ostrovok.ru/hotel/russia/western_siberia_irkutsk_oblast_multi/mid9741097/history_boutiquehotel
history_boutiquehotel,9741097,Двухместный полулюкс Президент с балконом (двуспальная кровать) (кровать king size),4902302001,2,1,двуспальная кровать,"[""двуспальная кровать""]","[""double""]","[{""bed"": ""double"", ""count"": 1}]",2,67331.25,70875.00,https://ostrovok.ru/hotel/russia/western_siberia_irkutsk_oblast_multi/mid9741097/history_boutiquehotel
gostevoy_dom_holiday_park_on_olkhon,10014649,Двухместный номер Standard (2 отдельные кровати),3202402,2,2,2 отдельные кровати,"[""2 отдельные кровати""]","[""twin""]","[{""bed"": ""single"", ""count"": 2}]",2,5071.00,5130.00,https://ostrovok.ru/hotel/russia/western_siberia_irkutsk_oblast_multi/mid10014649/gostevoy_dom_holiday_park_on_olkhon
baykal_guest_house_3,13308043,Двухместный номер Standard (2 отдельные кровати),3202402,2,1,2 отдельные кровати,"[""2 отдельные кровати""]","[""twin""]","[{""bed"": ""single"", ""count"": 2}]",2,3463.00,3500.00,https://ostrovok.ru/hotel/russia/western_siberia_irkutsk_oblast_multi/mid13308043/baykal_guest_house_3
baykal_guest_house_3,13308043,Номер Standard с видом на озеро,3202000000D,2,1,,,"[""nobedding""]",,1,3463.00,3500.00,https://ostrovok.ru/hotel/russia/western_siberia_irkutsk_oblast_multi/mid13308043/baykal_guest_house_3
baykal_guest_house_3,13308043,Семейный номер Classic с видом на озеро,3B02010000D,2,1,,,"[""nobedding""]",,3,3760.00,3800.00,https://ostrovok.ru/hotel/russia/western_siberia_irkutsk_oblast_multi/mid13308043/baykal_guest_house_3
baykal_guest_house_3,13308043,Номер Standard с 3 комнатами с видом на озеро,3202000030D,2,3,,,"[""nobedding""]",,1,3760.00,3800.00,https://ostrovok.ru/hotel/russia/western_siberia_irkutsk_oblast_multi/mid13308043/baykal_guest_house_3
baykal_guest_house_3,13308043,Кровать в общем номере с видом на внутренний двор (общая ванная комната) (4 кровати),10010000006,2,2,,,"[""nobedding""]",,1,4452.00,4500.00,https://ostrovok.ru/hotel/russia/western_siberia_irkutsk_oblast_multi/mid13308043/baykal_guest_house_3
wind_lake_guest_house,13437748,Номер Superior с видом на город,35020000005,1,1,,,"[""nobedding""]",,1,17606.00,17606.00,https://ostrovok.ru/hotel/russia/western_siberia_irkutsk_oblast_multi/mid13437748/wind_lake_guest_house
wind_lake_guest_house,13437748,Семейный номер Superior с 2 комнатами с видом на город,35020100205,1,1,,,"[""nobedding""]",,3,26904.00,26904.00,https://ostrovok.ru/hotel/russia/western_siberia_irkutsk_oblast_multi/mid13437748/wind_lake_guest_house
wind_lake_guest_house,13437748,Люкс с видом на озеро,5002000000D,1,2,,,"[""nobedding""]",,1,32443.00,32443.00,https://ostrovok.ru/hotel/russia/western_siberia_irkutsk_oblast_multi/mid13437748/wind_lake_guest_house
lotos_hotel,7744038,Двухместный номер Economy (общая ванная комната) (2 отдельные кровати),3101402,2,3,2 отдельные кровати,"[""2 отдельные кровати""]","[""twin""]","[{""bed"": ""single"", ""count"": 2}]",2,2300.00,2300.00,https://ostrovok.ru/hotel/russia/western_siberia_irkutsk_oblast_multi/mid7744038/lotos_hotel
lotos_hotel,7744038,Трёхместный номер Standard,3202003,2,1,,,"[""nobedding""]",,3,3400.00,3400.00,https://ostrovok.ru/hotel/russia/western_siberia_irkutsk_oblast_multi/mid7744038/lotos_hotel
lotos_hotel,7744038,Двухместный номер Standard (двуспальная кровать),3202302,4,3,двуспальная кровать,"[""двуспальная кровать""]","[""double""]","[{""bed"": ""double"", ""count"": 1}]",2,3500.00,4100.00,https://ostrovok.ru/hotel/russia/western_siberia_irkutsk_oblast_multi/mid7744038/lotos_hotel
lotos_hotel,7744038,Двухместный номер Standard (2 отдельные кровати),3202402,4,2,2 отдельные кровати,"[""2 отдельные кровати""]","[""twin""]","[{""bed"": ""single"", ""count"": 2}]",2,3500.00,4100.00,https://ostrovok.ru/hotel/russia/western_siberia_irkutsk_oblast_multi/mid7744038/lotos_hotel
lotos_hotel,7744038,Двухместный номер Superior (2 отдельные кровати),3502402,4,6,2 отдельные кровати,"[""2 отдельные кровати""]","[""twin""]","[{""bed"": ""single"", ""count"": 2}]",2,3800.00,4700.00,https://ostrovok.ru/hotel/russia/western_siberia_irkutsk_oblast_multi/mid7744038/lotos_hotel
bajkal_severnoe_more_hotel,8526970,Двухместный номер Standard с видом на город (двуспальная кровать),32023020005,6,2,двуспальная кровать,"[""двуспальная кровать""]","[""double""]","[{""bed"": ""double"", ""count"": 1}]",2,8116.00,11330.00,https://ostrovok.ru/hotel/russia/western_siberia_irkutsk_oblast_multi/mid8526970/bajkal_severnoe_more_hotel
bajkal_severnoe_more_hotel,8526970,Двухместный номер Standard с видом на город (2 отдельные кровати),32024020005,6,2,2 отдельные кровати,"[""2 отдельные кровати""]","[""twin""]","[{""bed"": ""single"", ""count"": 2}]",2,8116.00,11330.00,https://ostrovok.ru/hotel/russia/western_siberia_irkutsk_oblast_multi/mid8526970/bajkal_severnoe_more_hotel
bajkal_severnoe_more_hotel,8526970,Номер Standard с балконом и с видом на город,32020000015,6,3,,,"[""nobedding""]",,1,8654.00,11880.00,https://ostrovok.ru/hotel/russia/western_siberia_irkutsk_oblast_multi/mid8526970/bajkal_severnoe_more_hotel
bajkal_severnoe_more_hotel,8526970,Двухместный номер Superior с видом на реку (2 отдельные кровати),3502402000N,6,4,2 отдельные кровати,"[""2 отдельные кровати""]","[""twin""]","[{""bed"": ""single"", ""count"": 2}]",2,9192.00,12430.00,https://ostrovok.ru/hotel/russia/western_siberia_irkutsk_oblast_multi/mid8526970/bajkal_severnoe_more_hotel
bajkal_severnoe_more_hotel,8526970,Полулюкс с видом на реку,4002000000N,6,3,,,"[""nobedding""]",,1,10267.00,13530.00,https://ostrovok.ru/hotel/russia/western_siberia_irkutsk_oblast_multi/mid8526970/bajkal_severnoe_more_hotel
bajkal_severnoe_more_hotel,8526970,Люкс Executive с видом на реку,5802000000N,6,5,,,"[""nobedding""]",,1,15750.00,19140.00,https://ostrovok.ru/hotel/russia/western_siberia_irkutsk_oblast_multi/mid8526970/bajkal_severnoe_more_hotel
bajkal_severnoe_more_hotel,8526970,Люкс Presidential с видом на реку,5902000000N,6,6,,,"[""nobedding""]",,1,16825.00,20240.00,https://ostrovok.ru/hotel/russia/western_siberia_irkutsk_oblast_multi/mid8526970/bajkal_severnoe_more_hotel
azatai_park_hotel,13757053,Двухместный номер Standard (двуспальная кровать),3202302,1,11,двуспальная кровать,"[""двуспальная кровать""]","[""double""]","[{""bed"": ""double"", ""count"": 1}]",2,14849.00,14849.00,https://ostrovok.ru/hotel/russia/western_siberia_irkutsk_oblast_multi/mid13757053/azatai_park_hotel
azatai_park_hotel,13757053,Люкс с 2 комнатами,500200002,1,1,,,"[""nobedding""]",,1,21779.00,21779.00,https://ostrovok.ru/hotel/russia/western_siberia_irkutsk_oblast_multi/mid13757053/azatai_park_hotel
azatai_park_hotel,13757053,Люкс Premium с 2 комнатами,5A0200002,1,1,,,"[""nobedding""]",,1,21779.00,21779.00,https://ostrovok.ru/hotel/russia/western_siberia_irkutsk_oblast_multi/mid13757053/azatai_park_hotel
parus_18,9996236,Двухместный номер Standard (2 отдельные кровати),3202402,1,1,2 отдельные кровати,"[""2 отдельные кровати""]","[""twin""]","[{""bed"": ""single"", ""count"": 2}]",2,6900.00,6900.00,https://ostrovok.ru/hotel/russia/western_siberia_irkutsk_oblast_multi/mid9996236/parus_18
parus_18,9996236,Двухместный номер Economy с красивым видом из окна (2 отдельные кровати),3102402000U,1,2,2 отдельные кровати,"[""2 отдельные кровати""]","[""twin""]","[{""bed"": ""single"", ""count"": 2}]",2,7500.00,7500.00,https://ostrovok.ru/hotel/russia/western_siberia_irkutsk_oblast_multi/mid9996236/parus_18
parus_18,9996236,Двухместный номер Classic (2 отдельные кровати) (тип кровати может измениться),3B02402,1,2,2 отдельные кровати,"[""2 отдельные кровати""]","[""twin""]","[{""bed"": ""single"", ""count"": 2}]",2,8000.00,8000.00,https://ostrovok.ru/hotel/russia/western_siberia_irkutsk_oblast_multi/mid9996236/parus_18
parus_18,9996236,Двухместный номер Classic (двуспальная кровать) (тип кровати может измениться),3B02302,1,2,двуспальная кровать,"[""двуспальная кровать""]","[""double""]","[{""bed"": ""double"", ""count"": 1}]",2,8000.00,8000.00,https://ostrovok.ru/hotel/russia/western_siberia_irkutsk_oblast_multi/mid9996236/parus_18
miniotel_medveditsa,10019685,Двухместный номер Standard с балконом (общая ванная комната) (2 отдельные кровати),3201402001,2,5,2 отдельные кровати,"[""2 отдельные кровати""]","[""twin""]","[{""bed"": ""single"", ""count"": 2}]",2,4660.00,4710.00,https://ostrovok.ru/hotel/russia/western_siberia_irkutsk_oblast_multi/mid10019685/miniotel_medveditsa
miniotel_medveditsa,10019685,Двухместный номер Standard с балконом (общая ванная комната) (двуспальная кровать),3201302001,2,2,двуспальная кровать,"[""двуспальная кровать""]","[""double""]","[{""bed"": ""double"", ""count"": 1}]",2,4660.00,4710.00,https://ostrovok.ru/hotel/russia/western_siberia_irkutsk_oblast_multi/mid10019685/miniotel_medveditsa
international_hotel_sayen,7384846,Двухместная студия с балконом (двуспальная кровать),7002302001,2,2,двуспальная кровать,"[""двуспальная кровать""]","[""double""]","[{""bed"": ""double"", ""count"": 1}]",2,23700.00,23700.00,https://ostrovok.ru/hotel/russia/western_siberia_irkutsk_oblast_multi/mid7384846/international_hotel_sayen
international_hotel_sayen,7384846,Двухместный люкс с балконом (двуспальная кровать),5002302001,2,1,двуспальная кровать,"[""двуспальная кровать""]","[""double""]","[{""bed"": ""double"", ""count"": 1}]",2,31400.00,31400.00,https://ostrovok.ru/hotel/russia/western_siberia_irkutsk_oblast_multi/mid7384846/international_hotel_sayen
international_hotel_sayen,7384846,Четырёхместный номер Семейный с 2 комнатами,3E0200402,2,1,,,"[""nobedding""]",,4,41000.00,41000.00,https://ostrovok.ru/hotel/russia/western_siberia_irkutsk_oblast_multi/mid7384846/international_hotel_sayen
international_hotel_sayen,7384846,Двухместные апартаменты (двуспальная кровать),6002302,2,1,двуспальная кровать,"[""двуспальная кровать""]","[""double""]","[{""bed"": ""double"", ""count"": 1}]",2,52000.00,52000.00,https://ostrovok.ru/hotel/russia/western_siberia_irkutsk_oblast_multi/mid7384846/international_hotel_sayen
hotel_flagman_olkhona,10019347,Двухместный номер Superior (двуспальная кровать),3502302,3,2,двуспальная кровать,"[""двуспальная кровать""]","[""double""]","[{""bed"": ""double"", ""count"": 1}]",2,13056.00,14800.00,https://ostrovok.ru/hotel/russia/western_siberia_irkutsk_oblast_multi/mid10019347/hotel_flagman_olkhona
hotel_flagman_olkhona,10019347,Двухместный номер Superior (2 отдельные кровати),3502402,3,2,2 отдельные кровати,"[""2 отдельные кровати""]","[""twin""]","[{""bed"": ""single"", ""count"": 2}]",2,13056.00,14800.00,https://ostrovok.ru/hotel/russia/western_siberia_irkutsk_oblast_multi/mid10019347/hotel_flagman_olkhona
baikal_forest_hotel,9825031,Двухместный Suite Business (двуспальная кровать) (диван),9402302,6,4,двуспальная кровать,"[""двуспальная кровать""]","[""double""]","[{""bed"": ""double"", ""count"": 1}]",2,12067.00,13700.00,https://ostrovok.ru/hotel/russia/western_siberia_irkutsk_oblast_multi/mid9825031/baikal_forest_hotel
gostevoy_dom_briz_3,10622187,Двухместный номер Standard (2 отдельные кровати),3202402,1,3,2 отдельные кровати,"[""2 отдельные кровати""]","[""twin""]","[{""bed"": ""single"", ""count"": 2}]",2,4452.00,4452.00,https://ostrovok.ru/hotel/russia/western_siberia_irkutsk_oblast_multi/mid10622187/gostevoy_dom_briz_3
gostevoy_dom_briz_3,10622187,Трёхместный номер Economy с балконом,3102003001,1,1,,,"[""nobedding""]",,3,5442.00,5442.00,https://ostrovok.ru/hotel/russia/western_siberia_irkutsk_oblast_multi/mid10622187/gostevoy_dom_briz_3
guest_house_baykal,13644417,Двухместные апартаменты Superior с красивым видом из окна (2 отдельные кровати) (диван),6502402000U,1,3,2 отдельные кровати,"[""2 отдельные кровати""]","[""sofa-bed""]","[{""bed"": ""single"", ""count"": 2}]",2,7000.00,7000.00,https://ostrovok.ru/hotel/russia/western_siberia_irkutsk_oblast_multi/mid13644417/guest_house_baykal
guest_house_baykal,13644417,"Двухместные апартаменты Superior (двуспальная кровать) (кровать king size, диван)",6502302,1,1,двуспальная кровать,"[""двуспальная кровать""]","[""double""]","[{""bed"": ""double"", ""count"": 1}]",2,8000.00,8000.00,https://ostrovok.ru/hotel/russia/western_siberia_irkutsk_oblast_multi/mid13644417/guest_house_baykal
burduguz_hotel_2,7829252,Двухместный Джуниор Сюит в новом здании с балконом (2 отдельные кровати) (тип кровати может измениться),4002402001,1,2,2 отдельные кровати,"[""2 отдельные кровати""]","[""twin""]","[{""bed"": ""single"", ""count"": 2}]",2,22525.00,22525.00,https://ostrovok.ru/hotel/russia/western_siberia_irkutsk_oblast_multi/mid7829252/burduguz_hotel_2
burduguz_hotel_2,7829252,Двухместный Джуниор Сюит в новом здании с балконом (двуспальная кровать) (кровать king size),4002302001,1,2,двуспальная кровать,"[""двуспальная кровать""]","[""double""]","[{""bed"": ""double"", ""count"": 1}]",2,22525.00,22525.00,https://ostrovok.ru/hotel/russia/western_siberia_irkutsk_oblast_multi/mid7829252/burduguz_hotel_2
burduguz_hotel_2,7829252,Двухместный люкс с красивым видом из окна (двуспальная кровать),5002302000U,1,1,двуспальная кровать,"[""двуспальная кровать""]","[""double""]","[{""bed"": ""double"", ""count"": 1}]",2,25075.00,25075.00,https://ostrovok.ru/hotel/russia/western_siberia_irkutsk_oblast_multi/mid7829252/burduguz_hotel_2
burduguz_hotel_2,7829252,"Двухместный Джуниор Сюит Baikal c террасой в новом корпусе с красивым видом из окна (двуспальная кровать) (кровать king size, терраса)",4B02302000U,1,2,двуспальная кровать,"[""двуспальная кровать""]","[""double""]","[{""bed"": ""double"", ""count"": 1}]",2,39950.00,39950.00,https://ostrovok.ru/hotel/russia/western_siberia_irkutsk_oblast_multi/mid7829252/burduguz_hotel_2
montana_hostel,8746907,Капсула с красивым видом из окна (общая ванная комната),2201000000U,1,7,,,"[""nobedding""]",,1,800.00,800.00,https://ostrovok.ru/hotel/russia/western_siberia_irkutsk_oblast_multi/mid8746907/montana_hostel
montana_hostel,8746907,Двухместный номер Economy с красивым видом из окна (общая ванная комната) (двуспальная кровать),3101302000U,1,1,двуспальная кровать,"[""двуспальная кровать""]","[""double""]","[{""bed"": ""double"", ""count"": 1}]",2,1800.00,1800.00,https://ostrovok.ru/hotel/russia/western_siberia_irkutsk_oblast_multi/mid8746907/montana_hostel
alaniya,10003444,Двухместный номер Standard (двуспальная кровать),3202302,2,4,двуспальная кровать,"[""двуспальная кровать""]","[""double""]","[{""bed"": ""double"", ""count"": 1}]",2,3958.00,4000.00,https://ostrovok.ru/hotel/russia/western_siberia_irkutsk_oblast_multi/mid10003444/alaniya
momant_house_recreation_camp,13350897,Четырёхместный номер Superior,3502004,1,2,,,"[""nobedding""]",,4,5937.00,5937.00,https://ostrovok.ru/hotel/russia/western_siberia_irkutsk_oblast_multi/mid13350897/momant_house_recreation_camp
aura_baykala_guest_house,13647397,Номер Standard с балконом и с частичным видом на море,3202000001K,2,3,,,"[""nobedding""]",,1,5937.00,6000.00,https://ostrovok.ru/hotel/russia/western_siberia_irkutsk_oblast_multi/mid13647397/aura_baykala_guest_house
smart_hotel_kdo_irkutsk_hotel,10153381,Кровать в общем номере (общая ванная комната) (4 кровати),1001,6,1,,,"[""nobedding""]",,1,1699.00,2170.00,https://ostrovok.ru/hotel/russia/western_siberia_irkutsk_oblast_multi/mid10153381/smart_hotel_kdo_irkutsk_hotel
smart_hotel_kdo_irkutsk_hotel,10153381,Трёхместный номер Economy (общая ванная комната),3101003,1,1,,,"[""nobedding""]",,3,4075.00,4075.00,https://ostrovok.ru/hotel/russia/western_siberia_irkutsk_oblast_multi/mid10153381/smart_hotel_kdo_irkutsk_hotel
larus,9828888,Двухместный номер Standard (2 отдельные кровати) (тип кровати может измениться),3202402,2,4,2 отдельные кровати,"[""2 отдельные кровати""]","[""twin""]","[{""bed"": ""single"", ""count"": 2}]",2,5214.00,6233.00,https://ostrovok.ru/hotel/russia/western_siberia_irkutsk_oblast_multi/mid9828888/larus
gostevoj_dom_otdyih_na_bajkale,10014826,Номер Standard,3202,1,1,,,"[""nobedding""]",,1,3962.00,3962.00,https://ostrovok.ru/hotel/russia/western_siberia_irkutsk_oblast_multi/mid10014826/gostevoj_dom_otdyih_na_bajkale
gostevoj_dom_otdyih_na_bajkale,10014826,Двухместный номер Standard (2 отдельные кровати),3202402,1,1,2 отдельные кровати,"[""2 отдельные кровати""]","[""twin""]","[{""bed"": ""single"", ""count"": 2}]",2,5944.00,5944.00,https://ostrovok.ru/hotel/russia/western_siberia_irkutsk_oblast_multi/mid10014826/gostevoj_dom_otdyih_na_bajkale
malinovka_3,9079016,Трёхместный номер Economy с красивым видом из окна (общая ванная комната),3101003000U,1,1,,,"[""nobedding""]",,3,4451.00,4451.00,https://ostrovok.ru/hotel/russia/western_siberia_irkutsk_oblast_multi/mid9079016/malinovka_3
malinovka_3,9079016,Трёхместный номер Superior с видом на озеро,3502003000D,1,1,,,"[""nobedding""]",,3,6429.00,6429.00,https://ostrovok.ru/hotel/russia/western_siberia_irkutsk_oblast_multi/mid9079016/malinovka_3
inn_oasis_2,8426230,Двухместный номер Standard с балконом (двуспальная кровать),3202302001,2,4,двуспальная кровать,"[""двуспальная кровать""]","[""double""]","[{""bed"": ""double"", ""count"": 1}]",2,5937.00,6000.00,https://ostrovok.ru/hotel/russia/western_siberia_irkutsk_oblast_multi/mid8426230/inn_oasis_2
inn_oasis_2,8426230,Двухместный номер Standard с балконом (2 отдельные кровати),3202402001,2,4,2 отдельные кровати,"[""2 отдельные кровати""]","[""twin""]","[{""bed"": ""single"", ""count"": 2}]",2,7916.00,8000.00,https://ostrovok.ru/hotel/russia/western_siberia_irkutsk_oblast_multi/mid8426230/inn_oasis_2
inn_oasis_2,8426230,Семейный номер Standard с балконом,3202010001,2,2,,,"[""nobedding""]",,3,9895.00,10000.00,https://ostrovok.ru/hotel/russia/western_siberia_irkutsk_oblast_multi/mid8426230/inn_oasis_2
inn_oasis_2,8426230,Апартаменты с 2 комнатами с балконом,6002000021,2,1,,,"[""nobedding""]",,1,13853.00,14000.00,https://ostrovok.ru/hotel/russia/western_siberia_irkutsk_oblast_multi/mid8426230/inn_oasis_2
baikalbabr,10008713,Двухместный номер Superior с красивым видом из окна (общая ванная комната) (двуспальная кровать),3501302000U,1,3,двуспальная кровать,"[""двуспальная кровать""]","[""double""]","[{""bed"": ""double"", ""count"": 1}]",2,8407.00,8407.00,https://ostrovok.ru/hotel/russia/western_siberia_irkutsk_oblast_multi/mid10008713/baikalbabr
baikalbabr,10008713,Четырёхместный номер Standard с видом на озеро (общая ванная комната),3201004000D,1,1,,,"[""nobedding""]",,4,10880.00,10880.00,https://ostrovok.ru/hotel/russia/western_siberia_irkutsk_oblast_multi/mid10008713/baikalbabr
baikalbabr,10008713,Двухместный семейный номер Standard с видом на озеро (общая ванная комната) (двуспальная кровать),3201312000D,1,1,двуспальная кровать,"[""двуспальная кровать""]","[""double""]","[{""bed"": ""double"", ""count"": 1}]",2,10880.00,10880.00,https://ostrovok.ru/hotel/russia/western_siberia_irkutsk_oblast_multi/mid10008713/baikalbabr
dauria_hotel_2,7685971,Двухместный номер Standard (2 отдельные кровати),3202402,1,6,2 отдельные кровати,"[""2 отдельные кровати""]","[""twin""]","[{""bed"": ""single"", ""count"": 2}]",2,6500.00,6500.00,https://ostrovok.ru/hotel/russia/western_siberia_irkutsk_oblast_multi/mid7685971/dauria_hotel_2
dauria_hotel_2,7685971,Двухместный номер Standard (двуспальная кровать),3202302,1,6,двуспальная кровать,"[""двуспальная кровать""]","[""double""]","[{""bed"": ""double"", ""count"": 1}]",2,6500.00,6500.00,https://ostrovok.ru/hotel/russia/western_siberia_irkutsk_oblast_multi/mid7685971/dauria_hotel_2
7_dorog,7029576,Двухместный номер Standard с видом на город (2 отдельные кровати),32024020005,4,1,2 отдельные кровати,"[""2 отдельные кровати""]","[""twin""]","[{""bed"": ""single"", ""count"": 2}]",2,5700.00,7200.00,https://ostrovok.ru/hotel/russia/western_siberia_irkutsk_oblast_multi/mid7029576/7_dorog
7_dorog,7029576,Двухместный номер Superior с видом на город (2 отдельные кровати),35024020005,4,1,2 отдельные кровати,"[""2 отдельные кровати""]","[""twin""]","[{""bed"": ""single"", ""count"": 2}]",2,6650.00,8200.00,https://ostrovok.ru/hotel/russia/western_siberia_irkutsk_oblast_multi/mid7029576/7_dorog
7_dorog,7029576,Семейный люкс с 2 комнатами с видом на город,50020100205,4,1,,,"[""nobedding""]",,3,8550.00,10800.00,https://ostrovok.ru/hotel/russia/western_siberia_irkutsk_oblast_multi/mid7029576/7_dorog
hotel_nikola_2,8748287,Двухместный номер Standard с видом на город (двуспальная кровать),32023020005,2,1,двуспальная кровать,"[""двуспальная кровать""]","[""double""]","[{""bed"": ""double"", ""count"": 1}]",2,7706.00,7800.00,https://ostrovok.ru/hotel/russia/western_siberia_irkutsk_oblast_multi/mid8748287/hotel_nikola_2
hotel_nikola_2,8748287,Двухместный номер Superior (двуспальная кровать),3502302,2,2,двуспальная кровать,"[""двуспальная кровать""]","[""double""]","[{""bed"": ""double"", ""count"": 1}]",2,8693.00,8800.00,https://ostrovok.ru/hotel/russia/western_siberia_irkutsk_oblast_multi/mid8748287/hotel_nikola_2
hotel_nikola_2,8748287,Двухместный номер Superior (2 отдельные кровати),3502402,2,2,2 отдельные кровати,"[""2 отдельные кровати""]","[""twin""]","[{""bed"": ""single"", ""count"": 2}]",2,8693.00,8800.00,https://ostrovok.ru/hotel/russia/western_siberia_irkutsk_oblast_multi/mid8748287/hotel_nikola_2
hotel_nikola_2,8748287,Двухместный полулюкс Premium с видом на озеро (2 отдельные кровати),4A02402000D,2,1,2 отдельные кровати,"[""2 отдельные кровати""]","[""twin""]","[{""bed"": ""single"", ""count"": 2}]",2,19265.00,19500.00,https://ostrovok.ru/hotel/russia/western_siberia_irkutsk_oblast_multi/mid8748287/hotel_nikola_2
baza_otdykha_village_hvoy,11339142,Двухместный номер Standard (двуспальная кровать),3202302,2,1,двуспальная кровать,"[""двуспальная кровать""]","[""double""]","[{""bed"": ""double"", ""count"": 1}]",2,8173.00,8260.00,https://ostrovok.ru/hotel/russia/western_siberia_irkutsk_oblast_multi/mid11339142/baza_otdykha_village_hvoy
baza_otdykha_village_hvoy,11339142,Семейный номер Classic,3B0201,2,2,,,"[""nobedding""]",,3,14011.00,14160.00,https://ostrovok.ru/hotel/russia/western_siberia_irkutsk_oblast_multi/mid11339142/baza_otdykha_village_hvoy
baza_otdykha_village_hvoy,11339142,Люкс Дуплекс,500200000002,2,1,,,"[""nobedding""]",,1,18682.00,18880.00,https://ostrovok.ru/hotel/russia/western_siberia_irkutsk_oblast_multi/mid11339142/baza_otdykha_village_hvoy
baza_otdykha_village_hvoy,11339142,Апартаменты Дуплекс,600200000002,2,1,,,"[""nobedding""]",,1,21017.00,21240.00,https://ostrovok.ru/hotel/russia/western_siberia_irkutsk_oblast_multi/mid11339142/baza_otdykha_village_hvoy
hotel_dacha_baikaleco,10010618,Барнхаус,9002,1,1,,,"[""nobedding""]",,1,19000.00,19000.00,https://ostrovok.ru/hotel/russia/western_siberia_irkutsk_oblast_multi/mid10010618/hotel_dacha_baikaleco
solnechny_guest_house_7,13112614,Двухместный номер Economy (общая ванная комната) (двуспальная кровать),3101302,1,2,двуспальная кровать,"[""двуспальная кровать""]","[""double""]","[{""bed"": ""double"", ""count"": 1}]",2,1182.00,1182.00,https://ostrovok.ru/hotel/russia/western_siberia_irkutsk_oblast_multi/mid13112614/solnechny_guest_house_7
ibis_irkutsk_center,8734978,Двухместный номер Standard (2 отдельные кровати),3202402,2,13,2 отдельные кровати,"[""2 отдельные кровати""]","[""twin""]","[{""bed"": ""single"", ""count"": 2}]",2,9750.00,9750.00,https://ostrovok.ru/hotel/russia/western_siberia_irkutsk_oblast_multi/mid8734978/ibis_irkutsk_center
ibis_irkutsk_center,8734978,Люкс с 2 комнатами,500200002,2,1,,,"[""nobedding""]",,1,17250.00,17250.00,https://ostrovok.ru/hotel/russia/western_siberia_irkutsk_oblast_multi/mid8734978/ibis_irkutsk_center
baza_otdykha_olkhon,11256148,Двухместный номер Economy (2 отдельные кровати),3102402,2,4,2 отдельные кровати,"[""2 отдельные кровати""]","[""twin""]","[{""bed"": ""single"", ""count"": 2}]",2,5429.00,5500.00,https://ostrovok.ru/hotel/russia/western_siberia_irkutsk_oblast_multi/mid11256148/baza_otdykha_olkhon
baza_otdykha_olkhon,11256148,Трёхместный номер Standard,3202003,2,17,,,"[""nobedding""]",,3,5429.00,5500.00,https://ostrovok.ru/hotel/russia/western_siberia_irkutsk_oblast_multi/mid11256148/baza_otdykha_olkhon
baza_otdykha_olkhon,11256148,Трёхместный номер Superior,3502003,2,10,,,"[""nobedding""]",,3,5923.00,6000.00,https://ostrovok.ru/hotel/russia/western_siberia_irkutsk_oblast_multi/mid11256148/baza_otdykha_olkhon
legendy_baykala,13868556,Кровать в общем номере с видом на внутренний двор (общая ванная комната) (2 кровати),10010000006,2,1,,,"[""nobedding""]",,1,1137.00,1150.00,https://ostrovok.ru/hotel/russia/western_siberia_irkutsk_oblast_multi/mid13868556/legendy_baykala
legendy_baykala,13868556,Двухместный семейный номер Standard с видом на внутренний двор (общая ванная комната) (2 отдельные кровати),32014120006,2,1,2 отдельные кровати,"[""2 отдельные кровати""]","[""twin""]","[{""bed"": ""single"", ""count"": 2}]",2,2077.00,2100.00,https://ostrovok.ru/hotel/russia/western_siberia_irkutsk_oblast_multi/mid13868556/legendy_baykala
legendy_baykala,13868556,Двухместный семейный номер Comfort с видом на внутренний двор (2 отдельные кровати),33024120006,2,1,2 отдельные кровати,"[""2 отдельные кровати""]","[""twin""]","[{""bed"": ""single"", ""count"": 2}]",2,2275.00,2300.00,https://ostrovok.ru/hotel/russia/western_siberia_irkutsk_oblast_multi/mid13868556/legendy_baykala
legendy_baykala,13868556,Двухместный семейный номер Superior с балконом и с видом на внутренний двор (двуспальная кровать),35023120016,2,1,двуспальная кровать,"[""двуспальная кровать""]","[""double""]","[{""bed"": ""double"", ""count"": 1}]",2,2844.00,2875.00,https://ostrovok.ru/hotel/russia/western_siberia_irkutsk_oblast_multi/mid13868556/legendy_baykala
guesthouse_dudeevukh,10367494,Двухместный номер Standard (двуспальная кровать),3202302,2,1,двуспальная кровать,"[""двуспальная кровать""]","[""double""]","[{""bed"": ""double"", ""count"": 1}]",2,4037.00,4452.00,https://ostrovok.ru/hotel/russia/western_siberia_irkutsk_oblast_multi/mid10367494/guesthouse_dudeevukh
guesthouse_dudeevukh,10367494,Трёхместный номер Standard,3202003,1,1,,,"[""nobedding""]",,3,6431.00,6431.00,https://ostrovok.ru/hotel/russia/western_siberia_irkutsk_oblast_multi/mid10367494/guesthouse_dudeevukh
miniotel_gostinitsa_nerpenok,10125589,Двухместный номер Standard с красивым видом из окна (двуспальная кровать),3202302000U,1,1,двуспальная кровать,"[""двуспальная кровать""]","[""double""]","[{""bed"": ""double"", ""count"": 1}]",2,6431.00,6431.00,https://ostrovok.ru/hotel/russia/western_siberia_irkutsk_oblast_multi/mid10125589/miniotel_gostinitsa_nerpenok
miniotel_gostinitsa_nerpenok,10125589,Двухместный номер Economy с красивым видом из окна (2 отдельные кровати),3102402000U,1,2,2 отдельные кровати,"[""2 отдельные кровати""]","[""twin""]","[{""bed"": ""single"", ""count"": 2}]",2,6431.00,6431.00,https://ostrovok.ru/hotel/russia/western_siberia_irkutsk_oblast_multi/mid10125589/miniotel_gostinitsa_nerpenok
miniotel_gostinitsa_nerpenok,10125589,Трёхместный номер Standard с красивым видом из окна,3202003000U,1,4,,,"[""nobedding""]",,3,7421.00,7421.00,https://ostrovok.ru/hotel/russia/western_siberia_irkutsk_oblast_multi/mid10125589/miniotel_gostinitsa_nerpenok
uda_2,8752619,Одноместный номер Standard с видом на город,32020010005,2,3,,,"[""nobedding""]",,1,1682.00,1700.00,https://ostrovok.ru/hotel/russia/western_siberia_irkutsk_oblast_multi/mid8752619/uda_2
uda_2,8752619,Одноместный номер Superior с видом на город,35020010005,2,19,,,"[""nobedding""]",,1,1830.00,1850.00,https://ostrovok.ru/hotel/russia/western_siberia_irkutsk_oblast_multi/mid8752619/uda_2
uda_2,8752619,Двухместный номер Standard с видом на город (2 отдельные кровати),32024020005,2,2,2 отдельные кровати,"[""2 отдельные кровати""]","[""twin""]","[{""bed"": ""single"", ""count"": 2}]",2,1880.00,1900.00,https://ostrovok.ru/hotel/russia/western_siberia_irkutsk_oblast_multi/mid8752619/uda_2
uda_2,8752619,Двухместный номер Superior с видом на город (2 отдельные кровати),35024020005,2,8,2 отдельные кровати,"[""2 отдельные кровати""]","[""twin""]","[{""bed"": ""single"", ""count"": 2}]",2,2176.00,2200.00,https://ostrovok.ru/hotel/russia/western_siberia_irkutsk_oblast_multi/mid8752619/uda_2
uda_2,8752619,Двухместный номер Comfort с видом на город (двуспальная кровать),33023020005,2,6,двуспальная кровать,"[""двуспальная кровать""]","[""double""]","[{""bed"": ""double"", ""count"": 1}]",2,2572.00,2600.00,https://ostrovok.ru/hotel/russia/western_siberia_irkutsk_oblast_multi/mid8752619/uda_2
uda_2,8752619,Двухместный полулюкс с 2 комнатами с видом на город (двуспальная кровать) (диван),40023020205,2,2,двуспальная кровать,"[""двуспальная кровать""]","[""double""]","[{""bed"": ""double"", ""count"": 1}]",2,4947.00,5000.00,https://ostrovok.ru/hotel/russia/western_siberia_irkutsk_oblast_multi/mid8752619/uda_2
hotel_sozvezdie_baikala,8666978,Двухместный номер Стандарт (2 отдельные кровати),3202402,1,4,2 отдельные кровати,"[""2 отдельные кровати""]","[""twin""]","[{""bed"": ""single"", ""count"": 2}]",2,4400.00,4400.00,https://ostrovok.ru/hotel/russia/western_siberia_irkutsk_oblast_multi/mid8666978/hotel_sozvezdie_baikala
hotel_sozvezdie_baikala,8666978,Двухместный номер Стандарт с видом на озеро (2 отдельные кровати),3202402000D,2,2,2 отдельные кровати,"[""2 отдельные кровати""]","[""twin""]","[{""bed"": ""single"", ""count"": 2}]",2,6300.00,6300.00,https://ostrovok.ru/hotel/russia/western_siberia_irkutsk_oblast_multi/mid8666978/hotel_sozvezdie_baikala
hotel_sozvezdie_baikala,8666978,Двухместный номер Улучшенный (2 отдельные кровати),3502402,3,2,2 отдельные кровати,"[""2 отдельные кровати""]","[""twin""]","[{""bed"": ""single"", ""count"": 2}]",2,7100.00,8300.00,https://ostrovok.ru/hotel/russia/western_siberia_irkutsk_oblast_multi/mid8666978/hotel_sozvezdie_baikala
hotel_sozvezdie_baikala,8666978,Двухместный полулюкс с видом на озеро (двуспальная кровать),4002302000D,3,1,двуспальная кровать,"[""двуспальная кровать""]","[""double""]","[{""bed"": ""double"", ""count"": 1}]",2,10700.00,11900.00,https://ostrovok.ru/hotel/russia/western_siberia_irkutsk_oblast_multi/mid8666978/hotel_sozvezdie_baikala
gostinitsa_akademicheskaya,8438905,Одноместный номер Economy,3102001,2,1,,,"[""nobedding""]",,1,4400.00,4400.00,https://ostrovok.ru/hotel/russia/western_siberia_irkutsk_oblast_multi/mid8438905/gostinitsa_akademicheskaya
gostinitsa_akademicheskaya,8438905,Двухместный номер Standard (2 отдельные кровати),3202402,2,10,2 отдельные кровати,"[""2 отдельные кровати""]","[""twin""]","[{""bed"": ""single"", ""count"": 2}]",2,5000.00,5000.00,https://ostrovok.ru/hotel/russia/western_siberia_irkutsk_oblast_multi/mid8438905/gostinitsa_akademicheskaya
kheyvitsa_guest_house,11169967,Двухместный номер Оливковый (двуспальная кровать),3302302,2,1,двуспальная кровать,"[""двуспальная кровать""]","[""double""]","[{""bed"": ""double"", ""count"": 1}]",2,5244.00,5300.00,https://ostrovok.ru/hotel/russia/western_siberia_irkutsk_oblast_multi/mid11169967/kheyvitsa_guest_house
kheyvitsa_guest_house,11169967,Двухместный номер Купеческий (двуспальная кровать) (кровать king size),3E02302,1,1,двуспальная кровать,"[""двуспальная кровать""]","[""double""]","[{""bed"": ""double"", ""count"": 1}]",2,5937.00,5937.00,https://ostrovok.ru/hotel/russia/western_siberia_irkutsk_oblast_multi/mid11169967/kheyvitsa_guest_house
kheyvitsa_guest_house,11169967,Двухместный номер Лазурный (двуспальная кровать),3402302,2,1,двуспальная кровать,"[""двуспальная кровать""]","[""double""]","[{""bed"": ""double"", ""count"": 1}]",2,5937.00,6000.00,https://ostrovok.ru/hotel/russia/western_siberia_irkutsk_oblast_multi/mid11169967/kheyvitsa_guest_house
kheyvitsa_guest_house,11169967,Двухместный полулюкс Монгольский Хан (двуспальная кровать),4A02302,1,1,двуспальная кровать,"[""двуспальная кровать""]","[""double""]","[{""bed"": ""double"", ""count"": 1}]",2,6530.00,6530.00,https://ostrovok.ru/hotel/russia/western_siberia_irkutsk_oblast_multi/mid11169967/kheyvitsa_guest_house
matreshka_hotel,6332937,Одноместный номер Standard,3202001,2,4,,,"[""nobedding""]",,1,4487.00,4538.70,https://ostrovok.ru/hotel/russia/western_siberia_irkutsk_oblast_multi/mid6332937/matreshka_hotel
matreshka_hotel,6332937,Двухместный номер Standard (2 отдельные кровати),3202402,2,1,2 отдельные кровати,"[""2 отдельные кровати""]","[""twin""]","[{""bed"": ""single"", ""count"": 2}]",2,4542.00,4594.05,https://ostrovok.ru/hotel/russia/western_siberia_irkutsk_oblast_multi/mid6332937/matreshka_hotel
matreshka_hotel,6332937,Двухместный номер Standard (двуспальная кровать),3202302,2,1,двуспальная кровать,"[""двуспальная кровать""]","[""double""]","[{""bed"": ""double"", ""count"": 1}]",2,4542.00,4594.05,https://ostrovok.ru/hotel/russia/western_siberia_irkutsk_oblast_multi/mid6332937/matreshka_hotel
matreshka_hotel,6332937,Одноместный номер Comfort,3302001,2,1,,,"[""nobedding""]",,1,4597.00,4649.40,https://ostrovok.ru/hotel/russia/western_siberia_irkutsk_oblast_multi/mid6332937/matreshka_hotel
matreshka_hotel,6332937,Двухместный номер Comfort (2 отдельные кровати),3302402,4,2,2 отдельные кровати,"[""2 отдельные кровати""]","[""twin""]","[{""bed"": ""single"", ""count"": 2}]",2,5351.00,5756.40,https://ostrovok.ru/hotel/russia/western_siberia_irkutsk_oblast_multi/mid6332937/matreshka_hotel
matreshka_hotel,6332937,Двухместный номер Comfort (двуспальная кровать),3302302,4,2,двуспальная кровать,"[""двуспальная кровать""]","[""double""]","[{""bed"": ""double"", ""count"": 1}]",2,5351.00,5756.40,https://ostrovok.ru/hotel/russia/western_siberia_irkutsk_oblast_multi/mid6332937/matreshka_hotel
matreshka_hotel,6332937,Двухместный полулюкс (двуспальная кровать),4002302,2,2,двуспальная кровать,"[""двуспальная кровать""]","[""double""]","[{""bed"": ""double"", ""count"": 1}]",2,5472.00,5535.00,https://ostrovok.ru/hotel/russia/western_siberia_irkutsk_oblast_multi/mid6332937/matreshka_hotel
matreshka_hotel,6332937,Двухместный полулюкс (2 отдельные кровати),4002402,2,2,2 отдельные кровати,"[""2 отдельные кровати""]","[""twin""]","[{""bed"": ""single"", ""count"": 2}]",2,5472.00,5535.00,https://ostrovok.ru/hotel/russia/western_siberia_irkutsk_oblast_multi/mid6332937/matreshka_hotel
matreshka_hotel,6332937,Двухместный полулюкс Superior (двуспальная кровать),4502302,2,1,двуспальная кровать,"[""двуспальная кровать""]","[""double""]","[{""bed"": ""double"", ""count"": 1}]",2,5910.00,5977.80,https://ostrovok.ru/hotel/russia/western_siberia_irkutsk_oblast_multi/mid6332937/matreshka_hotel
matreshka_hotel,6332937,Двухместный полулюкс Superior (2 отдельные кровати),4502402,2,1,2 отдельные кровати,"[""2 отдельные кровати""]","[""twin""]","[{""bed"": ""single"", ""count"": 2}]",2,5910.00,5977.80,https://ostrovok.ru/hotel/russia/western_siberia_irkutsk_oblast_multi/mid6332937/matreshka_hotel
hotel_kurshavel_,6456691,Двухместный номер Standard (двуспальная кровать),3202302,2,4,двуспальная кровать,"[""двуспальная кровать""]","[""double""]","[{""bed"": ""double"", ""count"": 1}]",2,4000.00,4004.00,https://ostrovok.ru/hotel/russia/western_siberia_irkutsk_oblast_multi/mid6456691/hotel_kurshavel_
hotel_kurshavel_,6456691,Двухместный номер Standard (2 отдельные кровати),3202402,2,7,2 отдельные кровати,"[""2 отдельные кровати""]","[""twin""]","[{""bed"": ""single"", ""count"": 2}]",2,4000.00,4004.00,https://ostrovok.ru/hotel/russia/western_siberia_irkutsk_oblast_multi/mid6456691/hotel_kurshavel_
hotel_kurshavel_,6456691,Трёхместный номер Standard,3202003,2,2,,,"[""nobedding""]",,3,4500.00,4505.00,https://ostrovok.ru/hotel/russia/western_siberia_irkutsk_oblast_multi/mid6456691/hotel_kurshavel_
hotel_kurshavel_,6456691,Номер Standard с 2 комнатами,320200002,2,1,,,"[""nobedding""]",,1,6000.00,6007.00,https://ostrovok.ru/hotel/russia/western_siberia_irkutsk_oblast_multi/mid6456691/hotel_kurshavel_
baikal_view_hotel,7681558,Двухместный номер Standard с видом на озеро (2 отдельные кровати),3202402000D,2,3,2 отдельные кровати,"[""2 отдельные кровати""]","[""twin""]","[{""bed"": ""single"", ""count"": 2}]",2,13257.00,13398.00,https://ostrovok.ru/hotel/russia/western_siberia_irkutsk_oblast_multi/mid7681558/baikal_view_hotel
baikal_view_hotel,7681558,Двухместный номер Standard с видом на озеро (двуспальная кровать),3202302000D,2,3,двуспальная кровать,"[""двуспальная кровать""]","[""double""]","[{""bed"": ""double"", ""count"": 1}]",2,13257.00,13398.00,https://ostrovok.ru/hotel/russia/western_siberia_irkutsk_oblast_multi/mid7681558/baikal_view_hotel
baikal_view_hotel,7681558,Двухместный номер Comfort с видом на озеро (2 отдельные кровати),3302402000D,2,7,2 отдельные кровати,"[""2 отдельные кровати""]","[""twin""]","[{""bed"": ""single"", ""count"": 2}]",2,16457.00,16632.00,https://ostrovok.ru/hotel/russia/western_siberia_irkutsk_oblast_multi/mid7681558/baikal_view_hotel
baikal_view_hotel,7681558,Двухместный номер Comfort с видом на озеро (двуспальная кровать),3302302000D,2,7,двуспальная кровать,"[""двуспальная кровать""]","[""double""]","[{""bed"": ""double"", ""count"": 1}]",2,16457.00,16632.00,https://ostrovok.ru/hotel/russia/western_siberia_irkutsk_oblast_multi/mid7681558/baikal_view_hotel
baikal_view_hotel,7681558,Двухместный номер Deluxe с видом на озеро (2 отдельные кровати),3602402000D,2,3,2 отдельные кровати,"[""2 отдельные кровати""]","[""twin""]","[{""bed"": ""single"", ""count"": 2}]",2,18452.00,18648.00,https://ostrovok.ru/hotel/russia/western_siberia_irkutsk_oblast_multi/mid7681558/baikal_view_hotel
baikal_view_hotel,7681558,Двухместный номер Deluxe с видом на озеро (двуспальная кровать) (кровать queen size),3602302000D,2,3,двуспальная кровать,"[""двуспальная кровать""]","[""double""]","[{""bed"": ""double"", ""count"": 1}]",2,18452.00,18648.00,https://ostrovok.ru/hotel/russia/western_siberia_irkutsk_oblast_multi/mid7681558/baikal_view_hotel
lada_8,8878913,Трёхместный номер Economy (общая ванная комната),3101003,2,2,,,"[""nobedding""]",,3,4600.00,7000.00,https://ostrovok.ru/hotel/russia/western_siberia_irkutsk_oblast_multi/mid8878913/lada_8
lada_8,8878913,Номер Economy Мансарда с видом на озеро (общая ванная комната),3101000000D4,2,5,,,"[""nobedding""]",,1,4600.00,7000.00,https://ostrovok.ru/hotel/russia/western_siberia_irkutsk_oblast_multi/mid8878913/lada_8
lada_8,8878913,Двухместный номер Economy с балконом и с красивым видом из окна (общая ванная комната) (двуспальная кровать),3101302001U,2,1,двуспальная кровать,"[""двуспальная кровать""]","[""double""]","[{""bed"": ""double"", ""count"": 1}]",2,4600.00,7000.00,https://ostrovok.ru/hotel/russia/western_siberia_irkutsk_oblast_multi/mid8878913/lada_8
lada_8,8878913,Одноместный номер Standard с видом на парк,3202001000I,2,1,,,"[""nobedding""]",,1,6500.00,9000.00,https://ostrovok.ru/hotel/russia/western_siberia_irkutsk_oblast_multi/mid8878913/lada_8
lada_8,8878913,Двухместный номер Standard с красивым видом из окна (2 отдельные кровати),3202402000U,2,3,2 отдельные кровати,"[""2 отдельные кровати""]","[""twin""]","[{""bed"": ""single"", ""count"": 2}]",2,6500.00,9000.00,https://ostrovok.ru/hotel/russia/western_siberia_irkutsk_oblast_multi/mid8878913/lada_8
lada_8,8878913,Двухместный номер Comfort Мансарда с красивым видом из окна (2 отдельные кровати),3302402000U4,2,1,2 отдельные кровати,"[""2 отдельные кровати""]","[""twin""]","[{""bed"": ""single"", ""count"": 2}]",2,7200.00,9600.00,https://ostrovok.ru/hotel/russia/western_siberia_irkutsk_oblast_multi/mid8878913/lada_8
lada_8,8878913,Двухместный номер Comfort Мансарда с красивым видом из окна (двуспальная кровать),3302302000U4,2,1,двуспальная кровать,"[""двуспальная кровать""]","[""double""]","[{""bed"": ""double"", ""count"": 1}]",2,7200.00,9600.00,https://ostrovok.ru/hotel/russia/western_siberia_irkutsk_oblast_multi/mid8878913/lada_8
artrezidentsiya_port_olhon,10004854,Одноместный номер Standard с видом на внутренний двор,32020010006,1,2,,,"[""nobedding""]",,1,11500.00,11500.00,https://ostrovok.ru/hotel/russia/western_siberia_irkutsk_oblast_multi/mid10004854/artrezidentsiya_port_olhon
artrezidentsiya_port_olhon,10004854,Двухместный номер Standard с видом на внутренний двор (2 отдельные кровати),32024020006,1,7,2 отдельные кровати,"[""2 отдельные кровати""]","[""twin""]","[{""bed"": ""single"", ""count"": 2}]",2,16000.00,16000.00,https://ostrovok.ru/hotel/russia/western_siberia_irkutsk_oblast_multi/mid10004854/artrezidentsiya_port_olhon
artrezidentsiya_port_olhon,10004854,Двухместный номер Standard Мансарда (двуспальная кровать),320230200004,1,7,двуспальная кровать,"[""двуспальная кровать""]","[""double""]","[{""bed"": ""double"", ""count"": 1}]",2,16000.00,16000.00,https://ostrovok.ru/hotel/russia/western_siberia_irkutsk_oblast_multi/mid10004854/artrezidentsiya_port_olhon
artrezidentsiya_port_olhon,10004854,Двухместный номер Superior с видом на внутренний двор (двуспальная кровать),35023020006,1,2,двуспальная кровать,"[""двуспальная кровать""]","[""double""]","[{""bed"": ""double"", ""count"": 1}]",2,16500.00,16500.00,https://ostrovok.ru/hotel/russia/western_siberia_irkutsk_oblast_multi/mid10004854/artrezidentsiya_port_olhon
artrezidentsiya_port_olhon,10004854,Двухместный номер Deluxe с видом на внутренний двор (2 отдельные кровати),36024020006,1,2,2 отдельные кровати,"[""2 отдельные кровати""]","[""twin""]","[{""bed"": ""single"", ""count"": 2}]",2,18000.00,18000.00,https://ostrovok.ru/hotel/russia/western_siberia_irkutsk_oblast_multi/mid10004854/artrezidentsiya_port_olhon
artrezidentsiya_port_olhon,10004854,Двухместный номер Deluxe (двуспальная кровать),3602302,1,1,двуспальная кровать,"[""двуспальная кровать""]","[""double""]","[{""bed"": ""double"", ""count"": 1}]",2,18000.00,18000.00,https://ostrovok.ru/hotel/russia/western_siberia_irkutsk_oblast_multi/mid10004854/artrezidentsiya_port_olhon
artrezidentsiya_port_olhon,10004854,Трёхместный номер Standard с балконом,3202003001,1,1,,,"[""nobedding""]",,3,27000.00,27000.00,https://ostrovok.ru/hotel/russia/western_siberia_irkutsk_oblast_multi/mid10004854/artrezidentsiya_port_olhon
artrezidentsiya_port_olhon,10004854,Двухместный семейный номер Deluxe с красивым видом из окна (2 отдельные кровати) (терраса),3602412000U,1,4,2 отдельные кровати,"[""2 отдельные кровати""]","[""twin""]","[{""bed"": ""single"", ""count"": 2}]",2,40000.00,40000.00,https://ostrovok.ru/hotel/russia/western_siberia_irkutsk_oblast_multi/mid10004854/artrezidentsiya_port_olhon
artrezidentsiya_port_olhon,10004854,Двухместная студия с красивым видом из окна (двуспальная кровать) (терраса),7002302000U,1,4,двуспальная кровать,"[""двуспальная кровать""]","[""double""]","[{""bed"": ""double"", ""count"": 1}]",2,50000.00,50000.00,https://ostrovok.ru/hotel/russia/western_siberia_irkutsk_oblast_multi/mid10004854/artrezidentsiya_port_olhon
beliy_sobol_parkhotel,8571122,Семейный номер Premium,3A0201,3,8,,,"[""nobedding""]",,3,9940.00,14200.00,https://ostrovok.ru/hotel/russia/western_siberia_irkutsk_oblast_multi/mid8571122/beliy_sobol_parkhotel
beliy_sobol_parkhotel,8571122,Коттедж Prestige,9G02,3,2,,,"[""nobedding""]",,1,28000.00,40000.00,https://ostrovok.ru/hotel/russia/western_siberia_irkutsk_oblast_multi/mid8571122/beliy_sobol_parkhotel
eko_baikalwood_hotel,8737003,Двухместный номер Superior с видом на озеро (2 отдельные кровати),3502402000D,1,2,2 отдельные кровати,"[""2 отдельные кровати""]","[""twin""]","[{""bed"": ""single"", ""count"": 2}]",2,14375.00,14375.00,https://ostrovok.ru/hotel/russia/western_siberia_irkutsk_oblast_multi/mid8737003/eko_baikalwood_hotel
eko_baikalwood_hotel,8737003,Двухместный номер Superior с видом на озеро (двуспальная кровать),3502302000D,1,2,двуспальная кровать,"[""двуспальная кровать""]","[""double""]","[{""bed"": ""double"", ""count"": 1}]",2,14375.00,14375.00,https://ostrovok.ru/hotel/russia/western_siberia_irkutsk_oblast_multi/mid8737003/eko_baikalwood_hotel
eko_baikalwood_hotel,8737003,Двухместный номер Deluxe с видом на озеро (двуспальная кровать),3602302000D,1,4,двуспальная кровать,"[""двуспальная кровать""]","[""double""]","[{""bed"": ""double"", ""count"": 1}]",2,16675.00,16675.00,https://ostrovok.ru/hotel/russia/western_siberia_irkutsk_oblast_multi/mid8737003/eko_baikalwood_hotel
eko_baikalwood_hotel,8737003,Двухместный номер Deluxe с видом на озеро (2 отдельные кровати),3602402000D,1,4,2 отдельные кровати,"[""2 отдельные кровати""]","[""twin""]","[{""bed"": ""single"", ""count"": 2}]",2,16675.00,16675.00,https://ostrovok.ru/hotel/russia/western_siberia_irkutsk_oblast_multi/mid8737003/eko_baikalwood_hotel
eko_baikalwood_hotel,8737003,Двухместный люкс с балконом и с видом на озеро (2 отдельные кровати),5002402001D,1,6,2 отдельные кровати,"[""2 отдельные кровати""]","[""twin""]","[{""bed"": ""single"", ""count"": 2}]",2,17825.00,17825.00,https://ostrovok.ru/hotel/russia/western_siberia_irkutsk_oblast_multi/mid8737003/eko_baikalwood_hotel
eko_baikalwood_hotel,8737003,Двухместный люкс с балконом и с видом на озеро (двуспальная кровать),5002302001D,1,6,двуспальная кровать,"[""двуспальная кровать""]","[""double""]","[{""bed"": ""double"", ""count"": 1}]",2,17825.00,17825.00,https://ostrovok.ru/hotel/russia/western_siberia_irkutsk_oblast_multi/mid8737003/eko_baikalwood_hotel
lazurny_bereg_hotel_,7797591,Двухместный номер Standard (двуспальная кровать),3202302,2,2,двуспальная кровать,"[""двуспальная кровать""]","[""double""]","[{""bed"": ""double"", ""count"": 1}]",2,5200.00,5200.00,https://ostrovok.ru/hotel/russia/western_siberia_irkutsk_oblast_multi/mid7797591/lazurny_bereg_hotel_
lazurny_bereg_hotel_,7797591,Двухместный номер Standard (2 отдельные кровати),3202402,2,1,2 отдельные кровати,"[""2 отдельные кровати""]","[""twin""]","[{""bed"": ""single"", ""count"": 2}]",2,5200.00,5200.00,https://ostrovok.ru/hotel/russia/western_siberia_irkutsk_oblast_multi/mid7797591/lazurny_bereg_hotel_
lazurny_bereg_hotel_,7797591,Двухместный номер Superior (двуспальная кровать),3502302,2,2,двуспальная кровать,"[""двуспальная кровать""]","[""double""]","[{""bed"": ""double"", ""count"": 1}]",2,6000.00,6000.00,https://ostrovok.ru/hotel/russia/western_siberia_irkutsk_oblast_multi/mid7797591/lazurny_bereg_hotel_
krestovaya_pad_hotel,7784565,Двухместный номер Стандарт (2 отдельные кровати),3202402,1,1,2 отдельные кровати,"[""2 отдельные кровати""]","[""twin""]","[{""bed"": ""single"", ""count"": 2}]",2,9500.00,9500.00,https://ostrovok.ru/hotel/russia/western_siberia_irkutsk_oblast_multi/mid7784565/krestovaya_pad_hotel
krestovaya_pad_hotel,7784565,Двухместный номер Улучшенный Стандарт (2 отдельные кровати),3502402,1,1,2 отдельные кровати,"[""2 отдельные кровати""]","[""twin""]","[{""bed"": ""single"", ""count"": 2}]",2,10900.00,10900.00,https://ostrovok.ru/hotel/russia/western_siberia_irkutsk_oblast_multi/mid7784565/krestovaya_pad_hotel
krestovaya_pad_hotel,7784565,Двухместный Джуниор Сюит (2 отдельные кровати),4002402,1,1,2 отдельные кровати,"[""2 отдельные кровати""]","[""twin""]","[{""bed"": ""single"", ""count"": 2}]",2,11500.00,11500.00,https://ostrovok.ru/hotel/russia/western_siberia_irkutsk_oblast_multi/mid7784565/krestovaya_pad_hotel
krestovaya_pad_hotel,7784565,Двухместный Джуниор Сюит (двуспальная кровать),4002302,1,1,двуспальная кровать,"[""двуспальная кровать""]","[""double""]","[{""bed"": ""double"", ""count"": 1}]",2,11500.00,11500.00,https://ostrovok.ru/hotel/russia/western_siberia_irkutsk_oblast_multi/mid7784565/krestovaya_pad_hotel
krestovaya_pad_hotel,7784565,Двухместный номер Делюкс (2 отдельные кровати),3602402,1,1,2 отдельные кровати,"[""2 отдельные кровати""]","[""twin""]","[{""bed"": ""single"", ""count"": 2}]",2,13500.00,13500.00,https://ostrovok.ru/hotel/russia/western_siberia_irkutsk_oblast_multi/mid7784565/krestovaya_pad_hotel
krestovaya_pad_hotel,7784565,Двухместный номер Делюкс (двуспальная кровать),3602302,1,1,двуспальная кровать,"[""двуспальная кровать""]","[""double""]","[{""bed"": ""double"", ""count"": 1}]",2,13500.00,13500.00,https://ostrovok.ru/hotel/russia/western_siberia_irkutsk_oblast_multi/mid7784565/krestovaya_pad_hotel
krestovaya_pad_hotel,7784565,Люкс с ванной с балконом и с красивым видом из окна (ванна),5B02000001U,1,1,,,"[""nobedding""]",,1,13500.00,13500.00,https://ostrovok.ru/hotel/russia/western_siberia_irkutsk_oblast_multi/mid7784565/krestovaya_pad_hotel
krestovaya_pad_hotel,7784565,Четырёхместный номер Стандарт с 2 комнатами,320200402,1,1,,,"[""nobedding""]",,4,17000.00,17000.00,https://ostrovok.ru/hotel/russia/western_siberia_irkutsk_oblast_multi/mid7784565/krestovaya_pad_hotel
glemping_hygge_barn,11337901,Коттедж с 2 комнатами с красивым видом из окна,9002000020U,2,1,,,"[""nobedding""]",,1,13358.00,13500.00,https://ostrovok.ru/hotel/russia/western_siberia_irkutsk_oblast_multi/mid11337901/glemping_hygge_barn
trakstop_38_2,10669986,Двухместный номер Superior с красивым видом из окна (2 отдельные кровати),3502402000U,1,6,2 отдельные кровати,"[""2 отдельные кровати""]","[""twin""]","[{""bed"": ""single"", ""count"": 2}]",2,5194.00,5194.00,https://ostrovok.ru/hotel/russia/western_siberia_irkutsk_oblast_multi/mid10669986/trakstop_38_2
trakstop_38_2,10669986,Люкс с 2 комнатами,500200002,1,1,,,"[""nobedding""]",,1,9647.00,9647.00,https://ostrovok.ru/hotel/russia/western_siberia_irkutsk_oblast_multi/mid10669986/trakstop_38_2
yolochka,9992200,Номер Standard (общая ванная комната),3201,1,1,,,"[""nobedding""]",,1,4000.00,4000.00,https://ostrovok.ru/hotel/russia/western_siberia_irkutsk_oblast_multi/mid9992200/yolochka
yolochka,9992200,Двухместный номер Economy (общая ванная комната) (2 отдельные кровати),3101402,1,1,2 отдельные кровати,"[""2 отдельные кровати""]","[""twin""]","[{""bed"": ""single"", ""count"": 2}]",2,4000.00,4000.00,https://ostrovok.ru/hotel/russia/western_siberia_irkutsk_oblast_multi/mid9992200/yolochka
yolochka,9992200,Двухместный номер Standard (2 отдельные кровати),3202402,1,1,2 отдельные кровати,"[""2 отдельные кровати""]","[""twin""]","[{""bed"": ""single"", ""count"": 2}]",2,5500.00,5500.00,https://ostrovok.ru/hotel/russia/western_siberia_irkutsk_oblast_multi/mid9992200/yolochka
dream_of_baikal_hotel,6374723,Двухместный номер Standard (двуспальная кровать) (тип кровати может измениться),3202302,1,2,двуспальная кровать,"[""двуспальная кровать""]","[""double""]","[{""bed"": ""double"", ""count"": 1}]",2,6530.00,6530.00,https://ostrovok.ru/hotel/russia/western_siberia_irkutsk_oblast_multi/mid6374723/dream_of_baikal_hotel
dream_of_baikal_hotel,6374723,Двухместный номер Standard (2 отдельные кровати) (тип кровати может измениться),3202402,1,2,2 отдельные кровати,"[""2 отдельные кровати""]","[""twin""]","[{""bed"": ""single"", ""count"": 2}]",2,6530.00,6530.00,https://ostrovok.ru/hotel/russia/western_siberia_irkutsk_oblast_multi/mid6374723/dream_of_baikal_hotel
dream_of_baikal_hotel,6374723,Двухместный номер Standard с видом на озеро (двуспальная кровать) (тип кровати может измениться),3202302000D,1,2,двуспальная кровать,"[""двуспальная кровать""]","[""double""]","[{""bed"": ""double"", ""count"": 1}]",2,7124.00,7124.00,https://ostrovok.ru/hotel/russia/western_siberia_irkutsk_oblast_multi/mid6374723/dream_of_baikal_hotel
dream_of_baikal_hotel,6374723,Двухместный номер Standard с видом на озеро (2 отдельные кровати) (тип кровати может измениться),3202402000D,1,2,2 отдельные кровати,"[""2 отдельные кровати""]","[""twin""]","[{""bed"": ""single"", ""count"": 2}]",2,7124.00,7124.00,https://ostrovok.ru/hotel/russia/western_siberia_irkutsk_oblast_multi/mid6374723/dream_of_baikal_hotel
hotel_anastasiya_2,13164685,Одноместный номер Standard с красивым видом из окна,3202001000U,4,1,,,"[""nobedding""]",,1,9100.00,10780.00,https://ostrovok.ru/hotel/russia/western_siberia_irkutsk_oblast_multi/mid13164685/hotel_anastasiya_2
hotel_anastasiya_2,13164685,Одноместный номер Standard с балконом и с красивым видом из окна,3202001001U,4,1,,,"[""nobedding""]",,1,9500.00,10500.00,https://ostrovok.ru/hotel/russia/western_siberia_irkutsk_oblast_multi/mid13164685/hotel_anastasiya_2
hotel_anastasiya_2,13164685,Двухместный номер Standard (2 отдельные кровати),3202402,4,3,2 отдельные кровати,"[""2 отдельные кровати""]","[""twin""]","[{""bed"": ""single"", ""count"": 2}]",2,12700.00,14380.00,https://ostrovok.ru/hotel/russia/western_siberia_irkutsk_oblast_multi/mid13164685/hotel_anastasiya_2
hotel_anastasiya_2,13164685,Двухместный номер Standard (двуспальная кровать),3202302,4,3,двуспальная кровать,"[""двуспальная кровать""]","[""double""]","[{""bed"": ""double"", ""count"": 1}]",2,12700.00,14380.00,https://ostrovok.ru/hotel/russia/western_siberia_irkutsk_oblast_multi/mid13164685/hotel_anastasiya_2
hotel_anastasiya_2,13164685,Двухместный номер Standard с красивым видом из окна (2 отдельные кровати),3202402000U,4,2,2 отдельные кровати,"[""2 отдельные кровати""]","[""twin""]","[{""bed"": ""single"", ""count"": 2}]",2,13500.00,15180.00,https://ostrovok.ru/hotel/russia/western_siberia_irkutsk_oblast_multi/mid13164685/hotel_anastasiya_2
hotel_anastasiya_2,13164685,Двухместный номер Standard с красивым видом из окна (двуспальная кровать),3202302000U,4,2,двуспальная кровать,"[""двуспальная кровать""]","[""double""]","[{""bed"": ""double"", ""count"": 1}]",2,13500.00,15180.00,https://ostrovok.ru/hotel/russia/western_siberia_irkutsk_oblast_multi/mid13164685/hotel_anastasiya_2
hotel_anastasiya_2,13164685,Двухместный номер Standard с балконом (2 отдельные кровати),3202402001,4,2,2 отдельные кровати,"[""2 отдельные кровати""]","[""twin""]","[{""bed"": ""single"", ""count"": 2}]",2,13700.00,15380.00,https://ostrovok.ru/hotel/russia/western_siberia_irkutsk_oblast_multi/mid13164685/hotel_anastasiya_2
hotel_anastasiya_2,13164685,Двухместный номер Standard с балконом (двуспальная кровать),3202302001,4,2,двуспальная кровать,"[""двуспальная кровать""]","[""double""]","[{""bed"": ""double"", ""count"": 1}]",2,13700.00,15380.00,https://ostrovok.ru/hotel/russia/western_siberia_irkutsk_oblast_multi/mid13164685/hotel_anastasiya_2
hotel_anastasiya_2,13164685,Двухместный номер Superior с балконом и с видом на озеро (2 отдельные кровати),3502402001D,4,3,2 отдельные кровати,"[""2 отдельные кровати""]","[""twin""]","[{""bed"": ""single"", ""count"": 2}]",2,14900.00,16580.00,https://ostrovok.ru/hotel/russia/western_siberia_irkutsk_oblast_multi/mid13164685/hotel_anastasiya_2
hotel_anastasiya_2,13164685,Двухместный полулюкс с 2 комнатами с балконом и с видом на озеро (двуспальная кровать),4002302021D,4,1,двуспальная кровать,"[""двуспальная кровать""]","[""double""]","[{""bed"": ""double"", ""count"": 1}]",2,17900.00,19580.00,https://ostrovok.ru/hotel/russia/western_siberia_irkutsk_oblast_multi/mid13164685/hotel_anastasiya_2
hotel_anastasiya_2,13164685,Двухместный люкс с 2 комнатами с красивым видом из окна (двуспальная кровать),5002302020U,4,1,двуспальная кровать,"[""двуспальная кровать""]","[""double""]","[{""bed"": ""double"", ""count"": 1}]",2,20000.00,21680.00,https://ostrovok.ru/hotel/russia/western_siberia_irkutsk_oblast_multi/mid13164685/hotel_anastasiya_2
olkhonstory_guest_house,8876953,Двухместный номер Standard с балконом (двуспальная кровать),3202302001,2,1,двуспальная кровать,"[""двуспальная кровать""]","[""double""]","[{""bed"": ""double"", ""count"": 1}]",2,7941.00,8000.00,https://ostrovok.ru/hotel/russia/western_siberia_irkutsk_oblast_multi/mid8876953/olkhonstory_guest_house
olkhonstory_guest_house,8876953,Номер Standard с балконом,3202000001,2,1,,,"[""nobedding""]",,1,7941.00,8000.00,https://ostrovok.ru/hotel/russia/western_siberia_irkutsk_oblast_multi/mid8876953/olkhonstory_guest_house
hotel_u_ruchyya,10624282,Двухместный номер Standard с балконом и с красивым видом из окна (общая ванная комната) (2 отдельные кровати),3201402001U,1,2,2 отдельные кровати,"[""2 отдельные кровати""]","[""twin""]","[{""bed"": ""single"", ""count"": 2}]",2,3958.00,3958.00,https://ostrovok.ru/hotel/russia/western_siberia_irkutsk_oblast_multi/mid10624282/hotel_u_ruchyya
dom_baykal_guest_house,10151922,Двухместный номер Standard с красивым видом из окна (2 отдельные кровати),3202402000U,2,3,2 отдельные кровати,"[""2 отдельные кровати""]","[""twin""]","[{""bed"": ""single"", ""count"": 2}]",2,3166.00,3200.00,https://ostrovok.ru/hotel/russia/western_siberia_irkutsk_oblast_multi/mid10151922/dom_baykal_guest_house
dom_baykal_guest_house,10151922,Четырёхместный семейный номер Classic с красивым видом из окна,3B02014000U,2,2,,,"[""nobedding""]",,4,4452.00,4500.00,https://ostrovok.ru/hotel/russia/western_siberia_irkutsk_oblast_multi/mid10151922/dom_baykal_guest_house
dom_baykal_guest_house,10151922,Четырёхместный семейный номер Deluxe с красивым видом из окна,3602014000U,2,1,,,"[""nobedding""]",,4,5145.00,5200.00,https://ostrovok.ru/hotel/russia/western_siberia_irkutsk_oblast_multi/mid10151922/dom_baykal_guest_house
kupechesky_dvor_hotel,8059354,Двухместный полулюкс с балконом и с видом на город (двуспальная кровать),40023020015,2,1,двуспальная кровать,"[""двуспальная кровать""]","[""double""]","[{""bed"": ""double"", ""count"": 1}]",2,9888.00,10000.00,https://ostrovok.ru/hotel/russia/western_siberia_irkutsk_oblast_multi/mid8059354/kupechesky_dvor_hotel
kupechesky_dvor_hotel,8059354,Двухместный полулюкс Мансарда (двуспальная кровать),400230200004,2,1,двуспальная кровать,"[""двуспальная кровать""]","[""double""]","[{""bed"": ""double"", ""count"": 1}]",2,11372.00,11500.00,https://ostrovok.ru/hotel/russia/western_siberia_irkutsk_oblast_multi/mid8059354/kupechesky_dvor_hotel
kupechesky_dvor_hotel,8059354,Двухместный полулюкс с видом на город (двуспальная кровать) (кровать king size),40023020005,2,2,двуспальная кровать,"[""двуспальная кровать""]","[""double""]","[{""bed"": ""double"", ""count"": 1}]",2,12756.00,12900.00,https://ostrovok.ru/hotel/russia/western_siberia_irkutsk_oblast_multi/mid8059354/kupechesky_dvor_hotel
tsentr_otdykha_dashi,8138887,Двухместный номер Economy с балконом (двуспальная кровать),3102302001,2,2,двуспальная кровать,"[""двуспальная кровать""]","[""double""]","[{""bed"": ""double"", ""count"": 1}]",2,11725.00,11850.00,https://ostrovok.ru/hotel/russia/western_siberia_irkutsk_oblast_multi/mid8138887/tsentr_otdykha_dashi
tsentr_otdykha_dashi,8138887,Двухместный номер Standard с видом на озеро (двуспальная кровать),3202302000D,2,2,двуспальная кровать,"[""двуспальная кровать""]","[""double""]","[{""bed"": ""double"", ""count"": 1}]",2,13091.00,13230.00,https://ostrovok.ru/hotel/russia/western_siberia_irkutsk_oblast_multi/mid8138887/tsentr_otdykha_dashi
tsentr_otdykha_dashi,8138887,Двухместный люкс с балконом и с видом на озеро (двуспальная кровать),5002302001D,2,1,двуспальная кровать,"[""двуспальная кровать""]","[""double""]","[{""bed"": ""double"", ""count"": 1}]",2,25945.00,26220.00,https://ostrovok.ru/hotel/russia/western_siberia_irkutsk_oblast_multi/mid8138887/tsentr_otdykha_dashi
tsentr_otdykha_dashi,8138887,Двухместный номер Deluxe с 2 комнатами с балконом и с видом на озеро (двуспальная кровать),3602302021D,2,3,двуспальная кровать,"[""двуспальная кровать""]","[""double""]","[{""bed"": ""double"", ""count"": 1}]",2,31071.00,31400.00,https://ostrovok.ru/hotel/russia/western_siberia_irkutsk_oblast_multi/mid8138887/tsentr_otdykha_dashi
hotel_angara,6715745,Двухместный номер Standard (2 отдельные кровати),3202402,2,1,2 отдельные кровати,"[""2 отдельные кровати""]","[""twin""]","[{""bed"": ""single"", ""count"": 2}]",2,3800.00,3800.00,https://ostrovok.ru/hotel/russia/western_siberia_irkutsk_oblast_multi/mid6715745/hotel_angara
hotel_angara,6715745,Двухместный номер Standard (двуспальная кровать),3202302,2,3,двуспальная кровать,"[""двуспальная кровать""]","[""double""]","[{""bed"": ""double"", ""count"": 1}]",2,4000.00,4000.00,https://ostrovok.ru/hotel/russia/western_siberia_irkutsk_oblast_multi/mid6715745/hotel_angara
hotel_angara,6715745,Двухместный номер Deluxe (двуспальная кровать),3602302,2,12,двуспальная кровать,"[""двуспальная кровать""]","[""double""]","[{""bed"": ""double"", ""count"": 1}]",2,4500.00,4500.00,https://ostrovok.ru/hotel/russia/western_siberia_irkutsk_oblast_multi/mid6715745/hotel_angara
hotel_angara,6715745,Двухместный полулюкс (двуспальная кровать),4002302,2,1,двуспальная кровать,"[""двуспальная кровать""]","[""double""]","[{""bed"": ""double"", ""count"": 1}]",2,5500.00,5500.00,https://ostrovok.ru/hotel/russia/western_siberia_irkutsk_oblast_multi/mid6715745/hotel_angara
hotel_angara,6715745,Четырёхместный семейный номер Standard (2 отдельные кровати и двуспальная кровать),3202714,2,2,2 отдельные кровати и двуспальная кровать,"[""2 отдельные кровати"", ""двуспальная кровать""]","[""double""]","[{""bed"": ""double"", ""count"": 1}, {""bed"": ""single"", ""count"": 2}]",4,6000.00,6000.00,https://ostrovok.ru/hotel/russia/western_siberia_irkutsk_oblast_multi/mid6715745/hotel_angara
hotel_angara,6715745,Двухместный люкс (двуспальная кровать),5002302,2,1,двуспальная кровать,"[""двуспальная кровать""]","[""double""]","[{""bed"": ""double"", ""count"": 1}]",2,6000.00,6000.00,https://ostrovok.ru/hotel/russia/western_siberia_irkutsk_oblast_multi/mid6715745/hotel_angara
hotel_angara,6715745,Двухместный люкс c 1 комнатой (двуспальная кровать),500230201,2,1,двуспальная кровать,"[""двуспальная кровать""]","[""double""]","[{""bed"": ""double"", ""count"": 1}]",2,7000.00,7000.00,https://ostrovok.ru/hotel/russia/western_siberia_irkutsk_oblast_multi/mid6715745/hotel_angara
maksi_hotel,13793223,Номер Standard,3202,2,2,,,"[""nobedding""]",,1,3463.00,3500.00,https://ostrovok.ru/hotel/russia/western_siberia_irkutsk_oblast_multi/mid13793223/maksi_hotel
hotel_yubileinaya__2,6433819,Одноместный номер Standard,3202001,2,1,,,"[""nobedding""]",,1,2443.00,2500.00,https://ostrovok.ru/hotel/russia/western_siberia_irkutsk_oblast_multi/mid6433819/hotel_yubileinaya__2
hotel_yubileinaya__2,6433819,Одноместный номер Standard с балконом,3202001001,2,1,,,"[""nobedding""]",,1,2639.00,2700.00,https://ostrovok.ru/hotel/russia/western_siberia_irkutsk_oblast_multi/mid6433819/hotel_yubileinaya__2
hotel_yubileinaya__2,6433819,Двухместный номер Standard (2 отдельные кровати),3202402,2,9,2 отдельные кровати,"[""2 отдельные кровати""]","[""twin""]","[{""bed"": ""single"", ""count"": 2}]",2,2932.00,3000.00,https://ostrovok.ru/hotel/russia/western_siberia_irkutsk_oblast_multi/mid6433819/hotel_yubileinaya__2
hotel_yubileinaya__2,6433819,Двухместный номер Standard с балконом (двуспальная кровать),3202302001,2,1,двуспальная кровать,"[""двуспальная кровать""]","[""double""]","[{""bed"": ""double"", ""count"": 1}]",2,3128.00,3200.00,https://ostrovok.ru/hotel/russia/western_siberia_irkutsk_oblast_multi/mid6433819/hotel_yubileinaya__2
hotel_yubileinaya__2,6433819,Двухместный номер Comfort (двуспальная кровать),3302302,2,2,двуспальная кровать,"[""двуспальная кровать""]","[""double""]","[{""bed"": ""double"", ""count"": 1}]",2,3420.00,3500.00,https://ostrovok.ru/hotel/russia/western_siberia_irkutsk_oblast_multi/mid6433819/hotel_yubileinaya__2
baza_otdykha_akvamarin,10016038,Двухместный номер Standard (2 отдельные кровати),3202402,1,4,2 отдельные кровати,"[""2 отдельные кровати""]","[""twin""]","[{""bed"": ""single"", ""count"": 2}]",2,8114.00,8114.00,https://ostrovok.ru/hotel/russia/western_siberia_irkutsk_oblast_multi/mid10016038/baza_otdykha_akvamarin
baza_otdykha_akvamarin,10016038,Двухместный номер Standard (двуспальная кровать),3202302,1,4,двуспальная кровать,"[""двуспальная кровать""]","[""double""]","[{""bed"": ""double"", ""count"": 1}]",2,8114.00,8114.00,https://ostrovok.ru/hotel/russia/western_siberia_irkutsk_oblast_multi/mid10016038/baza_otdykha_akvamarin
baza_otdykha_akvamarin,10016038,Двухместный номер Comfort с балконом (двуспальная кровать),3302302001,1,2,двуспальная кровать,"[""двуспальная кровать""]","[""double""]","[{""bed"": ""double"", ""count"": 1}]",2,9202.00,9202.00,https://ostrovok.ru/hotel/russia/western_siberia_irkutsk_oblast_multi/mid10016038/baza_otdykha_akvamarin
baza_otdykha_akvamarin,10016038,Двухместный номер Comfort с балконом (2 отдельные кровати),3302402001,1,2,2 отдельные кровати,"[""2 отдельные кровати""]","[""twin""]","[{""bed"": ""single"", ""count"": 2}]",2,9202.00,9202.00,https://ostrovok.ru/hotel/russia/western_siberia_irkutsk_oblast_multi/mid10016038/baza_otdykha_akvamarin
baza_otdykha_akvamarin,10016038,Семейный номер Standard,320201,1,1,,,"[""nobedding""]",,3,9796.00,9796.00,https://ostrovok.ru/hotel/russia/western_siberia_irkutsk_oblast_multi/mid10016038/baza_otdykha_akvamarin
baza_otdykha_akvamarin,10016038,Коттедж (с сауной),9002,1,1,,,"[""nobedding""]",,1,23747.00,23747.00,https://ostrovok.ru/hotel/russia/western_siberia_irkutsk_oblast_multi/mid10016038/baza_otdykha_akvamarin
amurskiy,9079548,Двухместный номер Standard с видом на город (двуспальная кровать),32023020005,2,4,двуспальная кровать,"[""двуспальная кровать""]","[""double""]","[{""bed"": ""double"", ""count"": 1}]",2,19900.00,19900.00,https://ostrovok.ru/hotel/russia/western_siberia_irkutsk_oblast_multi/mid9079548/amurskiy
amurskiy,9079548,Двухместный номер Standard с видом на город (2 отдельные кровати),32024020005,2,2,2 отдельные кровати,"[""2 отдельные кровати""]","[""twin""]","[{""bed"": ""single"", ""count"": 2}]",2,19900.00,19900.00,https://ostrovok.ru/hotel/russia/western_siberia_irkutsk_oblast_multi/mid9079548/amurskiy
amurskiy,9079548,Двухместный номер Superior с видом на город (2 отдельные кровати),35024020005,2,3,2 отдельные кровати,"[""2 отдельные кровати""]","[""twin""]","[{""bed"": ""single"", ""count"": 2}]",2,24000.00,24000.00,https://ostrovok.ru/hotel/russia/western_siberia_irkutsk_oblast_multi/mid9079548/amurskiy
amurskiy,9079548,Двухместный люкс (двуспальная кровать),5002302,2,2,двуспальная кровать,"[""двуспальная кровать""]","[""double""]","[{""bed"": ""double"", ""count"": 1}]",2,31350.00,31350.00,https://ostrovok.ru/hotel/russia/western_siberia_irkutsk_oblast_multi/mid9079548/amurskiy
amurskiy,9079548,Четырёхместный семейный полулюкс с видом на город,40020140005,1,1,,,"[""nobedding""]",,4,38600.00,38600.00,https://ostrovok.ru/hotel/russia/western_siberia_irkutsk_oblast_multi/mid9079548/amurskiy
amurskiy,9079548,Четырёхместный семейный люкс с видом на город,50020140005,1,1,,,"[""nobedding""]",,4,48400.00,48400.00,https://ostrovok.ru/hotel/russia/western_siberia_irkutsk_oblast_multi/mid9079548/amurskiy
gostinitsa_undina,9079103,Номер Плюс Стандартный с видом на горы,3202000100F,1,16,,,"[""nobedding""]",,1,8905.00,8905.00,https://ostrovok.ru/hotel/russia/western_siberia_irkutsk_oblast_multi/mid9079103/gostinitsa_undina
gostinitsa_undina,9079103,Номер Стандартный,3202,1,3,,,"[""nobedding""]",,1,8905.00,8905.00,https://ostrovok.ru/hotel/russia/western_siberia_irkutsk_oblast_multi/mid9079103/gostinitsa_undina
gostinitsa_undina,9079103,Полулюкс,4002,1,1,,,"[""nobedding""]",,1,21373.00,21373.00,https://ostrovok.ru/hotel/russia/western_siberia_irkutsk_oblast_multi/mid9079103/gostinitsa_undina
gostinitsa_undina,9079103,Люкс,5002,1,1,,,"[""nobedding""]",,1,27310.00,27310.00,https://ostrovok.ru/hotel/russia/western_siberia_irkutsk_oblast_multi/mid9079103/gostinitsa_undina
gostinitsa_solntse,7818100,Номер Economy,3102,4,1,,,"[""nobedding""]",,1,8704.00,11650.00,https://ostrovok.ru/hotel/russia/western_siberia_irkutsk_oblast_multi/mid7818100/gostinitsa_solntse
gostinitsa_solntse,7818100,Полулюкс с видом на город,40020000005,2,1,,,"[""nobedding""]",,1,11523.00,11650.00,https://ostrovok.ru/hotel/russia/western_siberia_irkutsk_oblast_multi/mid7818100/gostinitsa_solntse
gostinitsa_solntse,7818100,Двухместный полулюкс с видом на город (общая ванная комната) (двуспальная кровать),40013020005,2,1,двуспальная кровать,"[""двуспальная кровать""]","[""double""]","[{""bed"": ""double"", ""count"": 1}]",2,11523.00,11650.00,https://ostrovok.ru/hotel/russia/western_siberia_irkutsk_oblast_multi/mid7818100/gostinitsa_solntse
gostinitsa_solntse,7818100,Студия с видом на город,70020000005,2,1,,,"[""nobedding""]",,1,16320.00,16500.00,https://ostrovok.ru/hotel/russia/western_siberia_irkutsk_oblast_multi/mid7818100/gostinitsa_solntse
gostinitsa_solntse,7818100,Люкс с 2 комнатами с видом на город (джакузи),50020000205,2,1,,,"[""nobedding""]",,1,21266.00,21500.00,https://ostrovok.ru/hotel/russia/western_siberia_irkutsk_oblast_multi/mid7818100/gostinitsa_solntse
alpari,7776573,Двухместный полулюкс с видом на город (двуспальная кровать),40023020005,2,1,двуспальная кровать,"[""двуспальная кровать""]","[""double""]","[{""bed"": ""double"", ""count"": 1}]",2,3956.00,4000.00,https://ostrovok.ru/hotel/russia/western_siberia_irkutsk_oblast_multi/mid7776573/alpari
hotel_gostinitsa_avtovokzal,13754102,Кровать в общем номере (общая ванная комната) (3 кровати),1001,2,6,,,"[""nobedding""]",,1,2572.00,2600.00,https://ostrovok.ru/hotel/russia/western_siberia_irkutsk_oblast_multi/mid13754102/hotel_gostinitsa_avtovokzal
hotel_gostinitsa_avtovokzal,13754102,Двухместный номер Economy (общая ванная комната) (двуспальная кровать),3101302,2,2,двуспальная кровать,"[""двуспальная кровать""]","[""double""]","[{""bed"": ""double"", ""count"": 1}]",2,3859.00,3900.00,https://ostrovok.ru/hotel/russia/western_siberia_irkutsk_oblast_multi/mid13754102/hotel_gostinitsa_avtovokzal
hotel_gostinitsa_avtovokzal,13754102,Двухместный полулюкс (2 отдельные кровати),4002402,2,3,2 отдельные кровати,"[""2 отдельные кровати""]","[""twin""]","[{""bed"": ""single"", ""count"": 2}]",2,5145.00,5200.00,https://ostrovok.ru/hotel/russia/western_siberia_irkutsk_oblast_multi/mid13754102/hotel_gostinitsa_avtovokzal
armat_hotel,8755884,Двухместный номер Стандарт 1-й категории (2 отдельные кровати),3302402,4,14,2 отдельные кровати,"[""2 отдельные кровати""]","[""twin""]","[{""bed"": ""single"", ""count"": 2}]",2,5200.00,6200.00,https://ostrovok.ru/hotel/russia/western_siberia_irkutsk_oblast_multi/mid8755884/armat_hotel
armat_hotel,8755884,Двухместный номер Стандарт 1-й категории (двуспальная кровать),3302302,4,14,двуспальная кровать,"[""двуспальная кровать""]","[""double""]","[{""bed"": ""double"", ""count"": 1}]",2,5200.00,6200.00,https://ostrovok.ru/hotel/russia/western_siberia_irkutsk_oblast_multi/mid8755884/armat_hotel
armat_hotel,8755884,Двухместный номер Special 1-й категории (двуспальная кровать),3B02302,4,1,двуспальная кровать,"[""двуспальная кровать""]","[""double""]","[{""bed"": ""double"", ""count"": 1}]",2,6300.00,7000.00,https://ostrovok.ru/hotel/russia/western_siberia_irkutsk_oblast_multi/mid8755884/armat_hotel
armat_hotel,8755884,Двухместный полулюкс (двуспальная кровать),4002302,4,6,двуспальная кровать,"[""двуспальная кровать""]","[""double""]","[{""bed"": ""double"", ""count"": 1}]",2,6300.00,7000.00,https://ostrovok.ru/hotel/russia/western_siberia_irkutsk_oblast_multi/mid8755884/armat_hotel
armat_hotel,8755884,Двухместный полулюкс (2 отдельные кровати),4002402,4,6,2 отдельные кровати,"[""2 отдельные кровати""]","[""twin""]","[{""bed"": ""single"", ""count"": 2}]",2,6300.00,7000.00,https://ostrovok.ru/hotel/russia/western_siberia_irkutsk_oblast_multi/mid8755884/armat_hotel
armat_hotel,8755884,Двухместный номер Special 1-й категории (2 отдельные кровати),3B02402,4,1,2 отдельные кровати,"[""2 отдельные кровати""]","[""twin""]","[{""bed"": ""single"", ""count"": 2}]",2,6300.00,7000.00,https://ostrovok.ru/hotel/russia/western_siberia_irkutsk_oblast_multi/mid8755884/armat_hotel
gostevoi_dom_margobai,8735570,Кровать в общем номере (общая ванная комната) (3 кровати),1001,5,11,,,"[""nobedding""]",,1,1877.00,4967.00,https://ostrovok.ru/hotel/russia/western_siberia_irkutsk_oblast_multi/mid8735570/gostevoi_dom_margobai
gostevoi_dom_margobai,8735570,Двухместный номер Economy (общая ванная комната) (2 отдельные кровати),3101402,5,1,2 отдельные кровати,"[""2 отдельные кровати""]","[""twin""]","[{""bed"": ""single"", ""count"": 2}]",2,4742.00,7983.00,https://ostrovok.ru/hotel/russia/western_siberia_irkutsk_oblast_multi/mid8735570/gostevoi_dom_margobai
ozerny_tulun_sports_complex_na_karbysheva_185_apartment,13430623,Двухместный номер Standard с балконом (двуспальная кровать),3202302001,2,1,двуспальная кровать,"[""двуспальная кровать""]","[""double""]","[{""bed"": ""double"", ""count"": 1}]",2,3560.00,3600.00,https://ostrovok.ru/hotel/russia/western_siberia_irkutsk_oblast_multi/mid13430623/ozerny_tulun_sports_complex_na_karbysheva_185_apartment
profsoyuznaya_hotel_4,13870224,Апартаменты c 1 комнатой с видом на внутренний двор,60020000106,2,67,,,"[""nobedding""]",,1,3196.00,3230.00,https://ostrovok.ru/hotel/russia/western_siberia_irkutsk_oblast_multi/mid13870224/profsoyuznaya_hotel_4
tengis_park_hotel,11311730,Коттедж c 1 комнатой с красивым видом из окна,9002000010U,1,2,,,"[""nobedding""]",,1,17310.00,17310.00,https://ostrovok.ru/hotel/russia/western_siberia_irkutsk_oblast_multi/mid11311730/tengis_park_hotel
tengis_park_hotel,11311730,Коттедж с 2 комнатами с красивым видом из окна,9002000020U,1,3,,,"[""nobedding""]",,1,28190.00,28190.00,https://ostrovok.ru/hotel/russia/western_siberia_irkutsk_oblast_multi/mid11311730/tengis_park_hotel
bajkalskie_sezonyi,9992857,Двухместный номер Standard (двуспальная кровать),3202302,2,5,двуспальная кровать,"[""двуспальная кровать""]","[""double""]","[{""bed"": ""double"", ""count"": 1}]",2,11478.00,11600.00,https://ostrovok.ru/hotel/russia/western_siberia_irkutsk_oblast_multi/mid9992857/bajkalskie_sezonyi
bajkalskie_sezonyi,9992857,Двухместное бунгало (двуспальная кровать),A002302,2,3,двуспальная кровать,"[""двуспальная кровать""]","[""double""]","[{""bed"": ""double"", ""count"": 1}]",2,20384.00,20600.00,https://ostrovok.ru/hotel/russia/western_siberia_irkutsk_oblast_multi/mid9992857/bajkalskie_sezonyi
bajkalskie_sezonyi,9992857,Двухместное бунгало (2 отдельные кровати),A002402,2,3,2 отдельные кровати,"[""2 отдельные кровати""]","[""twin""]","[{""bed"": ""single"", ""count"": 2}]",2,20384.00,20600.00,https://ostrovok.ru/hotel/russia/western_siberia_irkutsk_oblast_multi/mid9992857/bajkalskie_sezonyi
bajkalskie_sezonyi,9992857,Коттедж,9002,2,1,,,"[""nobedding""]",,1,23352.00,23600.00,https://ostrovok.ru/hotel/russia/western_siberia_irkutsk_oblast_multi/mid9992857/bajkalskie_sezonyi
bajkalskie_sezonyi,9992857,Коттедж с 3 комнатами,900200003,2,2,,,"[""nobedding""]",,1,49080.00,49600.00,https://ostrovok.ru/hotel/russia/western_siberia_irkutsk_oblast_multi/mid9992857/bajkalskie_sezonyi
flagman_hotel_4,9081483,Одноместный номер Comfort,3302001,2,3,,,"[""nobedding""]",,1,6500.00,6500.00,https://ostrovok.ru/hotel/russia/western_siberia_irkutsk_oblast_multi/mid9081483/flagman_hotel_4
flagman_hotel_4,9081483,Люкс,5002,2,1,,,"[""nobedding""]",,1,7000.00,7000.00,https://ostrovok.ru/hotel/russia/western_siberia_irkutsk_oblast_multi/mid9081483/flagman_hotel_4
flagman_hotel_4,9081483,Трёхместный номер Standard,3202003,2,1,,,"[""nobedding""]",,3,7500.00,7500.00,https://ostrovok.ru/hotel/russia/western_siberia_irkutsk_oblast_multi/mid9081483/flagman_hotel_4
riderside,8754956,Двухместный номер Standard (двуспальная кровать),3202302,3,1,двуспальная кровать,"[""двуспальная кровать""]","[""double""]","[{""bed"": ""double"", ""count"": 1}]",2,3400.00,3800.00,https://ostrovok.ru/hotel/russia/western_siberia_irkutsk_oblast_multi/mid8754956/riderside
arena_on_sverdlov,10153554,Номер Economy,3102,4,3,,,"[""nobedding""]",,1,3166.00,7700.00,https://ostrovok.ru/hotel/russia/western_siberia_irkutsk_oblast_multi/mid10153554/arena_on_sverdlov
arena_on_sverdlov,10153554,Одноместный номер Economy (односпальная кровать) (в дополнительном здании),3102201,2,3,односпальная кровать,"[""односпальная кровать""]","[""nobedding""]","[{""bed"": ""single"", ""count"": 1}]",1,3168.00,3200.00,https://ostrovok.ru/hotel/russia/western_siberia_irkutsk_oblast_multi/mid10153554/arena_on_sverdlov
arena_on_sverdlov,10153554,Двухместный номер Economy (2 отдельные кровати),3102402,4,6,2 отдельные кровати,"[""2 отдельные кровати""]","[""twin""]","[{""bed"": ""single"", ""count"": 2}]",2,4452.00,4500.00,https://ostrovok.ru/hotel/russia/western_siberia_irkutsk_oblast_multi/mid10153554/arena_on_sverdlov
arena_on_sverdlov,10153554,Трёхместный номер Economy,3102003,2,3,,,"[""nobedding""]",,3,5937.00,6000.00,https://ostrovok.ru/hotel/russia/western_siberia_irkutsk_oblast_multi/mid10153554/arena_on_sverdlov
tochka_baykala_hotel,11328622,Полулюкс,4002,1,3,,,"[""nobedding""]",,1,7000.00,7000.00,https://ostrovok.ru/hotel/russia/western_siberia_irkutsk_oblast_multi/mid11328622/tochka_baykala_hotel
hotel_complex_baikalov_ostrog,8027714,Номер Стандарт с красивым видом из окна,3202000000U,2,37,,,"[""nobedding""]",,1,9963.00,9975.00,https://ostrovok.ru/hotel/russia/western_siberia_irkutsk_oblast_multi/mid8027714/hotel_complex_baikalov_ostrog
hotel_complex_baikalov_ostrog,8027714,Номер Классический Стандарт с красивым видом из окна,3B02000000U,2,22,,,"[""nobedding""]",,1,9963.00,9975.00,https://ostrovok.ru/hotel/russia/western_siberia_irkutsk_oblast_multi/mid8027714/hotel_complex_baikalov_ostrog
hotel_complex_baikalov_ostrog,8027714,Номер Классический семейный с красивым видом из окна,3702000000U,2,5,,,"[""nobedding""]",,3,15656.00,15675.00,https://ostrovok.ru/hotel/russia/western_siberia_irkutsk_oblast_multi/mid8027714/hotel_complex_baikalov_ostrog
hotel_complex_baikalov_ostrog,8027714,Люкс с красивым видом из окна,5002000000U,2,4,,,"[""nobedding""]",,1,17079.00,17100.00,https://ostrovok.ru/hotel/russia/western_siberia_irkutsk_oblast_multi/mid8027714/hotel_complex_baikalov_ostrog
hotel_complex_baikalov_ostrog,8027714,Апартаменты с красивым видом из окна,6002000000U,2,1,,,"[""nobedding""]",,1,34159.00,34200.00,https://ostrovok.ru/hotel/russia/western_siberia_irkutsk_oblast_multi/mid8027714/hotel_complex_baikalov_ostrog
bely_bereg,10844916,Четырёхместный коттедж с 2 комнатами с видом на внутренний двор,90020040206,2,2,,,"[""nobedding""]",,4,6300.00,6300.00,https://ostrovok.ru/hotel/russia/western_siberia_irkutsk_oblast_multi/mid10844916/bely_bereg
bely_bereg,10844916,Двухместная студия Дуплекс с красивым видом из окна (двуспальная кровать) (кровать king size),7002302000U2,4,3,двуспальная кровать,"[""двуспальная кровать""]","[""double""]","[{""bed"": ""double"", ""count"": 1}]",2,8550.00,9500.00,https://ostrovok.ru/hotel/russia/western_siberia_irkutsk_oblast_multi/mid10844916/bely_bereg
bely_bereg,10844916,Шестиместный семейный коттедж,9002016,2,1,,,"[""nobedding""]",,3,8550.00,8550.00,https://ostrovok.ru/hotel/russia/western_siberia_irkutsk_oblast_multi/mid10844916/bely_bereg
hotel_olimpiada,10440808,"Кровать в общем номере (общая ванная комната) (без окна, 4 кровати)",1001,8,11,,,"[""nobedding""]",,1,800.00,4767.00,https://ostrovok.ru/hotel/russia/western_siberia_irkutsk_oblast_multi/mid10440808/hotel_olimpiada
hotel_olimpiada,10440808,Одноместный номер + Standard (общая ванная комната),3201011,2,3,,,"[""nobedding""]",,1,1700.00,1800.00,https://ostrovok.ru/hotel/russia/western_siberia_irkutsk_oblast_multi/mid10440808/hotel_olimpiada
hotel_olimpiada,10440808,Двухместный номер + Comfort (двуспальная кровать),3302312,2,2,двуспальная кровать,"[""двуспальная кровать""]","[""double""]","[{""bed"": ""double"", ""count"": 1}]",2,3500.00,3707.00,https://ostrovok.ru/hotel/russia/western_siberia_irkutsk_oblast_multi/mid10440808/hotel_olimpiada
baykkalina_guest_house,10011069,Коттедж Superior,9502,2,1,,,"[""nobedding""]",,1,7916.00,8000.00,https://ostrovok.ru/hotel/russia/western_siberia_irkutsk_oblast_multi/mid10011069/baykkalina_guest_house
aura_living_quarters,13743326,Люкс с балконом и с красивым видом из окна,5002000001U,1,6,,,"[""nobedding""]",,1,5838.00,5838.00,https://ostrovok.ru/hotel/russia/western_siberia_irkutsk_oblast_multi/mid13743326/aura_living_quarters
hotel_gostinitsa_dinamo,10295894,Кровать в общем номере (общая ванная комната) (3 кровати),1001,2,3,,,"[""nobedding""]",,1,1128.00,1140.00,https://ostrovok.ru/hotel/russia/western_siberia_irkutsk_oblast_multi/mid10295894/hotel_gostinitsa_dinamo
hotel_gostinitsa_dinamo,10295894,Двухместный номер Standard (общая ванная комната) (2 отдельные кровати),3201402,3,7,2 отдельные кровати,"[""2 отдельные кровати""]","[""twin""]","[{""bed"": ""single"", ""count"": 2}]",2,2255.00,2350.00,https://ostrovok.ru/hotel/russia/western_siberia_irkutsk_oblast_multi/mid10295894/hotel_gostinitsa_dinamo
hotel_gostinitsa_dinamo,10295894,Двухместный номер Comfort (общая ванная комната) (2 отдельные кровати),3301402,2,7,2 отдельные кровати,"[""2 отдельные кровати""]","[""twin""]","[{""bed"": ""single"", ""count"": 2}]",2,2820.00,2850.00,https://ostrovok.ru/hotel/russia/western_siberia_irkutsk_oblast_multi/mid10295894/hotel_gostinitsa_dinamo
hotel_gostinitsa_dinamo,10295894,Двухместный номер Superior (двуспальная кровать),3502302,2,3,двуспальная кровать,"[""двуспальная кровать""]","[""double""]","[{""bed"": ""double"", ""count"": 1}]",2,3562.00,3600.00,https://ostrovok.ru/hotel/russia/western_siberia_irkutsk_oblast_multi/mid10295894/hotel_gostinitsa_dinamo
hotel_gostinitsa_dinamo,10295894,Двухместный люкс c 1 комнатой (двуспальная кровать),500230201,2,1,двуспальная кровать,"[""двуспальная кровать""]","[""double""]","[{""bed"": ""double"", ""count"": 1}]",2,3562.00,3600.00,https://ostrovok.ru/hotel/russia/western_siberia_irkutsk_oblast_multi/mid10295894/hotel_gostinitsa_dinamo
planeta_9,8850641,Двухместный номер Standard (двуспальная кровать),3202302,4,3,двуспальная кровать,"[""двуспальная кровать""]","[""double""]","[{""bed"": ""double"", ""count"": 1}]",2,2969.00,3220.00,https://ostrovok.ru/hotel/russia/western_siberia_irkutsk_oblast_multi/mid8850641/planeta_9
planeta_9,8850641,Двухместный номер Standard (2 отдельные кровати),3202402,4,2,2 отдельные кровати,"[""2 отдельные кровати""]","[""twin""]","[{""bed"": ""single"", ""count"": 2}]",2,2969.00,3220.00,https://ostrovok.ru/hotel/russia/western_siberia_irkutsk_oblast_multi/mid8850641/planeta_9
planeta_9,8850641,Двухместный полулюкс (двуспальная кровать),4002302,4,3,двуспальная кровать,"[""двуспальная кровать""]","[""double""]","[{""bed"": ""double"", ""count"": 1}]",2,3465.00,3715.00,https://ostrovok.ru/hotel/russia/western_siberia_irkutsk_oblast_multi/mid8850641/planeta_9
planeta_9,8850641,Двухместный люкс (двуспальная кровать),5002302,4,2,двуспальная кровать,"[""двуспальная кровать""]","[""double""]","[{""bed"": ""double"", ""count"": 1}]",2,4949.00,5200.00,https://ostrovok.ru/hotel/russia/western_siberia_irkutsk_oblast_multi/mid8850641/planeta_9
hotel_pushkin_2,6932873,Двухместный номер Стандарт (двуспальная кровать) (кровать queen size),3202302,4,1,двуспальная кровать,"[""двуспальная кровать""]","[""double""]","[{""bed"": ""double"", ""count"": 1}]",2,7319.00,9200.00,https://ostrovok.ru/hotel/russia/western_siberia_irkutsk_oblast_multi/mid6932873/hotel_pushkin_2
hotel_pushkin_2,6932873,Двухместный номер Стандарт Улучшенный (двуспальная кровать),3502302,4,2,двуспальная кровать,"[""двуспальная кровать""]","[""double""]","[{""bed"": ""double"", ""count"": 1}]",2,9199.00,11100.00,https://ostrovok.ru/hotel/russia/western_siberia_irkutsk_oblast_multi/mid6932873/hotel_pushkin_2
hotel_pushkin_2,6932873,Двухместный номер Стандарт Улучшенный (2 отдельные кровати),3502402,2,2,2 отдельные кровати,"[""2 отдельные кровати""]","[""twin""]","[{""bed"": ""single"", ""count"": 2}]",2,9199.00,9300.00,https://ostrovok.ru/hotel/russia/western_siberia_irkutsk_oblast_multi/mid6932873/hotel_pushkin_2
hotel_pushkin_2,6932873,Двухместная Номер Студио (двуспальная кровать) (кровать queen size),7002302,4,1,двуспальная кровать,"[""двуспальная кровать""]","[""double""]","[{""bed"": ""double"", ""count"": 1}]",2,11375.00,13300.00,https://ostrovok.ru/hotel/russia/western_siberia_irkutsk_oblast_multi/mid6932873/hotel_pushkin_2
hotel_pushkin_2,6932873,Двухместный номер Делюкс Премиум (двуспальная кровать) (кровать queen size),3A02302,3,1,двуспальная кровать,"[""двуспальная кровать""]","[""double""]","[{""bed"": ""double"", ""count"": 1}]",2,15826.00,17800.00,https://ostrovok.ru/hotel/russia/western_siberia_irkutsk_oblast_multi/mid6932873/hotel_pushkin_2
guest_house_vremena_goda,6511529,Двухместный номер Standard (2 отдельные кровати),3202402,1,2,2 отдельные кровати,"[""2 отдельные кровати""]","[""twin""]","[{""bed"": ""single"", ""count"": 2}]",2,5100.00,5100.00,https://ostrovok.ru/hotel/russia/western_siberia_irkutsk_oblast_multi/mid6511529/guest_house_vremena_goda
guest_house_vremena_goda,6511529,Двухместная студия (2 отдельные кровати),7002402,1,1,2 отдельные кровати,"[""2 отдельные кровати""]","[""twin""]","[{""bed"": ""single"", ""count"": 2}]",2,5600.00,5600.00,https://ostrovok.ru/hotel/russia/western_siberia_irkutsk_oblast_multi/mid6511529/guest_house_vremena_goda
vostochnaia,8682955,Двухместный номер Standard (двуспальная кровать),3202302,2,1,двуспальная кровать,"[""двуспальная кровать""]","[""double""]","[{""bed"": ""double"", ""count"": 1}]",2,4600.00,5150.00,https://ostrovok.ru/hotel/russia/western_siberia_irkutsk_oblast_multi/mid8682955/vostochnaia
vostochnaia,8682955,Двухместный номер Standard (2 отдельные кровати),3202402,2,8,2 отдельные кровати,"[""2 отдельные кровати""]","[""twin""]","[{""bed"": ""single"", ""count"": 2}]",2,5600.00,6700.00,https://ostrovok.ru/hotel/russia/western_siberia_irkutsk_oblast_multi/mid8682955/vostochnaia
vostochnaia,8682955,Трёхместный номер Standard,3202003,2,3,,,"[""nobedding""]",,3,6300.00,7950.00,https://ostrovok.ru/hotel/russia/western_siberia_irkutsk_oblast_multi/mid8682955/vostochnaia
vostochnaia,8682955,Двухместный полулюкс (двуспальная кровать),4002302,2,4,двуспальная кровать,"[""двуспальная кровать""]","[""double""]","[{""bed"": ""double"", ""count"": 1}]",2,6500.00,7000.00,https://ostrovok.ru/hotel/russia/western_siberia_irkutsk_oblast_multi/mid8682955/vostochnaia
vostochnaia,8682955,Двухместный люкс (двуспальная кровать),5002302,1,1,двуспальная кровать,"[""двуспальная кровать""]","[""double""]","[{""bed"": ""double"", ""count"": 1}]",2,7500.00,7500.00,https://ostrovok.ru/hotel/russia/western_siberia_irkutsk_oblast_multi/mid8682955/vostochnaia
arena_g_irkutsk,8491921,Одноместный номер Superior (общая ванная комната),3501001,2,6,,,"[""nobedding""]",,1,3128.00,3200.00,https://ostrovok.ru/hotel/russia/western_siberia_irkutsk_oblast_multi/mid8491921/arena_g_irkutsk
arena_g_irkutsk,8491921,Двухместный номер Superior (общая ванная комната) (2 отдельные кровати),3501402,2,6,2 отдельные кровати,"[""2 отдельные кровати""]","[""twin""]","[{""bed"": ""single"", ""count"": 2}]",2,4398.00,4500.00,https://ostrovok.ru/hotel/russia/western_siberia_irkutsk_oblast_multi/mid8491921/arena_g_irkutsk
arena_g_irkutsk,8491921,Двухместный семейный номер Standard с видом на город (двуспальная кровать) (диван),32023120005,2,5,двуспальная кровать,"[""двуспальная кровать""]","[""double""]","[{""bed"": ""double"", ""count"": 1}]",2,5937.00,6000.00,https://ostrovok.ru/hotel/russia/western_siberia_irkutsk_oblast_multi/mid8491921/arena_g_irkutsk
hotel_barguzin,10012829,Трёхместный номер Standard,3202003,2,1,,,"[""nobedding""]",,3,7916.00,8000.00,https://ostrovok.ru/hotel/russia/western_siberia_irkutsk_oblast_multi/mid10012829/hotel_barguzin
hotel_barguzin,10012829,Трёхместный номер Superior,3502003,2,1,,,"[""nobedding""]",,3,7916.00,8000.00,https://ostrovok.ru/hotel/russia/western_siberia_irkutsk_oblast_multi/mid10012829/hotel_barguzin
hotel_barguzin,10012829,Одноместный семейный номер Standard,3202011,2,1,,,"[""nobedding""]",,3,9895.00,10000.00,https://ostrovok.ru/hotel/russia/western_siberia_irkutsk_oblast_multi/mid10012829/hotel_barguzin
hotel_barguzin,10012829,Четырёхместный номер Standard,3202004,2,1,,,"[""nobedding""]",,4,9895.00,10000.00,https://ostrovok.ru/hotel/russia/western_siberia_irkutsk_oblast_multi/mid10012829/hotel_barguzin
tri_kita_2,9824733,Двухместный номер Standard (общая ванная комната) (2 отдельные кровати),3201402,4,3,2 отдельные кровати,"[""2 отдельные кровати""]","[""twin""]","[{""bed"": ""single"", ""count"": 2}]",2,2584.00,3300.00,https://ostrovok.ru/hotel/russia/western_siberia_irkutsk_oblast_multi/mid9824733/tri_kita_2
tri_kita_2,9824733,Семейный номер Standard (общая ванная комната),320101,4,1,,,"[""nobedding""]",,3,2982.00,3700.00,https://ostrovok.ru/hotel/russia/western_siberia_irkutsk_oblast_multi/mid9824733/tri_kita_2
tri_kita_2,9824733,Люкс,5002,4,1,,,"[""nobedding""]",,1,5865.00,6600.00,https://ostrovok.ru/hotel/russia/western_siberia_irkutsk_oblast_multi/mid9824733/tri_kita_2
yupiter,9987415,Двухместный номер Standard (2 отдельные кровати),3202402,2,1,2 отдельные кровати,"[""2 отдельные кровати""]","[""twin""]","[{""bed"": ""single"", ""count"": 2}]",2,3000.00,3300.00,https://ostrovok.ru/hotel/russia/western_siberia_irkutsk_oblast_multi/mid9987415/yupiter
yupiter,9987415,Двухместный номер Superior (двуспальная кровать),3502302,2,2,двуспальная кровать,"[""двуспальная кровать""]","[""double""]","[{""bed"": ""double"", ""count"": 1}]",2,3000.00,3300.00,https://ostrovok.ru/hotel/russia/western_siberia_irkutsk_oblast_multi/mid9987415/yupiter
oktyabrskaya_minihotel,8751925,Двухместный номер Standard (2 отдельные кровати) (в главном здании),3202402,2,3,2 отдельные кровати,"[""2 отдельные кровати""]","[""twin""]","[{""bed"": ""single"", ""count"": 2}]",2,1500.00,1589.00,https://ostrovok.ru/hotel/russia/western_siberia_irkutsk_oblast_multi/mid8751925/oktyabrskaya_minihotel
oktyabrskaya_minihotel,8751925,Кровать в общем номере (общая ванная комната) (в главном здании),1001,2,1,,,"[""nobedding""]",,1,3000.00,3178.00,https://ostrovok.ru/hotel/russia/western_siberia_irkutsk_oblast_multi/mid8751925/oktyabrskaya_minihotel
green_hotel_,6518006,Двухместный номер Standard (2 отдельные кровати),3202402,6,5,2 отдельные кровати,"[""2 отдельные кровати""]","[""twin""]","[{""bed"": ""single"", ""count"": 2}]",2,3518.00,3950.00,https://ostrovok.ru/hotel/russia/western_siberia_irkutsk_oblast_multi/mid6518006/green_hotel_
green_hotel_,6518006,Двухместный номер Standard (двуспальная кровать),3202302,6,8,двуспальная кровать,"[""двуспальная кровать""]","[""double""]","[{""bed"": ""double"", ""count"": 1}]",2,3518.00,3950.00,https://ostrovok.ru/hotel/russia/western_siberia_irkutsk_oblast_multi/mid6518006/green_hotel_
green_hotel_,6518006,Двухместный семейный номер Standard (двуспальная кровать) (диван),3202312,4,2,двуспальная кровать,"[""двуспальная кровать""]","[""double""]","[{""bed"": ""double"", ""count"": 1}]",2,4738.00,5050.00,https://ostrovok.ru/hotel/russia/western_siberia_irkutsk_oblast_multi/mid6518006/green_hotel_
green_hotel_,6518006,Одноместный номер Economy,3102001,4,2,,,"[""nobedding""]",,1,4829.00,5250.00,https://ostrovok.ru/hotel/russia/western_siberia_irkutsk_oblast_multi/mid6518006/green_hotel_
green_hotel_,6518006,Двухместный люкс (двуспальная кровать),5002302,6,1,двуспальная кровать,"[""двуспальная кровать""]","[""double""]","[{""bed"": ""double"", ""count"": 1}]",2,5677.00,6250.00,https://ostrovok.ru/hotel/russia/western_siberia_irkutsk_oblast_multi/mid6518006/green_hotel_
hotel_khotej,13330760,Двухместный номер Standard (2 отдельные кровати),3202402,1,16,2 отдельные кровати,"[""2 отдельные кровати""]","[""twin""]","[{""bed"": ""single"", ""count"": 2}]",2,9775.00,9775.00,https://ostrovok.ru/hotel/russia/western_siberia_irkutsk_oblast_multi/mid13330760/hotel_khotej
hotel_khotej,13330760,Двухместный семейный номер Standard с видом на озеро (двуспальная кровать),3202312000D,1,3,двуспальная кровать,"[""двуспальная кровать""]","[""double""]","[{""bed"": ""double"", ""count"": 1}]",2,17250.00,17250.00,https://ostrovok.ru/hotel/russia/western_siberia_irkutsk_oblast_multi/mid13330760/hotel_khotej
olkhon_house_guest_family_house,11278129,Двухместный номер Standard (двуспальная кровать),3202302,1,1,двуспальная кровать,"[""двуспальная кровать""]","[""double""]","[{""bed"": ""double"", ""count"": 1}]",2,4947.00,4947.00,https://ostrovok.ru/hotel/russia/western_siberia_irkutsk_oblast_multi/mid11278129/olkhon_house_guest_family_house
olkhon_house_guest_family_house,11278129,Семейный номер Standard,320201,1,1,,,"[""nobedding""]",,3,5442.00,5442.00,https://ostrovok.ru/hotel/russia/western_siberia_irkutsk_oblast_multi/mid11278129/olkhon_house_guest_family_house
the_hotel_on_volzhskaya,11311377,Трёхместный номер Economy (общая ванная комната) (в главном здании),3101003,1,13,,,"[""nobedding""]",,3,2823.00,2823.00,https://ostrovok.ru/hotel/russia/western_siberia_irkutsk_oblast_multi/mid11311377/the_hotel_on_volzhskaya
the_hotel_on_volzhskaya,11311377,Двухместный полулюкс (двуспальная кровать) (в главном здании),4002302,1,2,двуспальная кровать,"[""двуспальная кровать""]","[""double""]","[{""bed"": ""double"", ""count"": 1}]",2,3564.00,3564.00,https://ostrovok.ru/hotel/russia/western_siberia_irkutsk_oblast_multi/mid11311377/the_hotel_on_volzhskaya
the_hotel_on_volzhskaya,11311377,Двухместный люкс улучшенный (двуспальная кровать) (в главном здании),5502302,1,1,двуспальная кровать,"[""двуспальная кровать""]","[""double""]","[{""bed"": ""double"", ""count"": 1}]",2,6435.00,6435.00,https://ostrovok.ru/hotel/russia/western_siberia_irkutsk_oblast_multi/mid11311377/the_hotel_on_volzhskaya
metelitsa_6,9211770,Двухместный номер Standard с красивым видом из окна (двуспальная кровать),3202302000U,1,3,двуспальная кровать,"[""двуспальная кровать""]","[""double""]","[{""bed"": ""double"", ""count"": 1}]",2,2369.00,2369.00,https://ostrovok.ru/hotel/russia/western_siberia_irkutsk_oblast_multi/mid9211770/metelitsa_6
metelitsa_6,9211770,Двухместный полулюкс с красивым видом из окна (двуспальная кровать),4002302000U,1,1,двуспальная кровать,"[""двуспальная кровать""]","[""double""]","[{""bed"": ""double"", ""count"": 1}]",2,3356.00,3356.00,https://ostrovok.ru/hotel/russia/western_siberia_irkutsk_oblast_multi/mid9211770/metelitsa_6
metelitsa_6,9211770,Люкс с красивым видом из окна,5002000000U,1,1,,,"[""nobedding""]",,1,4343.00,4343.00,https://ostrovok.ru/hotel/russia/western_siberia_irkutsk_oblast_multi/mid9211770/metelitsa_6
luna_hotel_9,9752435,Двухместный номер Economy (общая ванная комната) (2 отдельные кровати),3101402,2,1,2 отдельные кровати,"[""2 отдельные кровати""]","[""twin""]","[{""bed"": ""single"", ""count"": 2}]",2,3000.00,3250.00,https://ostrovok.ru/hotel/russia/western_siberia_irkutsk_oblast_multi/mid9752435/luna_hotel_9
luna_hotel_9,9752435,Одноместный номер Standard,3202001,2,1,,,"[""nobedding""]",,1,3000.00,3250.00,https://ostrovok.ru/hotel/russia/western_siberia_irkutsk_oblast_multi/mid9752435/luna_hotel_9
luna_hotel_9,9752435,Одноместный номер Comfort,3302001,1,1,,,"[""nobedding""]",,1,3300.00,3300.00,https://ostrovok.ru/hotel/russia/western_siberia_irkutsk_oblast_multi/mid9752435/luna_hotel_9
luna_hotel_9,9752435,Двухместный номер Standard (2 отдельные кровати),3202402,2,1,2 отдельные кровати,"[""2 отдельные кровати""]","[""twin""]","[{""bed"": ""single"", ""count"": 2}]",2,3600.00,3850.00,https://ostrovok.ru/hotel/russia/western_siberia_irkutsk_oblast_multi/mid9752435/luna_hotel_9
luna_hotel_9,9752435,Двухместный номер Comfort с видом на город (двуспальная кровать),33023020005,1,1,двуспальная кровать,"[""двуспальная кровать""]","[""double""]","[{""bed"": ""double"", ""count"": 1}]",2,3600.00,3600.00,https://ostrovok.ru/hotel/russia/western_siberia_irkutsk_oblast_multi/mid9752435/luna_hotel_9
magnetit,8825582,Одноместный номер Классический,3B02001,2,2,,,"[""nobedding""]",,1,2700.00,2700.00,https://ostrovok.ru/hotel/russia/western_siberia_irkutsk_oblast_multi/mid8825582/magnetit
magnetit,8825582,Одноместный номер Стандарт,3202001,2,12,,,"[""nobedding""]",,1,3100.00,3100.00,https://ostrovok.ru/hotel/russia/western_siberia_irkutsk_oblast_multi/mid8825582/magnetit
magnetit,8825582,Одноместный номер Улучшенный,3502001,2,2,,,"[""nobedding""]",,1,4300.00,4300.00,https://ostrovok.ru/hotel/russia/western_siberia_irkutsk_oblast_multi/mid8825582/magnetit
magnetit,8825582,Двухместный люкс Двухкомнатный (двуспальная кровать),500230202,2,1,двуспальная кровать,"[""двуспальная кровать""]","[""double""]","[{""bed"": ""double"", ""count"": 1}]",2,5700.00,5700.00,https://ostrovok.ru/hotel/russia/western_siberia_irkutsk_oblast_multi/mid8825582/magnetit
magnetit,8825582,Четырёхместный номер Стандарт,3202004,2,1,,,"[""nobedding""]",,4,8000.00,8000.00,https://ostrovok.ru/hotel/russia/western_siberia_irkutsk_oblast_multi/mid8825582/magnetit
less_guest_house,11308288,Двухместный номер Standard с видом на горы (2 отдельные кровати),3202402000F,2,1,2 отдельные кровати,"[""2 отдельные кровати""]","[""twin""]","[{""bed"": ""single"", ""count"": 2}]",2,9796.00,9900.00,https://ostrovok.ru/hotel/russia/western_siberia_irkutsk_oblast_multi/mid11308288/less_guest_house
less_guest_house,11308288,Двухместный номер Standard с красивым видом из окна (двуспальная кровать) (кровать king size),3202302000U,2,2,двуспальная кровать,"[""двуспальная кровать""]","[""double""]","[{""bed"": ""double"", ""count"": 1}]",2,9796.00,9900.00,https://ostrovok.ru/hotel/russia/western_siberia_irkutsk_oblast_multi/mid11308288/less_guest_house
legend_of_baikal,7776712,Двухместный номер Standard (двуспальная кровать),3202302,2,2,двуспальная кровать,"[""двуспальная кровать""]","[""double""]","[{""bed"": ""double"", ""count"": 1}]",2,10625.00,10625.00,https://ostrovok.ru/hotel/russia/western_siberia_irkutsk_oblast_multi/mid7776712/legend_of_baikal
legend_of_baikal,7776712,Двухместный номер Superior с балконом и с видом на море (двуспальная кровать),3502302001O,2,2,двуспальная кровать,"[""двуспальная кровать""]","[""double""]","[{""bed"": ""double"", ""count"": 1}]",2,10625.00,10625.00,https://ostrovok.ru/hotel/russia/western_siberia_irkutsk_oblast_multi/mid7776712/legend_of_baikal
legend_of_baikal,7776712,Двухместный номер Superior с балконом и с видом на море (2 отдельные кровати),3502402001O,2,3,2 отдельные кровати,"[""2 отдельные кровати""]","[""twin""]","[{""bed"": ""single"", ""count"": 2}]",2,10625.00,10625.00,https://ostrovok.ru/hotel/russia/western_siberia_irkutsk_oblast_multi/mid7776712/legend_of_baikal
legend_of_baikal,7776712,Студия с балконом и с красивым видом из окна,7002000001U,2,1,,,"[""nobedding""]",,1,13125.00,13125.00,https://ostrovok.ru/hotel/russia/western_siberia_irkutsk_oblast_multi/mid7776712/legend_of_baikal
aerobratsk,10899814,Кровать в общем номере (общая ванная комната) (3 кровати),1001,4,3,,,"[""nobedding""]",,1,890.00,1700.00,https://ostrovok.ru/hotel/russia/western_siberia_irkutsk_oblast_multi/mid10899814/aerobratsk
aerobratsk,10899814,Одноместный номер Standard,3202001,2,5,,,"[""nobedding""]",,1,3463.00,3500.00,https://ostrovok.ru/hotel/russia/western_siberia_irkutsk_oblast_multi/mid10899814/aerobratsk
hotel_irbis,9290866,Двухместный номер Standard (2 отдельные кровати),3202402,1,5,2 отдельные кровати,"[""2 отдельные кровати""]","[""twin""]","[{""bed"": ""single"", ""count"": 2}]",2,6728.00,6728.00,https://ostrovok.ru/hotel/russia/western_siberia_irkutsk_oblast_multi/mid9290866/hotel_irbis
katantsa_hotel,13328659,Одноместный номер Standard (кресло-кровать),3202001,1,2,,,"[""chair-bed""]",,1,3500.00,3500.00,https://ostrovok.ru/hotel/russia/western_siberia_irkutsk_oblast_multi/mid13328659/katantsa_hotel
katantsa_hotel,13328659,Одноместный номер Superior (кресло-кровать),3502001,1,1,,,"[""chair-bed""]",,1,4000.00,4000.00,https://ostrovok.ru/hotel/russia/western_siberia_irkutsk_oblast_multi/mid13328659/katantsa_hotel
katantsa_hotel,13328659,Двухместный номер Standard (двуспальная кровать),3202302,1,5,двуспальная кровать,"[""двуспальная кровать""]","[""double""]","[{""bed"": ""double"", ""count"": 1}]",2,4500.00,4500.00,https://ostrovok.ru/hotel/russia/western_siberia_irkutsk_oblast_multi/mid13328659/katantsa_hotel
katantsa_hotel,13328659,Двухместный номер Comfort (двуспальная кровать),3302302,1,3,двуспальная кровать,"[""двуспальная кровать""]","[""double""]","[{""bed"": ""double"", ""count"": 1}]",2,4500.00,4500.00,https://ostrovok.ru/hotel/russia/western_siberia_irkutsk_oblast_multi/mid13328659/katantsa_hotel
katantsa_hotel,13328659,Двухместный номер Standard (2 отдельные кровати),3202402,1,5,2 отдельные кровати,"[""2 отдельные кровати""]","[""twin""]","[{""bed"": ""single"", ""count"": 2}]",2,4500.00,4500.00,https://ostrovok.ru/hotel/russia/western_siberia_irkutsk_oblast_multi/mid13328659/katantsa_hotel
katantsa_hotel,13328659,Двухместный люкс Comfort (двуспальная кровать),5302302,1,1,двуспальная кровать,"[""двуспальная кровать""]","[""double""]","[{""bed"": ""double"", ""count"": 1}]",2,7000.00,7000.00,https://ostrovok.ru/hotel/russia/western_siberia_irkutsk_oblast_multi/mid13328659/katantsa_hotel
hotel_rodina_grand_hotel_spa_irkutsk_5,11200427,Двухместный Модерн Супериор (двуспальная кровать) (кровать king size),A502302,2,7,двуспальная кровать,"[""двуспальная кровать""]","[""double""]","[{""bed"": ""double"", ""count"": 1}]",2,46000.00,46000.00,https://ostrovok.ru/hotel/russia/western_siberia_irkutsk_oblast_multi/mid11200427/hotel_rodina_grand_hotel_spa_irkutsk_5
hotel_rodina_grand_hotel_spa_irkutsk_5,11200427,Двухместный Нордик Супериор с красивым видом из окна (2 отдельные кровати),8502402000U,2,3,2 отдельные кровати,"[""2 отдельные кровати""]","[""twin""]","[{""bed"": ""single"", ""count"": 2}]",2,46000.00,46000.00,https://ostrovok.ru/hotel/russia/western_siberia_irkutsk_oblast_multi/mid11200427/hotel_rodina_grand_hotel_spa_irkutsk_5
hotel_rodina_grand_hotel_spa_irkutsk_5,11200427,Двухместный Нордик Супериор с красивым видом из окна (двуспальная кровать),8502302000U,2,3,двуспальная кровать,"[""двуспальная кровать""]","[""double""]","[{""bed"": ""double"", ""count"": 1}]",2,46000.00,46000.00,https://ostrovok.ru/hotel/russia/western_siberia_irkutsk_oblast_multi/mid11200427/hotel_rodina_grand_hotel_spa_irkutsk_5
hotel_rodina_grand_hotel_spa_irkutsk_5,11200427,Двухместный Классик Супериор с красивым видом из окна (2 отдельные кровати),9502402000U,2,4,2 отдельные кровати,"[""2 отдельные кровати""]","[""twin""]","[{""bed"": ""single"", ""count"": 2}]",2,46000.00,46000.00,https://ostrovok.ru/hotel/russia/western_siberia_irkutsk_oblast_multi/mid11200427/hotel_rodina_grand_hotel_spa_irkutsk_5
hotel_rodina_grand_hotel_spa_irkutsk_5,11200427,Двухместный Классик Супериор с красивым видом из окна (двуспальная кровать),9502302000U,2,4,двуспальная кровать,"[""двуспальная кровать""]","[""double""]","[{""bed"": ""double"", ""count"": 1}]",2,46000.00,46000.00,https://ostrovok.ru/hotel/russia/western_siberia_irkutsk_oblast_multi/mid11200427/hotel_rodina_grand_hotel_spa_irkutsk_5
hotel_rodina_grand_hotel_spa_irkutsk_5,11200427,Двухместный Нордик Делюкс с красивым видом из окна (двуспальная кровать) (кровать king size),8602302000U,2,1,двуспальная кровать,"[""двуспальная кровать""]","[""double""]","[{""bed"": ""double"", ""count"": 1}]",2,50000.00,50000.00,https://ostrovok.ru/hotel/russia/western_siberia_irkutsk_oblast_multi/mid11200427/hotel_rodina_grand_hotel_spa_irkutsk_5
hotel_rodina_grand_hotel_spa_irkutsk_5,11200427,Двухместный Классик Делюкс с видом на город (двуспальная кровать),96023020005,2,1,двуспальная кровать,"[""двуспальная кровать""]","[""double""]","[{""bed"": ""double"", ""count"": 1}]",2,50000.00,50000.00,https://ostrovok.ru/hotel/russia/western_siberia_irkutsk_oblast_multi/mid11200427/hotel_rodina_grand_hotel_spa_irkutsk_5
hotel_rodina_grand_hotel_spa_irkutsk_5,11200427,Двухместный Классик Делюкс с видом на город (2 отдельные кровати),96024020005,2,1,2 отдельные кровати,"[""2 отдельные кровати""]","[""twin""]","[{""bed"": ""single"", ""count"": 2}]",2,50000.00,50000.00,https://ostrovok.ru/hotel/russia/western_siberia_irkutsk_oblast_multi/mid11200427/hotel_rodina_grand_hotel_spa_irkutsk_5
hotel_rodina_grand_hotel_spa_irkutsk_5,11200427,Двухместный Модерн Делюкс с красивым видом из окна (двуспальная кровать) (кровать king size),A602302000U,2,3,двуспальная кровать,"[""двуспальная кровать""]","[""double""]","[{""bed"": ""double"", ""count"": 1}]",2,50000.00,50000.00,https://ostrovok.ru/hotel/russia/western_siberia_irkutsk_oblast_multi/mid11200427/hotel_rodina_grand_hotel_spa_irkutsk_5
hotel_rodina_grand_hotel_spa_irkutsk_5,11200427,Двухместный джуниор сьют с красивым видом из окна (двуспальная кровать),4002302000U,2,1,двуспальная кровать,"[""двуспальная кровать""]","[""double""]","[{""bed"": ""double"", ""count"": 1}]",2,62000.00,62000.00,https://ostrovok.ru/hotel/russia/western_siberia_irkutsk_oblast_multi/mid11200427/hotel_rodina_grand_hotel_spa_irkutsk_5
hotel_rodina_grand_hotel_spa_irkutsk_5,11200427,Двухместные апартаменты Авангард с красивым видом из окна (двуспальная кровать),6B02302000U,2,1,двуспальная кровать,"[""двуспальная кровать""]","[""double""]","[{""bed"": ""double"", ""count"": 1}]",2,77000.00,77000.00,https://ostrovok.ru/hotel/russia/western_siberia_irkutsk_oblast_multi/mid11200427/hotel_rodina_grand_hotel_spa_irkutsk_5
hotel_rodina_grand_hotel_spa_irkutsk_5,11200427,Двухместный люкс Президентский с красивым видом из окна (двуспальная кровать),5902302000U,2,1,двуспальная кровать,"[""двуспальная кровать""]","[""double""]","[{""bed"": ""double"", ""count"": 1}]",2,200000.00,200000.00,https://ostrovok.ru/hotel/russia/western_siberia_irkutsk_oblast_multi/mid11200427/hotel_rodina_grand_hotel_spa_irkutsk_5
v_derevne_guest_house,11341246,Шестиместный номер Standard с видом на горы (внешняя собственная ванная комната),3203006000F,1,3,,,"[""nobedding""]",,1,2389.00,2389.00,https://ostrovok.ru/hotel/russia/western_siberia_irkutsk_oblast_multi/mid11341246/v_derevne_guest_house
shelest,8664834,Двухместный номер Standard с красивым видом из окна (2 отдельные кровати),3202402000U,2,3,2 отдельные кровати,"[""2 отдельные кровати""]","[""twin""]","[{""bed"": ""single"", ""count"": 2}]",2,4908.00,4960.00,https://ostrovok.ru/hotel/russia/western_siberia_irkutsk_oblast_multi/mid8664834/shelest
shelest,8664834,Двухместный номер Standard с красивым видом из окна (двуспальная кровать),3202302000U,2,2,двуспальная кровать,"[""двуспальная кровать""]","[""double""]","[{""bed"": ""double"", ""count"": 1}]",2,4908.00,4960.00,https://ostrovok.ru/hotel/russia/western_siberia_irkutsk_oblast_multi/mid8664834/shelest
irkutsk_city_lodge,7729360,Двухместный номер Economy (2 отдельные кровати) (без окна),3102402,2,1,2 отдельные кровати,"[""2 отдельные кровати""]","[""twin""]","[{""bed"": ""single"", ""count"": 2}]",2,3758.00,4253.00,https://ostrovok.ru/hotel/russia/western_siberia_irkutsk_oblast_multi/mid7729360/irkutsk_city_lodge
irkutsk_city_lodge,7729360,Двухместный номер Standard (2 отдельные кровати),3202402,2,1,2 отдельные кровати,"[""2 отдельные кровати""]","[""twin""]","[{""bed"": ""single"", ""count"": 2}]",2,3758.00,4253.00,https://ostrovok.ru/hotel/russia/western_siberia_irkutsk_oblast_multi/mid7729360/irkutsk_city_lodge
irkutsk_city_lodge,7729360,Двухместный номер Superior (двуспальная кровать) (джакузи),3502302,2,1,двуспальная кровать,"[""двуспальная кровать""]","[""double""]","[{""bed"": ""double"", ""count"": 1}]",2,4253.00,4945.00,https://ostrovok.ru/hotel/russia/western_siberia_irkutsk_oblast_multi/mid7729360/irkutsk_city_lodge
hotel_aziyayevropa,13393268,Двухместный номер Standard (2 отдельные кровати),3202402,1,3,2 отдельные кровати,"[""2 отдельные кровати""]","[""twin""]","[{""bed"": ""single"", ""count"": 2}]",2,5193.00,5193.00,https://ostrovok.ru/hotel/russia/western_siberia_irkutsk_oblast_multi/mid13393268/hotel_aziyayevropa
hotel_aziyayevropa,13393268,Двухместный номер Superior (2 отдельные кровати),3502402,1,1,2 отдельные кровати,"[""2 отдельные кровати""]","[""twin""]","[{""bed"": ""single"", ""count"": 2}]",2,7171.00,7171.00,https://ostrovok.ru/hotel/russia/western_siberia_irkutsk_oblast_multi/mid13393268/hotel_aziyayevropa
hotel_aziyayevropa,13393268,Двухместный номер Superior (двуспальная кровать),3502302,1,1,двуспальная кровать,"[""двуспальная кровать""]","[""double""]","[{""bed"": ""double"", ""count"": 1}]",2,7171.00,7171.00,https://ostrovok.ru/hotel/russia/western_siberia_irkutsk_oblast_multi/mid13393268/hotel_aziyayevropa
hotel_soyuz_2,8662950,Двухместный номер Standard (двуспальная кровать),3202302,2,21,двуспальная кровать,"[""двуспальная кровать""]","[""double""]","[{""bed"": ""double"", ""count"": 1}]",2,5600.00,5600.00,https://ostrovok.ru/hotel/russia/western_siberia_irkutsk_oblast_multi/mid8662950/hotel_soyuz_2
hotel_soyuz_2,8662950,Двухместный номер Superior (2 отдельные кровати),3502402,2,2,2 отдельные кровати,"[""2 отдельные кровати""]","[""twin""]","[{""bed"": ""single"", ""count"": 2}]",2,6600.00,6600.00,https://ostrovok.ru/hotel/russia/western_siberia_irkutsk_oblast_multi/mid8662950/hotel_soyuz_2
hotel_soyuz_2,8662950,Двухместный номер Superior (двуспальная кровать),3502302,2,14,двуспальная кровать,"[""двуспальная кровать""]","[""double""]","[{""bed"": ""double"", ""count"": 1}]",2,6600.00,6600.00,https://ostrovok.ru/hotel/russia/western_siberia_irkutsk_oblast_multi/mid8662950/hotel_soyuz_2
hotel_soyuz_2,8662950,Двухместный полулюкс (2 отдельные кровати),4002402,2,7,2 отдельные кровати,"[""2 отдельные кровати""]","[""twin""]","[{""bed"": ""single"", ""count"": 2}]",2,8200.00,8200.00,https://ostrovok.ru/hotel/russia/western_siberia_irkutsk_oblast_multi/mid8662950/hotel_soyuz_2
hotel_soyuz_2,8662950,Двухместный полулюкс (двуспальная кровать),4002302,2,4,двуспальная кровать,"[""двуспальная кровать""]","[""double""]","[{""bed"": ""double"", ""count"": 1}]",2,8200.00,8200.00,https://ostrovok.ru/hotel/russia/western_siberia_irkutsk_oblast_multi/mid8662950/hotel_soyuz_2
hotel_soyuz_2,8662950,Двухместный люкс (двуспальная кровать),5002302,2,7,двуспальная кровать,"[""двуспальная кровать""]","[""double""]","[{""bed"": ""double"", ""count"": 1}]",2,9300.00,9300.00,https://ostrovok.ru/hotel/russia/western_siberia_irkutsk_oblast_multi/mid8662950/hotel_soyuz_2
hotel_soyuz_2,8662950,Двухместный люкс (2 отдельные кровати),5002402,2,4,2 отдельные кровати,"[""2 отдельные кровати""]","[""twin""]","[{""bed"": ""single"", ""count"": 2}]",2,9300.00,9300.00,https://ostrovok.ru/hotel/russia/western_siberia_irkutsk_oblast_multi/mid8662950/hotel_soyuz_2
u_lukomorya_4,10009441,Номер Superior,3502,1,5,,,"[""nobedding""]",,1,9103.00,9103.00,https://ostrovok.ru/hotel/russia/western_siberia_irkutsk_oblast_multi/mid10009441/u_lukomorya_4
apartments_viking_khaus,13097492,"Четырёхместные апартаменты Дуплекс с 2 комнатами с видом на внутренний двор (диван, терраса)",600200402062,2,1,,,"[""sofa-bed""]",,4,19790.00,20000.00,https://ostrovok.ru/hotel/russia/western_siberia_irkutsk_oblast_multi/mid13097492/apartments_viking_khaus
recreation_centre_baikal_rainbow,6341048,Двухместный номер Standard (2 отдельные кровати),3202402,1,1,2 отдельные кровати,"[""2 отдельные кровати""]","[""twin""]","[{""bed"": ""single"", ""count"": 2}]",2,8047.00,8047.00,https://ostrovok.ru/hotel/russia/western_siberia_irkutsk_oblast_multi/mid6341048/recreation_centre_baikal_rainbow
recreation_centre_baikal_rainbow,6341048,Апартаменты,6002,2,1,,,"[""nobedding""]",,1,24300.00,24442.00,https://ostrovok.ru/hotel/russia/western_siberia_irkutsk_oblast_multi/mid6341048/recreation_centre_baikal_rainbow
royal_hotel_33,6362904,Одноместный номер Standard,3202001,2,1,,,"[""nobedding""]",,1,3913.00,4501.00,https://ostrovok.ru/hotel/russia/western_siberia_irkutsk_oblast_multi/mid6362904/royal_hotel_33
royal_hotel_33,6362904,Двухместный номер Standard с видом на город (2 отдельные кровати),32024020005,2,3,2 отдельные кровати,"[""2 отдельные кровати""]","[""twin""]","[{""bed"": ""single"", ""count"": 2}]",2,4358.00,4953.00,https://ostrovok.ru/hotel/russia/western_siberia_irkutsk_oblast_multi/mid6362904/royal_hotel_33
royal_hotel_33,6362904,Двухместный номер Standard с видом на город (двуспальная кровать),32023020005,2,2,двуспальная кровать,"[""двуспальная кровать""]","[""double""]","[{""bed"": ""double"", ""count"": 1}]",2,5151.00,5745.00,https://ostrovok.ru/hotel/russia/western_siberia_irkutsk_oblast_multi/mid6362904/royal_hotel_33
royal_hotel_33,6362904,Двухместный полулюкс (двуспальная кровать),4002302,2,1,двуспальная кровать,"[""двуспальная кровать""]","[""double""]","[{""bed"": ""double"", ""count"": 1}]",2,6538.00,7132.00,https://ostrovok.ru/hotel/russia/western_siberia_irkutsk_oblast_multi/mid6362904/royal_hotel_33
royal_hotel_33,6362904,Апартаменты с видом на город,60020000005,2,2,,,"[""nobedding""]",,1,8609.00,9196.00,https://ostrovok.ru/hotel/russia/western_siberia_irkutsk_oblast_multi/mid6362904/royal_hotel_33
baykal_khan_hotel_olkhon,6848973,Двухместный номер Standard с балконом и с красивым видом из окна (2 отдельные кровати),3202402001U,2,8,2 отдельные кровати,"[""2 отдельные кровати""]","[""twin""]","[{""bed"": ""single"", ""count"": 2}]",2,14589.00,14750.00,https://ostrovok.ru/hotel/russia/western_siberia_irkutsk_oblast_multi/mid6848973/baykal_khan_hotel_olkhon
baykal_khan_hotel_olkhon,6848973,Двухместный номер Standard с балконом и с красивым видом из окна (двуспальная кровать),3202302001U,2,1,двуспальная кровать,"[""двуспальная кровать""]","[""double""]","[{""bed"": ""double"", ""count"": 1}]",2,14589.00,14750.00,https://ostrovok.ru/hotel/russia/western_siberia_irkutsk_oblast_multi/mid6848973/baykal_khan_hotel_olkhon
u_istoka_hotel,7675302,Двухместный номер Standard (2 отдельные кровати),3202402,2,4,2 отдельные кровати,"[""2 отдельные кровати""]","[""twin""]","[{""bed"": ""single"", ""count"": 2}]",2,3400.00,4000.00,https://ostrovok.ru/hotel/russia/western_siberia_irkutsk_oblast_multi/mid7675302/u_istoka_hotel
u_istoka_hotel,7675302,Двухместный номер Standard (двуспальная кровать),3202302,2,4,двуспальная кровать,"[""двуспальная кровать""]","[""double""]","[{""bed"": ""double"", ""count"": 1}]",2,3400.00,4000.00,https://ostrovok.ru/hotel/russia/western_siberia_irkutsk_oblast_multi/mid7675302/u_istoka_hotel
u_istoka_hotel,7675302,Трёхместный номер Standard,3202003,2,3,,,"[""nobedding""]",,3,4300.00,5500.00,https://ostrovok.ru/hotel/russia/western_siberia_irkutsk_oblast_multi/mid7675302/u_istoka_hotel
u_istoka_hotel,7675302,Двухместный полулюкс (двуспальная кровать),4002302,2,3,двуспальная кровать,"[""двуспальная кровать""]","[""double""]","[{""bed"": ""double"", ""count"": 1}]",2,6100.00,6700.00,https://ostrovok.ru/hotel/russia/western_siberia_irkutsk_oblast_multi/mid7675302/u_istoka_hotel
gostinitsa_ustilim,7026078,Одноместный номер Эконом (общая ванная комната),3101001,2,6,,,"[""nobedding""]",,1,1750.00,1884.00,https://ostrovok.ru/hotel/russia/western_siberia_irkutsk_oblast_multi/mid7026078/gostinitsa_ustilim
gostinitsa_ustilim,7026078,Одноместный номер Стандарт,3202001,2,6,,,"[""nobedding""]",,1,4000.00,4307.00,https://ostrovok.ru/hotel/russia/western_siberia_irkutsk_oblast_multi/mid7026078/gostinitsa_ustilim
gostinitsa_ustilim,7026078,Одноместный номер Комфорт,3302001,2,8,,,"[""nobedding""]",,1,5300.00,5705.00,https://ostrovok.ru/hotel/russia/western_siberia_irkutsk_oblast_multi/mid7026078/gostinitsa_ustilim
gostinitsa_ustilim,7026078,Двухместный номер Стандарт (2 отдельные кровати),3202402,2,1,2 отдельные кровати,"[""2 отдельные кровати""]","[""twin""]","[{""bed"": ""single"", ""count"": 2}]",2,5400.00,5814.00,https://ostrovok.ru/hotel/russia/western_siberia_irkutsk_oblast_multi/mid7026078/gostinitsa_ustilim
gostinitsa_ustilim,7026078,Одноместный номер Улучшенный комфорт,3402001,2,5,,,"[""nobedding""]",,1,6000.00,6459.00,https://ostrovok.ru/hotel/russia/western_siberia_irkutsk_oblast_multi/mid7026078/gostinitsa_ustilim
recreation_complex_altan,7613629,Двухместный номер Standard с балконом (2 отдельные кровати),3202402001,1,2,2 отдельные кровати,"[""2 отдельные кровати""]","[""twin""]","[{""bed"": ""single"", ""count"": 2}]",2,24738.00,24738.00,https://ostrovok.ru/hotel/russia/western_siberia_irkutsk_oblast_multi/mid7613629/recreation_complex_altan
recreation_complex_altan,7613629,Двухместный номер Standard с балконом (двуспальная кровать),3202302001,1,2,двуспальная кровать,"[""двуспальная кровать""]","[""double""]","[{""bed"": ""double"", ""count"": 1}]",2,24738.00,24738.00,https://ostrovok.ru/hotel/russia/western_siberia_irkutsk_oblast_multi/mid7613629/recreation_complex_altan
recreation_complex_altan,7613629,Полулюкс с 2 комнатами с балконом и с красивым видом из окна,4002000021U,1,1,,,"[""nobedding""]",,1,37107.00,37107.00,https://ostrovok.ru/hotel/russia/western_siberia_irkutsk_oblast_multi/mid7613629/recreation_complex_altan
recreation_complex_altan,7613629,Люкс с 2 комнатами с балконом и с красивым видом из окна (диван),5002000021U,2,2,,,"[""sofa-bed""]",,1,43291.00,47025.00,https://ostrovok.ru/hotel/russia/western_siberia_irkutsk_oblast_multi/mid7613629/recreation_complex_altan
hotel_baikal_best_edelweiss,9991110,Двухместный номер Эконом Стандарт (двуспальная кровать),3102302,2,1,двуспальная кровать,"[""двуспальная кровать""]","[""double""]","[{""bed"": ""double"", ""count"": 1}]",2,6431.00,6756.00,https://ostrovok.ru/hotel/russia/western_siberia_irkutsk_oblast_multi/mid9991110/hotel_baikal_best_edelweiss
hotel_baikal_best_edelweiss,9991110,Двухместный номер (2 отдельные кровати),3202402,1,1,2 отдельные кровати,"[""2 отдельные кровати""]","[""twin""]","[{""bed"": ""single"", ""count"": 2}]",2,6926.00,6926.00,https://ostrovok.ru/hotel/russia/western_siberia_irkutsk_oblast_multi/mid9991110/hotel_baikal_best_edelweiss
hotel_baikal_best_edelweiss,9991110,Двухместный номер с диваном (2 отдельные кровати),32024021,1,3,2 отдельные кровати,"[""2 отдельные кровати""]","[""twin""]","[{""bed"": ""single"", ""count"": 2}]",2,6926.00,6926.00,https://ostrovok.ru/hotel/russia/western_siberia_irkutsk_oblast_multi/mid9991110/hotel_baikal_best_edelweiss
hotel_baikal_best_edelweiss,9991110,Двухместный номер с диваном (двуспальная кровать),32023021,1,1,двуспальная кровать,"[""двуспальная кровать""]","[""double""]","[{""bed"": ""double"", ""count"": 1}]",2,6926.00,6926.00,https://ostrovok.ru/hotel/russia/western_siberia_irkutsk_oblast_multi/mid9991110/hotel_baikal_best_edelweiss
hotel_baikal_best_edelweiss,9991110,Трёхместный номер,3202003,1,1,,,"[""nobedding""]",,3,7916.00,7916.00,https://ostrovok.ru/hotel/russia/western_siberia_irkutsk_oblast_multi/mid9991110/hotel_baikal_best_edelweiss
hotel_baikal_best_edelweiss,9991110,Четырёхместный номер семейный с 2 комнатами,320201402,1,1,,,"[""nobedding""]",,4,10093.00,10093.00,https://ostrovok.ru/hotel/russia/western_siberia_irkutsk_oblast_multi/mid9991110/hotel_baikal_best_edelweiss
hotel_baikal_best_edelweiss,9991110,Пятиместный номер семейный с 2 комнатами,320201502,1,1,,,"[""nobedding""]",,3,11379.00,11379.00,https://ostrovok.ru/hotel/russia/western_siberia_irkutsk_oblast_multi/mid9991110/hotel_baikal_best_edelweiss
hotel_baikal_best_edelweiss,9991110,"Двухместный люкс с диваном c 1 комнатой (двуспальная кровать) (тип кровати может измениться, в главном здании)",500230211,1,1,двуспальная кровать,"[""двуспальная кровать""]","[""double""]","[{""bed"": ""double"", ""count"": 1}]",2,13514.00,13514.00,https://ostrovok.ru/hotel/russia/western_siberia_irkutsk_oblast_multi/mid9991110/hotel_baikal_best_edelweiss
gloria_20,8854283,Двухместный номер Standard (2 отдельные кровати),3202402,1,3,2 отдельные кровати,"[""2 отдельные кровати""]","[""twin""]","[{""bed"": ""single"", ""count"": 2}]",2,6530.00,6530.00,https://ostrovok.ru/hotel/russia/western_siberia_irkutsk_oblast_multi/mid8854283/gloria_20
bajkalkemp,8742801,Четырёхместный номер Economy (общая ванная комната),3101004,1,1,,,"[""nobedding""]",,4,1683.00,1683.00,https://ostrovok.ru/hotel/russia/western_siberia_irkutsk_oblast_multi/mid8742801/bajkalkemp
saturn_8,9291161,Двухместный номер Standard (двуспальная кровать) (тип кровати может измениться),3202302,8,1,двуспальная кровать,"[""двуспальная кровать""]","[""double""]","[{""bed"": ""double"", ""count"": 1}]",2,3000.00,3639.00,https://ostrovok.ru/hotel/russia/western_siberia_irkutsk_oblast_multi/mid9291161/saturn_8
saturn_8,9291161,Двухместная студия (двуспальная кровать),7002302,8,2,двуспальная кровать,"[""двуспальная кровать""]","[""double""]","[{""bed"": ""double"", ""count"": 1}]",2,3500.00,4158.00,https://ostrovok.ru/hotel/russia/western_siberia_irkutsk_oblast_multi/mid9291161/saturn_8
khoromy_recreation_camp,13284761,Двухместный номер Standard (2 отдельные кровати),3202402,1,16,2 отдельные кровати,"[""2 отдельные кровати""]","[""twin""]","[{""bed"": ""single"", ""count"": 2}]",2,12500.00,12500.00,https://ostrovok.ru/hotel/russia/western_siberia_irkutsk_oblast_multi/mid13284761/khoromy_recreation_camp
khoromy_recreation_camp,13284761,Двухместные апартаменты с 2 комнатами (двуспальная кровать),600230202,1,3,двуспальная кровать,"[""двуспальная кровать""]","[""double""]","[{""bed"": ""double"", ""count"": 1}]",2,15000.00,15000.00,https://ostrovok.ru/hotel/russia/western_siberia_irkutsk_oblast_multi/mid13284761/khoromy_recreation_camp
khoromy_recreation_camp,13284761,Люкс с балконом,5002000001,1,9,,,"[""nobedding""]",,1,16500.00,16500.00,https://ostrovok.ru/hotel/russia/western_siberia_irkutsk_oblast_multi/mid13284761/khoromy_recreation_camp
baikal_capsule_hostel,8881125,Кровать в общем номере (общая ванная комната) (8 кроватей),1001,1,8,,,"[""nobedding""]",,1,1188.00,1188.00,https://ostrovok.ru/hotel/russia/western_siberia_irkutsk_oblast_multi/mid8881125/baikal_capsule_hostel
gostevoj_dom_endemik,10012407,Двухместный номер Standard (двуспальная кровать) (тип кровати может измениться),3202302,2,1,двуспальная кровать,"[""двуспальная кровать""]","[""double""]","[{""bed"": ""double"", ""count"": 1}]",2,8610.00,8900.00,https://ostrovok.ru/hotel/russia/western_siberia_irkutsk_oblast_multi/mid10012407/gostevoj_dom_endemik
gostevoj_dom_endemik,10012407,Двухместный номер Economy (2 отдельные кровати),3102402,2,1,2 отдельные кровати,"[""2 отдельные кровати""]","[""twin""]","[{""bed"": ""single"", ""count"": 2}]",2,8610.00,8900.00,https://ostrovok.ru/hotel/russia/western_siberia_irkutsk_oblast_multi/mid10012407/gostevoj_dom_endemik
gostevoj_dom_endemik,10012407,Двухместный номер Standard с балконом (двуспальная кровать),3202302001,1,1,двуспальная кровать,"[""двуспальная кровать""]","[""double""]","[{""bed"": ""double"", ""count"": 1}]",2,8728.00,8728.00,https://ostrovok.ru/hotel/russia/western_siberia_irkutsk_oblast_multi/mid10012407/gostevoj_dom_endemik
gostevoj_dom_endemik,10012407,Двухместный номер Standard с балконом (2 отдельные кровати),3202402001,1,1,2 отдельные кровати,"[""2 отдельные кровати""]","[""twin""]","[{""bed"": ""single"", ""count"": 2}]",2,8728.00,8728.00,https://ostrovok.ru/hotel/russia/western_siberia_irkutsk_oblast_multi/mid10012407/gostevoj_dom_endemik
gostevoj_dom_endemik,10012407,Двухместный полулюкс (2 отдельные кровати),4002402,2,1,2 отдельные кровати,"[""2 отдельные кровати""]","[""twin""]","[{""bed"": ""single"", ""count"": 2}]",2,9675.00,10000.00,https://ostrovok.ru/hotel/russia/western_siberia_irkutsk_oblast_multi/mid10012407/gostevoj_dom_endemik
gostevoj_dom_endemik,10012407,Трёхместный номер Superior с балконом,3502003001,1,1,,,"[""nobedding""]",,3,9719.00,9719.00,https://ostrovok.ru/hotel/russia/western_siberia_irkutsk_oblast_multi/mid10012407/gostevoj_dom_endemik
gostevoj_dom_endemik,10012407,Полулюкс с балконом,4002000001,1,1,,,"[""nobedding""]",,1,10116.00,10116.00,https://ostrovok.ru/hotel/russia/western_siberia_irkutsk_oblast_multi/mid10012407/gostevoj_dom_endemik
gostevoj_dom_endemik,10012407,Апартаменты с 2 комнатами с балконом (внешняя собственная ванная комната),6003000021,1,1,,,"[""nobedding""]",,1,10116.00,10116.00,https://ostrovok.ru/hotel/russia/western_siberia_irkutsk_oblast_multi/mid10012407/gostevoj_dom_endemik
gostevoj_dom_endemik,10012407,Люкс с балконом и с видом на море,5002000001O,1,1,,,"[""nobedding""]",,1,10116.00,10116.00,https://ostrovok.ru/hotel/russia/western_siberia_irkutsk_oblast_multi/mid10012407/gostevoj_dom_endemik
gostevoj_dom_endemik,10012407,Студия с балконом (внешняя собственная ванная комната),7003000001,1,1,,,"[""nobedding""]",,1,10116.00,10116.00,https://ostrovok.ru/hotel/russia/western_siberia_irkutsk_oblast_multi/mid10012407/gostevoj_dom_endemik
gostevoj_dom_endemik,10012407,Люкс с 2 комнатами,500200002,2,1,,,"[""nobedding""]",,1,13546.00,14000.00,https://ostrovok.ru/hotel/russia/western_siberia_irkutsk_oblast_multi/mid10012407/gostevoj_dom_endemik
gostevoj_dom_endemik,10012407,Люкс Мансарда,500200000004,2,1,,,"[""nobedding""]",,1,13546.00,14000.00,https://ostrovok.ru/hotel/russia/western_siberia_irkutsk_oblast_multi/mid10012407/gostevoj_dom_endemik
aleksandrovskij_dvor,10010389,Номер Standard,3202,2,3,,,"[""nobedding""]",,1,5689.00,5750.00,https://ostrovok.ru/hotel/russia/western_siberia_irkutsk_oblast_multi/mid10010389/aleksandrovskij_dvor
gostevoy_dom_isiger_baikal,11254237,Семейный номер Classic с красивым видом из окна,3B02010000U,1,1,,,"[""nobedding""]",,3,7025.00,7025.00,https://ostrovok.ru/hotel/russia/western_siberia_irkutsk_oblast_multi/mid11254237/gostevoy_dom_isiger_baikal
komilfo_2,9768630,Номер № 6 (джакузи),3502,2,1,,,"[""nobedding""]",,1,4953.00,5000.00,https://ostrovok.ru/hotel/russia/western_siberia_irkutsk_oblast_multi/mid9768630/komilfo_2
komilfo_2,9768630,Номер № 4 Трехкомнатный,360200003,2,1,,,"[""nobedding""]",,1,4953.00,5000.00,https://ostrovok.ru/hotel/russia/western_siberia_irkutsk_oblast_multi/mid9768630/komilfo_2
komilfo_2,9768630,Номер № 1 Двухкомнатный,370200002,2,1,,,"[""nobedding""]",,1,4953.00,5000.00,https://ostrovok.ru/hotel/russia/western_siberia_irkutsk_oblast_multi/mid9768630/komilfo_2
komilfo_2,9768630,Номер Однокомнатный № 14,3202,2,2,,,"[""nobedding""]",,1,5000.00,5303.00,https://ostrovok.ru/hotel/russia/western_siberia_irkutsk_oblast_multi/mid9768630/komilfo_2
hotelclub_ice,9679208,Шале,B002,4,2,,,"[""nobedding""]",,1,15000.00,40590.00,https://ostrovok.ru/hotel/russia/western_siberia_irkutsk_oblast_multi/mid9679208/hotelclub_ice
spektr_2,8854293,Одноместный номер Standard (односпальная кровать),3202201,4,2,односпальная кровать,"[""односпальная кровать""]","[""nobedding""]","[{""bed"": ""single"", ""count"": 1}]",1,3031.00,3924.00,https://ostrovok.ru/hotel/russia/western_siberia_irkutsk_oblast_multi/mid8854293/spektr_2
spektr_2,8854293,Двухместный номер Standard (2 отдельные кровати),3202402,4,1,2 отдельные кровати,"[""2 отдельные кровати""]","[""twin""]","[{""bed"": ""single"", ""count"": 2}]",2,3129.00,4022.00,https://ostrovok.ru/hotel/russia/western_siberia_irkutsk_oblast_multi/mid8854293/spektr_2
spektr_2,8854293,Трёхместный номер Standard (3 отдельные кровати),3202703,4,2,3 отдельные кровати,"[""3 отдельные кровати""]","[""nobedding""]","[{""bed"": ""single"", ""count"": 3}]",3,4889.00,5782.00,https://ostrovok.ru/hotel/russia/western_siberia_irkutsk_oblast_multi/mid8854293/spektr_2
loft_house_38_guest_house,13330745,Апартаменты (терраса),6002,1,3,,,"[""nobedding""]",,1,14842.00,14842.00,https://ostrovok.ru/hotel/russia/western_siberia_irkutsk_oblast_multi/mid13330745/loft_house_38_guest_house
loft_house_38_guest_house,13330745,Семейный люкс,500201,1,1,,,"[""nobedding""]",,3,14842.00,14842.00,https://ostrovok.ru/hotel/russia/western_siberia_irkutsk_oblast_multi/mid13330745/loft_house_38_guest_house
lenatour,8752255,Двухместный номер Standard (общая ванная комната) (двуспальная кровать),3201302,2,1,двуспальная кровать,"[""двуспальная кровать""]","[""double""]","[{""bed"": ""double"", ""count"": 1}]",2,3096.00,3100.00,https://ostrovok.ru/hotel/russia/western_siberia_irkutsk_oblast_multi/mid8752255/lenatour
lenatour,8752255,Трёхместный номер Standard (общая ванная комната),3201003,2,1,,,"[""nobedding""]",,3,6000.00,6627.00,https://ostrovok.ru/hotel/russia/western_siberia_irkutsk_oblast_multi/mid8752255/lenatour
lenatour,8752255,Четырёхместный номер Standard (общая ванная комната),3201004,2,1,,,"[""nobedding""]",,4,7990.00,8000.00,https://ostrovok.ru/hotel/russia/western_siberia_irkutsk_oblast_multi/mid8752255/lenatour
olkhon_2,13368018,Двухместный номер Economy (2 отдельные кровати) (в дополнительном здании),3102402,1,4,2 отдельные кровати,"[""2 отдельные кровати""]","[""twin""]","[{""bed"": ""single"", ""count"": 2}]",2,5445.00,5445.00,https://ostrovok.ru/hotel/russia/western_siberia_irkutsk_oblast_multi/mid13368018/olkhon_2
olkhon_2,13368018,Трёхместный номер Standard (3 отдельные кровати) (в дополнительном здании),3202703,1,17,3 отдельные кровати,"[""3 отдельные кровати""]","[""nobedding""]","[{""bed"": ""single"", ""count"": 3}]",3,5445.00,5445.00,https://ostrovok.ru/hotel/russia/western_siberia_irkutsk_oblast_multi/mid13368018/olkhon_2
olkhon_2,13368018,Трёхместное бунгало Superior (3 отдельные кровати) (в дополнительном здании),A502703,1,9,3 отдельные кровати,"[""3 отдельные кровати""]","[""nobedding""]","[{""bed"": ""single"", ""count"": 3}]",3,5939.00,5939.00,https://ostrovok.ru/hotel/russia/western_siberia_irkutsk_oblast_multi/mid13368018/olkhon_2
siberia_9,13369836,Кровать в общем номере (общая ванная комната) (2 кровати),1001,1,2,,,"[""nobedding""]",,1,2178.00,2178.00,https://ostrovok.ru/hotel/russia/western_siberia_irkutsk_oblast_multi/mid13369836/siberia_9
siberia_9,13369836,Двухместный номер Standard (общая ванная комната) (2 отдельные кровати),3201402,1,3,2 отдельные кровати,"[""2 отдельные кровати""]","[""twin""]","[{""bed"": ""single"", ""count"": 2}]",2,4158.00,4158.00,https://ostrovok.ru/hotel/russia/western_siberia_irkutsk_oblast_multi/mid13369836/siberia_9
siberia_9,13369836,Одноместный номер Standard (общая ванная комната),3201001,1,1,,,"[""nobedding""]",,1,4158.00,4158.00,https://ostrovok.ru/hotel/russia/western_siberia_irkutsk_oblast_multi/mid13369836/siberia_9
lakeplacebaykal_living_quarters,13935081,Двухместный номер Comfort с балконом и с видом на озеро (двуспальная кровать) (тип кровати может измениться),3302302001D,1,2,двуспальная кровать,"[""двуспальная кровать""]","[""double""]","[{""bed"": ""double"", ""count"": 1}]",2,9895.00,9895.00,https://ostrovok.ru/hotel/russia/western_siberia_irkutsk_oblast_multi/mid13935081/lakeplacebaykal_living_quarters
lakeplacebaykal_living_quarters,13935081,Двухместный номер Comfort с балконом и с видом на озеро (2 отдельные кровати) (тип кровати может измениться),3302402001D,1,2,2 отдельные кровати,"[""2 отдельные кровати""]","[""twin""]","[{""bed"": ""single"", ""count"": 2}]",2,9895.00,9895.00,https://ostrovok.ru/hotel/russia/western_siberia_irkutsk_oblast_multi/mid13935081/lakeplacebaykal_living_quarters
glempingotel_yolki_recreation_camp,13723450,Шале с 2 комнатами с красивым видом из окна,B002000020U,1,2,,,"[""nobedding""]",,1,14842.00,14842.00,https://ostrovok.ru/hotel/russia/western_siberia_irkutsk_oblast_multi/mid13723450/glempingotel_yolki_recreation_camp
glempingotel_yolki_recreation_camp,13723450,Шале с 2 комнатами с видом на внутренний двор,B0020000206,1,2,,,"[""nobedding""]",,1,14842.00,14842.00,https://ostrovok.ru/hotel/russia/western_siberia_irkutsk_oblast_multi/mid13723450/glempingotel_yolki_recreation_camp
rezidentsii_rodina_irkutsk,13678434,Дом Курбатова Superior Classic с видом на город,95020000005,2,9,,,"[""nobedding""]",,1,28000.00,28000.00,https://ostrovok.ru/hotel/russia/western_siberia_irkutsk_oblast_multi/mid13678434/rezidentsii_rodina_irkutsk
rezidentsii_rodina_irkutsk,13678434,Дом Курбатова Deluxe Classic с видом на город,96020000005,2,3,,,"[""nobedding""]",,1,32500.00,32500.00,https://ostrovok.ru/hotel/russia/western_siberia_irkutsk_oblast_multi/mid13678434/rezidentsii_rodina_irkutsk
rezidentsii_rodina_irkutsk,13678434,Апартаменты Дом Русанова с видом на внутренний двор,60020000006,2,1,,,"[""nobedding""]",,1,58000.00,58000.00,https://ostrovok.ru/hotel/russia/western_siberia_irkutsk_oblast_multi/mid13678434/rezidentsii_rodina_irkutsk
svetly_aparthotel,10360693,Двухместный номер Standard (2 отдельные кровати),3202402,2,2,2 отдельные кровати,"[""2 отдельные кровати""]","[""twin""]","[{""bed"": ""single"", ""count"": 2}]",2,4500.00,4500.00,https://ostrovok.ru/hotel/russia/western_siberia_irkutsk_oblast_multi/mid10360693/svetly_aparthotel
svetly_aparthotel,10360693,Двухместный номер Standard (двуспальная кровать),3202302,2,3,двуспальная кровать,"[""двуспальная кровать""]","[""double""]","[{""bed"": ""double"", ""count"": 1}]",2,4500.00,4500.00,https://ostrovok.ru/hotel/russia/western_siberia_irkutsk_oblast_multi/mid10360693/svetly_aparthotel
hotel_baikal_krai,13918062,Коттедж Superior (в дополнительном здании),9502,1,1,,,"[""nobedding""]",,1,7227.00,7227.00,https://ostrovok.ru/hotel/russia/western_siberia_irkutsk_oblast_multi/mid13918062/hotel_baikal_krai
hotel_baikal_krai,13918062,Семейный номер Superior (в главном здании),350201,1,1,,,"[""nobedding""]",,3,7227.00,7227.00,https://ostrovok.ru/hotel/russia/western_siberia_irkutsk_oblast_multi/mid13918062/hotel_baikal_krai
hotel_arakhis,13963961,Номер Standard с видом на город,32020000005,3,2,,,"[""nobedding""]",,1,4228.00,4500.00,https://ostrovok.ru/hotel/russia/western_siberia_irkutsk_oblast_multi/mid13963961/hotel_arakhis
